unit,period,outcome,first_treat,dose,true_att
0,1,1.5979787598148583,0,0.0,0.0
0,2,2.7325304429378487,0,0.0,0.0
0,3,3.8673512566610713,0,0.0,0.0
0,4,1.9005604084462409,0,0.0,0.0
0,5,4.9627579001085556,0,0.0,0.0
0,6,7.128839245594696,0,0.0,0.0
0,7,5.2724934849519345,0,0.0,0.0
0,8,6.485739640126037,0,0.0,0.0
1,1,1.0348003907439947,0,0.0,0.0
1,2,0.34592519759159873,0,0.0,0.0
1,3,0.42891850908711215,0,0.0,0.0
1,4,-0.7658577061031568,0,0.0,0.0
1,5,2.6508694170135687,0,0.0,0.0
1,6,2.396710287889698,0,0.0,0.0
1,7,1.9971948462304336,0,0.0,0.0
1,8,3.636475407896289,0,0.0,0.0
2,1,-2.145307797348489,0,0.0,0.0
2,2,-1.5900535716578332,0,0.0,0.0
2,3,0.044663715566400586,0,0.0,0.0
2,4,-1.4000098518661521,0,0.0,0.0
2,5,1.4856878455314508,0,0.0,0.0
2,6,-0.4593136036607113,0,0.0,0.0
2,7,0.7756711511024286,0,0.0,0.0
2,8,3.8613187535242695,0,0.0,0.0
3,1,1.5134456792153643,0,0.0,0.0
3,2,0.9836949100683822,0,0.0,0.0
3,3,0.4455607020717256,0,0.0,0.0
3,4,1.356818610873049,0,0.0,0.0
3,5,2.4593662321586383,0,0.0,0.0
3,6,2.9236141499125403,0,0.0,0.0
3,7,3.2952199879469792,0,0.0,0.0
3,8,3.8552584034887576,0,0.0,0.0
4,1,2.3839721331775845,0,0.0,0.0
4,2,1.656368507242686,0,0.0,0.0
4,3,3.0818365007218658,0,0.0,0.0
4,4,5.012971296869546,0,0.0,0.0
4,5,3.230012945331582,0,0.0,0.0
4,6,4.90879173134342,0,0.0,0.0
4,7,4.7785933141118555,0,0.0,0.0
4,8,6.209697672280811,0,0.0,0.0
5,1,-1.840550813296628,0,0.0,0.0
5,2,0.5254760327448593,0,0.0,0.0
5,3,0.05466552196044405,0,0.0,0.0
5,4,-1.263720798007021,0,0.0,0.0
5,5,1.2193103793838889,0,0.0,0.0
5,6,0.27343051150812725,0,0.0,0.0
5,7,0.9710859963926567,0,0.0,0.0
5,8,2.361901387877312,0,0.0,0.0
6,1,-1.812897187573032,0,0.0,0.0
6,2,0.07170604848005813,0,0.0,0.0
6,3,-1.0956598293562925,0,0.0,0.0
6,4,-0.4400963204342604,0,0.0,0.0
6,5,0.02247933860899398,0,0.0,0.0
6,6,0.6132114838020639,0,0.0,0.0
6,7,2.7780417877049155,0,0.0,0.0
6,8,2.807646525767406,0,0.0,0.0
7,1,3.327041872560518,0,0.0,0.0
7,2,4.384742122447701,0,0.0,0.0
7,3,1.586380886616107,0,0.0,0.0
7,4,3.187517045875736,0,0.0,0.0
7,5,2.440897601905014,0,0.0,0.0
7,6,3.3394919908001803,0,0.0,0.0
7,7,3.987015408292778,0,0.0,0.0
7,8,4.059943044410173,0,0.0,0.0
8,1,-0.9949595043600148,0,0.0,0.0
8,2,0.412643390018144,0,0.0,0.0
8,3,-0.15979064984800817,0,0.0,0.0
8,4,2.399054727676032,0,0.0,0.0
8,5,1.1391742311208848,0,0.0,0.0
8,6,5.366496738634791,0,0.0,0.0
8,7,2.605543317574004,0,0.0,0.0
8,8,3.6289454104554513,0,0.0,0.0
9,1,0.4996281969529135,0,0.0,0.0
9,2,4.0010611395465885,0,0.0,0.0
9,3,3.914470062221865,0,0.0,0.0
9,4,3.5918852521550613,0,0.0,0.0
9,5,2.4481668326393833,0,0.0,0.0
9,6,4.505636259143569,0,0.0,0.0
9,7,3.6735383354016937,0,0.0,0.0
9,8,6.75732464489231,0,0.0,0.0
10,1,1.281901148262579,0,0.0,0.0
10,2,1.0681454548971425,0,0.0,0.0
10,3,-0.9636692468379158,0,0.0,0.0
10,4,0.989290437750376,0,0.0,0.0
10,5,3.160467548009279,0,0.0,0.0
10,6,4.185590108132562,0,0.0,0.0
10,7,4.581876227901538,0,0.0,0.0
10,8,2.3806934141679514,0,0.0,0.0
11,1,2.204879602992038,0,0.0,0.0
11,2,3.4188425126620636,0,0.0,0.0
11,3,1.244991730596889,0,0.0,0.0
11,4,3.3954227808058977,0,0.0,0.0
11,5,4.17716969448759,0,0.0,0.0
11,6,4.102562711332399,0,0.0,0.0
11,7,3.051165440777932,0,0.0,0.0
11,8,5.077629186105405,0,0.0,0.0
12,1,-1.8974616583363058,0,0.0,0.0
12,2,-1.218228632629036,0,0.0,0.0
12,3,-1.1336276535063514,0,0.0,0.0
12,4,-0.513168381322749,0,0.0,0.0
12,5,0.3901374895717403,0,0.0,0.0
12,6,1.3722983768884294,0,0.0,0.0
12,7,1.125417009062051,0,0.0,0.0
12,8,1.5201948435507164,0,0.0,0.0
13,1,0.5681847366779232,0,0.0,0.0
13,2,-0.9450852274717164,0,0.0,0.0
13,3,1.9528658256499232,0,0.0,0.0
13,4,1.9752676013005062,0,0.0,0.0
13,5,2.515524225021027,0,0.0,0.0
13,6,3.936565006017929,0,0.0,0.0
13,7,1.5230151683752169,0,0.0,0.0
13,8,2.0019968285645016,0,0.0,0.0
14,1,0.3524238165972059,0,0.0,0.0
14,2,0.5715031161451706,0,0.0,0.0
14,3,1.2487969144656186,0,0.0,0.0
14,4,1.1164928961012408,0,0.0,0.0
14,5,2.7429736455136173,0,0.0,0.0
14,6,3.511258814264806,0,0.0,0.0
14,7,3.5626022652252134,0,0.0,0.0
14,8,3.317791512869103,0,0.0,0.0
15,1,-4.039471235822664,0,0.0,0.0
15,2,-0.6625456401711333,0,0.0,0.0
15,3,0.2899468180093314,0,0.0,0.0
15,4,0.21277656377571863,0,0.0,0.0
15,5,-0.8114242755757679,0,0.0,0.0
15,6,1.2420125454594966,0,0.0,0.0
15,7,1.9287478597531842,0,0.0,0.0
15,8,3.1270343995908245,0,0.0,0.0
16,1,-3.5030658199653346,0,0.0,0.0
16,2,-2.3534104802815152,0,0.0,0.0
16,3,-0.8796838445939217,0,0.0,0.0
16,4,-1.069545824299219,0,0.0,0.0
16,5,-1.7442834977886517,0,0.0,0.0
16,6,0.28766038928932613,0,0.0,0.0
16,7,0.9517057380777898,0,0.0,0.0
16,8,0.9610070005936251,0,0.0,0.0
17,1,2.0910829977292678,0,0.0,0.0
17,2,2.1127921688635936,0,0.0,0.0
17,3,4.349777006265382,0,0.0,0.0
17,4,2.470805886836647,0,0.0,0.0
17,5,3.2841773077855447,0,0.0,0.0
17,6,4.382483584076849,0,0.0,0.0
17,7,5.750452098250216,0,0.0,0.0
17,8,3.874124900454787,0,0.0,0.0
18,1,-1.5122015142013954,0,0.0,0.0
18,2,-1.739633272170674,0,0.0,0.0
18,3,0.8307904608173147,0,0.0,0.0
18,4,0.17978941835749995,0,0.0,0.0
18,5,1.413545125546127,0,0.0,0.0
18,6,2.959473425455752,0,0.0,0.0
18,7,2.1565525147811972,0,0.0,0.0
18,8,3.5293772583074086,0,0.0,0.0
19,1,-1.843898471046381,0,0.0,0.0
19,2,-0.37244624819822225,0,0.0,0.0
19,3,-0.0694324959466503,0,0.0,0.0
19,4,-0.736494259469269,0,0.0,0.0
19,5,0.2867876833048883,0,0.0,0.0
19,6,1.9991828344258353,0,0.0,0.0
19,7,1.8488163069594379,0,0.0,0.0
19,8,0.5584773789542095,0,0.0,0.0
20,1,0.9632601873247182,0,0.0,0.0
20,2,-0.27696849628290265,0,0.0,0.0
20,3,2.7201551961143418,0,0.0,0.0
20,4,2.8317409659943604,0,0.0,0.0
20,5,2.597527602071736,0,0.0,0.0
20,6,2.9648749695895287,0,0.0,0.0
20,7,3.0986098701259155,0,0.0,0.0
20,8,4.486166077553364,0,0.0,0.0
21,1,2.3852595452365435,0,0.0,0.0
21,2,3.491607585338499,0,0.0,0.0
21,3,4.627972081218056,0,0.0,0.0
21,4,3.6942311711730156,0,0.0,0.0
21,5,4.139844974707911,0,0.0,0.0
21,6,4.0616722339741465,0,0.0,0.0
21,7,4.6915649685724325,0,0.0,0.0
21,8,4.427642403257103,0,0.0,0.0
22,1,-3.331646901728316,0,0.0,0.0
22,2,-1.752561148661075,0,0.0,0.0
22,3,-1.6361467472735403,0,0.0,0.0
22,4,-4.1875601793703625,0,0.0,0.0
22,5,-1.3366210191876458,0,0.0,0.0
22,6,-0.1393693408202894,0,0.0,0.0
22,7,-1.51828567148251,0,0.0,0.0
22,8,-0.4600282600937964,0,0.0,0.0
23,1,-4.501170430611323,0,0.0,0.0
23,2,-1.7265412118300112,0,0.0,0.0
23,3,-2.5568371092413704,0,0.0,0.0
23,4,-0.7936423618951383,0,0.0,0.0
23,5,-2.0544803019955333,0,0.0,0.0
23,6,0.5495808446709431,0,0.0,0.0
23,7,1.531235295620037,0,0.0,0.0
23,8,0.22354275847817962,0,0.0,0.0
24,1,-2.48269546520097,0,0.0,0.0
24,2,-3.0017959263405163,0,0.0,0.0
24,3,-0.6121864178657122,0,0.0,0.0
24,4,-0.4273668180721403,0,0.0,0.0
24,5,-0.8967922961385899,0,0.0,0.0
24,6,1.6072458725216365,0,0.0,0.0
24,7,1.2042567343448156,0,0.0,0.0
24,8,1.0784911575642324,0,0.0,0.0
25,1,2.8677853278002106,0,0.0,0.0
25,2,4.9936622723702735,0,0.0,0.0
25,3,5.0252946771958795,0,0.0,0.0
25,4,4.792331671942168,0,0.0,0.0
25,5,6.0414627519055095,0,0.0,0.0
25,6,4.761445777053918,0,0.0,0.0
25,7,6.454727834167688,0,0.0,0.0
25,8,7.0696800639271276,0,0.0,0.0
26,1,0.5953374573398662,0,0.0,0.0
26,2,2.000632301796011,0,0.0,0.0
26,3,1.2847405111941415,0,0.0,0.0
26,4,3.074994673614711,0,0.0,0.0
26,5,3.6170327373698847,0,0.0,0.0
26,6,0.6480140851415266,0,0.0,0.0
26,7,5.255479669348711,0,0.0,0.0
26,8,1.5175414004858387,0,0.0,0.0
27,1,1.4185854553663282,0,0.0,0.0
27,2,3.5599825151802085,0,0.0,0.0
27,3,2.717347755670013,0,0.0,0.0
27,4,2.0684484984529115,0,0.0,0.0
27,5,2.9408974192057826,0,0.0,0.0
27,6,5.561540227243073,0,0.0,0.0
27,7,3.113129950373815,0,0.0,0.0
27,8,6.663625581884471,0,0.0,0.0
28,1,-1.8354239372947503,0,0.0,0.0
28,2,-2.4727171686948948,0,0.0,0.0
28,3,-1.3634369105551523,0,0.0,0.0
28,4,-1.2975461793541023,0,0.0,0.0
28,5,1.0859033626060675,0,0.0,0.0
28,6,1.4521059715103772,0,0.0,0.0
28,7,-0.4994829721285077,0,0.0,0.0
28,8,1.3160860432282049,0,0.0,0.0
29,1,-2.6022574128853293,0,0.0,0.0
29,2,0.05443821791831782,0,0.0,0.0
29,3,-2.0891708686674733,0,0.0,0.0
29,4,1.3651573541439614,0,0.0,0.0
29,5,0.22763350994200998,0,0.0,0.0
29,6,-0.40100615692114006,0,0.0,0.0
29,7,0.5836540654496697,0,0.0,0.0
29,8,0.959309408690497,0,0.0,0.0
30,1,0.12100903142991482,0,0.0,0.0
30,2,1.9904542931757965,0,0.0,0.0
30,3,1.1677118827535777,0,0.0,0.0
30,4,0.7152612247072323,0,0.0,0.0
30,5,3.015950962597248,0,0.0,0.0
30,6,2.0927712370275384,0,0.0,0.0
30,7,3.6434665653779006,0,0.0,0.0
30,8,3.986524544842065,0,0.0,0.0
31,1,-0.2546674101549211,0,0.0,0.0
31,2,3.1175117634610467,0,0.0,0.0
31,3,1.672960229040464,0,0.0,0.0
31,4,2.361919670866225,0,0.0,0.0
31,5,0.8401503655285985,0,0.0,0.0
31,6,2.462585528233971,0,0.0,0.0
31,7,3.8318512918124052,0,0.0,0.0
31,8,3.0920197489578864,0,0.0,0.0
32,1,2.5055404812462383,0,0.0,0.0
32,2,0.8947810518272228,0,0.0,0.0
32,3,2.3111115018630772,0,0.0,0.0
32,4,2.5114259977526943,0,0.0,0.0
32,5,3.761798297110169,0,0.0,0.0
32,6,3.456987565872827,0,0.0,0.0
32,7,4.3265840106573155,0,0.0,0.0
32,8,4.8613475459502675,0,0.0,0.0
33,1,-0.6097297392482053,0,0.0,0.0
33,2,1.1097518866402085,0,0.0,0.0
33,3,1.363046392980521,0,0.0,0.0
33,4,1.5360440728899283,0,0.0,0.0
33,5,1.6941996846811376,0,0.0,0.0
33,6,3.4212020486630927,0,0.0,0.0
33,7,2.8888237743289142,0,0.0,0.0
33,8,3.3179607303171585,0,0.0,0.0
34,1,1.1609774827973798,0,0.0,0.0
34,2,3.2528741358801048,0,0.0,0.0
34,3,0.7159312448880499,0,0.0,0.0
34,4,3.3261443459646083,0,0.0,0.0
34,5,1.1631162916711488,0,0.0,0.0
34,6,3.773560611137878,0,0.0,0.0
34,7,5.631370280517985,0,0.0,0.0
34,8,5.044955977376562,0,0.0,0.0
35,1,0.9868632483500112,0,0.0,0.0
35,2,0.7557887010071428,0,0.0,0.0
35,3,1.8472853702987726,0,0.0,0.0
35,4,2.064175354406862,0,0.0,0.0
35,5,2.0302615618788633,0,0.0,0.0
35,6,3.026362554335349,0,0.0,0.0
35,7,4.014619330436658,0,0.0,0.0
35,8,3.5490211012795783,0,0.0,0.0
36,1,1.249252957485167,0,0.0,0.0
36,2,1.1952913405776766,0,0.0,0.0
36,3,3.446259804258747,0,0.0,0.0
36,4,4.100858040136911,0,0.0,0.0
36,5,4.2871952224063685,0,0.0,0.0
36,6,5.5207052708985165,0,0.0,0.0
36,7,5.143402415250579,0,0.0,0.0
36,8,5.9475457155356075,0,0.0,0.0
37,1,2.417853989526504,0,0.0,0.0
37,2,2.5224765444707336,0,0.0,0.0
37,3,2.583194735759294,0,0.0,0.0
37,4,5.828169179680852,0,0.0,0.0
37,5,3.6620655840354326,0,0.0,0.0
37,6,3.948138852768505,0,0.0,0.0
37,7,5.548026387339048,0,0.0,0.0
37,8,5.8658709791839465,0,0.0,0.0
38,1,-4.144535536393867,0,0.0,0.0
38,2,-1.1170657342198012,0,0.0,0.0
38,3,-1.833938564134373,0,0.0,0.0
38,4,-2.3506750839992603,0,0.0,0.0
38,5,0.44904012557033424,0,0.0,0.0
38,6,0.3859315828126142,0,0.0,0.0
38,7,-1.004285980731454,0,0.0,0.0
38,8,2.5374388514741844,0,0.0,0.0
39,1,-3.3357397423155186,0,0.0,0.0
39,2,-3.504733226306757,0,0.0,0.0
39,3,-1.4043183050599317,0,0.0,0.0
39,4,-2.3352393268520704,0,0.0,0.0
39,5,-2.022620185785743,0,0.0,0.0
39,6,-2.1548372267037,0,0.0,0.0
39,7,-0.41268667137463255,0,0.0,0.0
39,8,-0.017934143357731247,0,0.0,0.0
40,1,2.5181709351927255,0,0.0,0.0
40,2,2.2135044414354113,0,0.0,0.0
40,3,3.6334206494690884,0,0.0,0.0
40,4,3.933692009540876,0,0.0,0.0
40,5,3.170016476568813,0,0.0,0.0
40,6,3.5316784439788282,0,0.0,0.0
40,7,6.068644174112784,0,0.0,0.0
40,8,3.401602480251325,0,0.0,0.0
41,1,3.080860713485133,0,0.0,0.0
41,2,2.8973671287700484,0,0.0,0.0
41,3,5.183696793403783,0,0.0,0.0
41,4,3.881981977369997,0,0.0,0.0
41,5,5.534934400775769,0,0.0,0.0
41,6,4.978536345286081,0,0.0,0.0
41,7,5.989198340010016,0,0.0,0.0
41,8,7.112286717443924,0,0.0,0.0
42,1,-2.003801755351255,0,0.0,0.0
42,2,-0.04469115452827088,0,0.0,0.0
42,3,-1.534943916133158,0,0.0,0.0
42,4,0.2533468035317042,0,0.0,0.0
42,5,1.381393683761178,0,0.0,0.0
42,6,1.61879145276366,0,0.0,0.0
42,7,3.3751988377087354,0,0.0,0.0
42,8,1.1953146436626647,0,0.0,0.0
43,1,-4.598820064439845,0,0.0,0.0
43,2,-3.7140059215863768,0,0.0,0.0
43,3,-1.5592282465428202,0,0.0,0.0
43,4,-1.2217478788218785,0,0.0,0.0
43,5,-1.1174141534438415,0,0.0,0.0
43,6,-1.8426278621983871,0,0.0,0.0
43,7,0.5471964802378035,0,0.0,0.0
43,8,-0.9443755907417977,0,0.0,0.0
44,1,1.8570192243913017,0,0.0,0.0
44,2,4.055508065154267,0,0.0,0.0
44,3,2.0645207885859524,0,0.0,0.0
44,4,2.781177777672145,0,0.0,0.0
44,5,2.2052098731188425,0,0.0,0.0
44,6,1.3878563209275856,0,0.0,0.0
44,7,3.0953502789841796,0,0.0,0.0
44,8,3.1051744009156526,0,0.0,0.0
45,1,0.9146718762860433,0,0.0,0.0
45,2,4.584036394696708,0,0.0,0.0
45,3,3.634538970726832,0,0.0,0.0
45,4,4.241364033315042,0,0.0,0.0
45,5,4.052654087504809,0,0.0,0.0
45,6,4.688805370257622,0,0.0,0.0
45,7,6.3262271349403925,0,0.0,0.0
45,8,5.8293393340058435,0,0.0,0.0
46,1,4.625882982893362,0,0.0,0.0
46,2,4.399184747023614,0,0.0,0.0
46,3,4.753036154136582,0,0.0,0.0
46,4,4.188274879266768,0,0.0,0.0
46,5,4.117439982501502,0,0.0,0.0
46,6,6.333627143802228,0,0.0,0.0
46,7,7.151685736861862,0,0.0,0.0
46,8,6.3090590081598386,0,0.0,0.0
47,1,1.498120279168269,0,0.0,0.0
47,2,2.086347707193404,0,0.0,0.0
47,3,0.3765871381435226,0,0.0,0.0
47,4,2.1174704847234005,0,0.0,0.0
47,5,3.9398590379383704,0,0.0,0.0
47,6,4.419653873598645,0,0.0,0.0
47,7,3.378920227803141,0,0.0,0.0
47,8,5.191043194702637,0,0.0,0.0
48,1,0.7789738321890822,0,0.0,0.0
48,2,1.0336395658195083,0,0.0,0.0
48,3,0.6612808198146756,0,0.0,0.0
48,4,0.7885902935043176,0,0.0,0.0
48,5,1.1272221224941057,0,0.0,0.0
48,6,2.724386389738267,0,0.0,0.0
48,7,2.951670579971498,0,0.0,0.0
48,8,3.8859706129308105,0,0.0,0.0
49,1,-1.1543874300485735,0,0.0,0.0
49,2,0.03250270717771653,0,0.0,0.0
49,3,-0.1916687102120252,0,0.0,0.0
49,4,0.9984274729619611,0,0.0,0.0
49,5,1.5845615271969136,0,0.0,0.0
49,6,0.40921212660546114,0,0.0,0.0
49,7,-0.09440529004047127,0,0.0,0.0
49,8,3.757231612844828,0,0.0,0.0
50,1,0.7795613140535704,0,0.0,0.0
50,2,-0.6915833121548127,0,0.0,0.0
50,3,0.8090830861225977,0,0.0,0.0
50,4,2.794776875711137,0,0.0,0.0
50,5,2.243225752208416,0,0.0,0.0
50,6,2.5108411640221817,0,0.0,0.0
50,7,4.9237844436542755,0,0.0,0.0
50,8,2.975615436957498,0,0.0,0.0
51,1,-0.8966827655253466,0,0.0,0.0
51,2,0.6128570672777548,0,0.0,0.0
51,3,1.2919255242833696,0,0.0,0.0
51,4,1.8978136265702188,0,0.0,0.0
51,5,2.812708636798434,0,0.0,0.0
51,6,2.600049212911004,0,0.0,0.0
51,7,3.3908545311678964,0,0.0,0.0
51,8,3.142261332914404,0,0.0,0.0
52,1,-1.467437508220918,0,0.0,0.0
52,2,-0.9226016314039978,0,0.0,0.0
52,3,-0.31503767563859614,0,0.0,0.0
52,4,0.7424039961251285,0,0.0,0.0
52,5,1.0250098704871988,0,0.0,0.0
52,6,1.014081191442551,0,0.0,0.0
52,7,0.660738203601328,0,0.0,0.0
52,8,2.0375354466050775,0,0.0,0.0
53,1,4.569493516830829,0,0.0,0.0
53,2,5.290692881539772,0,0.0,0.0
53,3,7.8040366088669755,0,0.0,0.0
53,4,5.573738523185338,0,0.0,0.0
53,5,7.019800320851933,0,0.0,0.0
53,6,8.165973368970871,0,0.0,0.0
53,7,7.695513215825956,0,0.0,0.0
53,8,10.435356420898739,0,0.0,0.0
54,1,3.692297512412785,0,0.0,0.0
54,2,4.894426026464308,0,0.0,0.0
54,3,4.27153105925128,0,0.0,0.0
54,4,5.218812069000968,0,0.0,0.0
54,5,6.319270714540919,0,0.0,0.0
54,6,7.416640866451991,0,0.0,0.0
54,7,7.389431638167836,0,0.0,0.0
54,8,8.829451653478998,0,0.0,0.0
55,1,2.677132056518185,0,0.0,0.0
55,2,2.9399288372718515,0,0.0,0.0
55,3,6.476082474390243,0,0.0,0.0
55,4,4.666335016552887,0,0.0,0.0
55,5,4.052615821132309,0,0.0,0.0
55,6,4.577833604862788,0,0.0,0.0
55,7,4.829417452579516,0,0.0,0.0
55,8,7.208666722967645,0,0.0,0.0
56,1,-1.706078088511497,0,0.0,0.0
56,2,-0.7143383199617696,0,0.0,0.0
56,3,-0.40520947005652386,0,0.0,0.0
56,4,0.8897916123226794,0,0.0,0.0
56,5,-0.18844488850227525,0,0.0,0.0
56,6,0.08272691823872935,0,0.0,0.0
56,7,1.8825965115633392,0,0.0,0.0
56,8,2.759258489081642,0,0.0,0.0
57,1,2.5425709616921983,0,0.0,0.0
57,2,1.90058491949723,0,0.0,0.0
57,3,3.8875234906859513,0,0.0,0.0
57,4,2.9661777214989233,0,0.0,0.0
57,5,3.688500003808174,0,0.0,0.0
57,6,3.7660851238725552,0,0.0,0.0
57,7,6.511196997246588,0,0.0,0.0
57,8,6.343460189621907,0,0.0,0.0
58,1,2.384246194674677,0,0.0,0.0
58,2,3.526464240138254,0,0.0,0.0
58,3,5.5919020672345265,0,0.0,0.0
58,4,1.5700267150856482,0,0.0,0.0
58,5,3.0408762381186953,0,0.0,0.0
58,6,3.66307773482128,0,0.0,0.0
58,7,3.928433196613111,0,0.0,0.0
58,8,4.201669571392092,0,0.0,0.0
59,1,1.0854381843527403,0,0.0,0.0
59,2,0.668487533118701,0,0.0,0.0
59,3,2.7201336159455187,0,0.0,0.0
59,4,2.93678956983672,0,0.0,0.0
59,5,3.866119913171761,0,0.0,0.0
59,6,4.392819700046358,0,0.0,0.0
59,7,4.988098101834782,0,0.0,0.0
59,8,4.511682311584224,0,0.0,0.0
60,1,5.120473936721222,0,0.0,0.0
60,2,3.733761650569652,0,0.0,0.0
60,3,2.1368457814627595,0,0.0,0.0
60,4,3.4969547883213368,0,0.0,0.0
60,5,3.258827545059739,0,0.0,0.0
60,6,5.516665163238861,0,0.0,0.0
60,7,5.877525310034221,0,0.0,0.0
60,8,6.030904836188096,0,0.0,0.0
61,1,3.781668398123069,0,0.0,0.0
61,2,2.8197251597994657,0,0.0,0.0
61,3,3.4968406471688893,0,0.0,0.0
61,4,2.3396687977804516,0,0.0,0.0
61,5,2.7715973943915424,0,0.0,0.0
61,6,4.30754778481951,0,0.0,0.0
61,7,4.943749425374781,0,0.0,0.0
61,8,3.414430718608098,0,0.0,0.0
62,1,1.799721449759137,0,0.0,0.0
62,2,2.494100555482176,0,0.0,0.0
62,3,2.764879306837542,0,0.0,0.0
62,4,2.666638060261995,0,0.0,0.0
62,5,3.440493290687531,0,0.0,0.0
62,6,4.303169279035875,0,0.0,0.0
62,7,5.070828496218719,0,0.0,0.0
62,8,6.0848200551592395,0,0.0,0.0
63,1,2.8546687716952914,0,0.0,0.0
63,2,1.9794648432171704,0,0.0,0.0
63,3,2.3176563706290625,0,0.0,0.0
63,4,3.7114682402787267,0,0.0,0.0
63,5,4.384657483155275,0,0.0,0.0
63,6,3.8396121334855344,0,0.0,0.0
63,7,5.564206043710592,0,0.0,0.0
63,8,6.253397907900393,0,0.0,0.0
64,1,2.473269281662885,0,0.0,0.0
64,2,3.459903722724034,0,0.0,0.0
64,3,1.315166677344773,0,0.0,0.0
64,4,2.695481025336723,0,0.0,0.0
64,5,3.192860512622872,0,0.0,0.0
64,6,3.5835092474717043,0,0.0,0.0
64,7,3.532319896394075,0,0.0,0.0
64,8,3.19602081277314,0,0.0,0.0
65,1,-2.974542813399363,0,0.0,0.0
65,2,-3.3355779189762793,0,0.0,0.0
65,3,-1.9812287786807419,0,0.0,0.0
65,4,-2.36126580112722,0,0.0,0.0
65,5,-2.1668806052727083,0,0.0,0.0
65,6,-0.33292389905146924,0,0.0,0.0
65,7,0.08369926737812905,0,0.0,0.0
65,8,1.012059711892566,0,0.0,0.0
66,1,2.8531059212387397,0,0.0,0.0
66,2,1.4445316860319612,0,0.0,0.0
66,3,2.152323921885244,0,0.0,0.0
66,4,1.0896808259537891,0,0.0,0.0
66,5,1.38033471428474,0,0.0,0.0
66,6,4.750071601594448,0,0.0,0.0
66,7,2.743762374887811,0,0.0,0.0
66,8,3.1232980833524717,0,0.0,0.0
67,1,-0.6514828389148034,0,0.0,0.0
67,2,-0.20257633107563877,0,0.0,0.0
67,3,-0.5148904241415421,0,0.0,0.0
67,4,0.5826428635886496,0,0.0,0.0
67,5,2.6169917999518537,0,0.0,0.0
67,6,1.081622473469952,0,0.0,0.0
67,7,0.9939435979355782,0,0.0,0.0
67,8,3.8302097032015423,0,0.0,0.0
68,1,-1.5673850033420043,0,0.0,0.0
68,2,-2.1802005359287024,0,0.0,0.0
68,3,-2.641848931406959,0,0.0,0.0
68,4,-1.304305271718604,0,0.0,0.0
68,5,-0.11438635212931228,0,0.0,0.0
68,6,1.6059901746037781,0,0.0,0.0
68,7,-0.09626389014969794,0,0.0,0.0
68,8,1.3557982032084857,0,0.0,0.0
69,1,4.538777898496546,0,0.0,0.0
69,2,1.9823658984797272,0,0.0,0.0
69,3,5.897419406540548,0,0.0,0.0
69,4,4.181182666395211,0,0.0,0.0
69,5,6.195628732058583,0,0.0,0.0
69,6,6.610316388212392,0,0.0,0.0
69,7,7.948219630065493,0,0.0,0.0
69,8,7.914557619495188,0,0.0,0.0
70,1,1.580700190041426,0,0.0,0.0
70,2,3.673211434615416,0,0.0,0.0
70,3,5.096195811124687,0,0.0,0.0
70,4,5.26301079565162,0,0.0,0.0
70,5,6.435601411528177,0,0.0,0.0
70,6,7.247357237441112,0,0.0,0.0
70,7,7.5664424182010865,0,0.0,0.0
70,8,7.243715739216942,0,0.0,0.0
71,1,1.3721041894707435,0,0.0,0.0
71,2,3.2629599517364065,0,0.0,0.0
71,3,4.63480934873018,0,0.0,0.0
71,4,3.6279939480407464,0,0.0,0.0
71,5,5.8497159307128,0,0.0,0.0
71,6,6.626834497858528,0,0.0,0.0
71,7,6.345308176887067,0,0.0,0.0
71,8,3.654661334278828,0,0.0,0.0
72,1,-0.26766152900005413,0,0.0,0.0
72,2,3.396615992267831,0,0.0,0.0
72,3,1.4638890406833713,0,0.0,0.0
72,4,0.5262836105827533,0,0.0,0.0
72,5,4.245674222022021,0,0.0,0.0
72,6,3.523782425255422,0,0.0,0.0
72,7,5.115367322669474,0,0.0,0.0
72,8,4.787385508931115,0,0.0,0.0
73,1,3.6598093781174823,0,0.0,0.0
73,2,4.06425948961983,0,0.0,0.0
73,3,4.8987385538263135,0,0.0,0.0
73,4,6.978680690461411,0,0.0,0.0
73,5,6.172256577864502,0,0.0,0.0
73,6,4.120910924059778,0,0.0,0.0
73,7,6.647911757184217,0,0.0,0.0
73,8,7.8427310100085315,0,0.0,0.0
74,1,1.7268071677397971,0,0.0,0.0
74,2,0.5975013781445516,0,0.0,0.0
74,3,2.689050806391779,0,0.0,0.0
74,4,2.9518487607548565,0,0.0,0.0
74,5,5.096623798173381,0,0.0,0.0
74,6,2.2741046249551395,0,0.0,0.0
74,7,3.016705784803226,0,0.0,0.0
74,8,3.7179873127436966,0,0.0,0.0
75,1,0.41537240375678347,0,0.0,0.0
75,2,0.5155738040319557,0,0.0,0.0
75,3,-0.8570809518781843,0,0.0,0.0
75,4,1.9708950800724243,0,0.0,0.0
75,5,3.274952613495463,0,0.0,0.0
75,6,2.912372708289648,0,0.0,0.0
75,7,5.840975737324668,0,0.0,0.0
75,8,4.418970366511421,0,0.0,0.0
76,1,-0.39591368573983043,0,0.0,0.0
76,2,-0.9255223281939975,0,0.0,0.0
76,3,0.13946456896929205,0,0.0,0.0
76,4,0.09229881300959636,0,0.0,0.0
76,5,1.681841890979597,0,0.0,0.0
76,6,0.8689966092084348,0,0.0,0.0
76,7,1.8091779671648198,0,0.0,0.0
76,8,2.179390192726078,0,0.0,0.0
77,1,1.0056971508703612,0,0.0,0.0
77,2,2.198964927922357,0,0.0,0.0
77,3,4.528368855195362,0,0.0,0.0
77,4,2.523585666902238,0,0.0,0.0
77,5,3.7134475018509283,0,0.0,0.0
77,6,5.051761559867122,0,0.0,0.0
77,7,5.434235889941961,0,0.0,0.0
77,8,4.805699026717046,0,0.0,0.0
78,1,-1.7626168461085276,0,0.0,0.0
78,2,1.6374746754973004,0,0.0,0.0
78,3,-0.5987024017742184,0,0.0,0.0
78,4,3.5907090877900654,0,0.0,0.0
78,5,2.7902457280420947,0,0.0,0.0
78,6,4.120445876720823,0,0.0,0.0
78,7,2.718660718667783,0,0.0,0.0
78,8,2.5682643835487795,0,0.0,0.0
79,1,-1.8445498495277617,0,0.0,0.0
79,2,-1.638907673625071,0,0.0,0.0
79,3,-1.5968450598260946,0,0.0,0.0
79,4,-0.5206429529361651,0,0.0,0.0
79,5,2.662131658363331,0,0.0,0.0
79,6,1.2292213137001289,0,0.0,0.0
79,7,1.94419437219439,0,0.0,0.0
79,8,2.238632657884427,0,0.0,0.0
80,1,1.877067920218999,0,0.0,0.0
80,2,0.7075341034660613,0,0.0,0.0
80,3,-0.6571555313084876,0,0.0,0.0
80,4,1.7090196433607963,0,0.0,0.0
80,5,3.209341486363308,0,0.0,0.0
80,6,1.9278053812517326,0,0.0,0.0
80,7,3.221239825877476,0,0.0,0.0
80,8,3.205836033364493,0,0.0,0.0
81,1,1.8425701241295136,0,0.0,0.0
81,2,1.5899978876929468,0,0.0,0.0
81,3,1.992081492930342,0,0.0,0.0
81,4,2.4621421854073544,0,0.0,0.0
81,5,2.303291619734256,0,0.0,0.0
81,6,3.0380971548138866,0,0.0,0.0
81,7,2.1553562917540656,0,0.0,0.0
81,8,1.6540988935358154,0,0.0,0.0
82,1,4.245203463634304,0,0.0,0.0
82,2,4.919112589561425,0,0.0,0.0
82,3,6.304386901714658,0,0.0,0.0
82,4,7.166458149371648,0,0.0,0.0
82,5,7.665120818288227,0,0.0,0.0
82,6,5.597098739995403,0,0.0,0.0
82,7,6.742857298339511,0,0.0,0.0
82,8,8.07545662917066,0,0.0,0.0
83,1,4.820331334768996,0,0.0,0.0
83,2,4.268525860740735,0,0.0,0.0
83,3,4.407823819025199,0,0.0,0.0
83,4,3.4006387014775283,0,0.0,0.0
83,5,3.4052270258716946,0,0.0,0.0
83,6,5.5773345404100585,0,0.0,0.0
83,7,4.187765392792459,0,0.0,0.0
83,8,5.549990306046516,0,0.0,0.0
84,1,0.4081129291810094,0,0.0,0.0
84,2,2.61580296730574,0,0.0,0.0
84,3,1.1681935752232544,0,0.0,0.0
84,4,-0.41635876038968345,0,0.0,0.0
84,5,3.0273355258454004,0,0.0,0.0
84,6,2.3238690250790057,0,0.0,0.0
84,7,3.565521902620679,0,0.0,0.0
84,8,3.9361861773408084,0,0.0,0.0
85,1,0.7238706237843977,0,0.0,0.0
85,2,2.2879152013868698,0,0.0,0.0
85,3,0.46470974124945874,0,0.0,0.0
85,4,1.980560394647806,0,0.0,0.0
85,5,3.6816125327195475,0,0.0,0.0
85,6,2.883489844257798,0,0.0,0.0
85,7,2.388767910332194,0,0.0,0.0
85,8,5.166129962858902,0,0.0,0.0
86,1,1.7115193866499352,0,0.0,0.0
86,2,1.04342954856539,0,0.0,0.0
86,3,-0.37242084226113636,0,0.0,0.0
86,4,2.7943945029072124,0,0.0,0.0
86,5,0.9285368747887082,0,0.0,0.0
86,6,3.397224033056562,0,0.0,0.0
86,7,2.7009609314662364,0,0.0,0.0
86,8,2.9285854704414307,0,0.0,0.0
87,1,-0.34773798667078565,0,0.0,0.0
87,2,0.4108744739816447,0,0.0,0.0
87,3,0.4499637800224564,0,0.0,0.0
87,4,2.1828753086240553,0,0.0,0.0
87,5,1.648102651950071,0,0.0,0.0
87,6,3.5743629020807264,0,0.0,0.0
87,7,3.375345196052384,0,0.0,0.0
87,8,2.8966148238125964,0,0.0,0.0
88,1,-2.5307942786088597,0,0.0,0.0
88,2,-2.8123506938240124,0,0.0,0.0
88,3,-0.3741212169097513,0,0.0,0.0
88,4,-0.5194419420279318,0,0.0,0.0
88,5,-2.037049922840088,0,0.0,0.0
88,6,0.2994307324540262,0,0.0,0.0
88,7,0.4341115759684743,0,0.0,0.0
88,8,3.4108231973940866,0,0.0,0.0
89,1,-1.5048823671071683,0,0.0,0.0
89,2,-0.7434545549479123,0,0.0,0.0
89,3,2.3078658878918414,0,0.0,0.0
89,4,3.0546594022501043,0,0.0,0.0
89,5,1.4529133060605002,0,0.0,0.0
89,6,2.065810421977231,0,0.0,0.0
89,7,3.8141316413394546,0,0.0,0.0
89,8,1.3707964478408314,0,0.0,0.0
90,1,-2.853390197810583,0,0.0,0.0
90,2,-0.7729299141557386,0,0.0,0.0
90,3,1.5576940528240992,0,0.0,0.0
90,4,0.07207339852823363,0,0.0,0.0
90,5,1.108740278430128,0,0.0,0.0
90,6,2.641592759258985,0,0.0,0.0
90,7,4.11468821997312,0,0.0,0.0
90,8,1.9309550135466607,0,0.0,0.0
91,1,-2.017467801579719,0,0.0,0.0
91,2,0.3214241434965497,0,0.0,0.0
91,3,-2.522830353037721,0,0.0,0.0
91,4,0.526949992707529,0,0.0,0.0
91,5,-1.018946610207551,0,0.0,0.0
91,6,0.601841289256864,0,0.0,0.0
91,7,0.7567498747534329,0,0.0,0.0
91,8,0.541357321452478,0,0.0,0.0
92,1,0.5393417014367943,0,0.0,0.0
92,2,2.298857993348824,0,0.0,0.0
92,3,3.5179829572577512,0,0.0,0.0
92,4,2.892707425906566,0,0.0,0.0
92,5,3.592556787828286,0,0.0,0.0
92,6,4.593617695386117,0,0.0,0.0
92,7,3.5508248560821096,0,0.0,0.0
92,8,5.7621361375079925,0,0.0,0.0
93,1,2.101872416926217,0,0.0,0.0
93,2,4.38615561861688,0,0.0,0.0
93,3,1.9064251293068877,0,0.0,0.0
93,4,2.324447518198342,0,0.0,0.0
93,5,4.051495191440216,0,0.0,0.0
93,6,4.601633488778608,0,0.0,0.0
93,7,3.7474421664897575,0,0.0,0.0
93,8,4.379366642936421,0,0.0,0.0
94,1,-2.532284184518115,0,0.0,0.0
94,2,-3.4009992634708173,0,0.0,0.0
94,3,-2.4839490107511706,0,0.0,0.0
94,4,-1.4838222553677212,0,0.0,0.0
94,5,-0.07747633791389774,0,0.0,0.0
94,6,-1.1780136389156968,0,0.0,0.0
94,7,-1.9157994847668278,0,0.0,0.0
94,8,-1.4900124902543668,0,0.0,0.0
95,1,-1.0047823416963877,0,0.0,0.0
95,2,-0.5585369931901917,0,0.0,0.0
95,3,1.1000199663898365,0,0.0,0.0
95,4,0.5657505714121405,0,0.0,0.0
95,5,1.5518757651885418,0,0.0,0.0
95,6,1.980544840027696,0,0.0,0.0
95,7,2.814122864161752,0,0.0,0.0
95,8,5.077135056532868,0,0.0,0.0
96,1,3.1533503612303635,0,0.0,0.0
96,2,3.007532187075851,0,0.0,0.0
96,3,3.030376491219009,0,0.0,0.0
96,4,3.558170115176826,0,0.0,0.0
96,5,4.819149241751797,0,0.0,0.0
96,6,5.575571845152137,0,0.0,0.0
96,7,4.583785265699246,0,0.0,0.0
96,8,6.027883527414079,0,0.0,0.0
97,1,0.5868279091296147,0,0.0,0.0
97,2,3.3301612619632386,0,0.0,0.0
97,3,4.380596719751328,0,0.0,0.0
97,4,3.8383788509117664,0,0.0,0.0
97,5,6.434974473932747,0,0.0,0.0
97,6,4.237209030356591,0,0.0,0.0
97,7,5.835887893095903,0,0.0,0.0
97,8,6.082622731126686,0,0.0,0.0
98,1,2.451376018327069,0,0.0,0.0
98,2,2.93735151776573,0,0.0,0.0
98,3,3.658778715779949,0,0.0,0.0
98,4,4.8996324292341775,0,0.0,0.0
98,5,5.929409922045222,0,0.0,0.0
98,6,5.04942344126632,0,0.0,0.0
98,7,6.366989757942111,0,0.0,0.0
98,8,5.349906739503695,0,0.0,0.0
99,1,1.3437818665291528,0,0.0,0.0
99,2,0.31583488997592934,0,0.0,0.0
99,3,2.668486349891052,0,0.0,0.0
99,4,4.288467291196159,0,0.0,0.0
99,5,2.4557425258315275,0,0.0,0.0
99,6,0.8852829229955108,0,0.0,0.0
99,7,3.0297534805580963,0,0.0,0.0
99,8,5.309701548092223,0,0.0,0.0
100,1,-0.6370138689130573,0,0.0,0.0
100,2,-0.44117705726327267,0,0.0,0.0
100,3,0.8185777000165368,0,0.0,0.0
100,4,0.7943627833101198,0,0.0,0.0
100,5,2.027634531512834,0,0.0,0.0
100,6,2.229333020708683,0,0.0,0.0
100,7,3.3316097967986567,0,0.0,0.0
100,8,2.668705427967952,0,0.0,0.0
101,1,-0.7621382532221664,0,0.0,0.0
101,2,-1.4745247278019065,0,0.0,0.0
101,3,-1.268858466275127,0,0.0,0.0
101,4,1.5393699857028522,0,0.0,0.0
101,5,0.5488070216065669,0,0.0,0.0
101,6,1.6374829111462579,0,0.0,0.0
101,7,1.4563423596952692,0,0.0,0.0
101,8,1.2460866943639146,0,0.0,0.0
102,1,1.2001927020831162,0,0.0,0.0
102,2,3.125203827268429,0,0.0,0.0
102,3,2.7444498837801388,0,0.0,0.0
102,4,0.9777366497702558,0,0.0,0.0
102,5,2.97396535292456,0,0.0,0.0
102,6,5.471503602205427,0,0.0,0.0
102,7,3.975412947650759,0,0.0,0.0
102,8,2.8887311177665347,0,0.0,0.0
103,1,3.1516089541528696,0,0.0,0.0
103,2,2.4409525785431185,0,0.0,0.0
103,3,2.188547209917526,0,0.0,0.0
103,4,2.3871423326482573,0,0.0,0.0
103,5,4.340911998522062,0,0.0,0.0
103,6,3.2165766685041337,0,0.0,0.0
103,7,5.406816493246314,0,0.0,0.0
103,8,5.300755354454582,0,0.0,0.0
104,1,3.3193441486974806,0,0.0,0.0
104,2,3.7201770285457263,0,0.0,0.0
104,3,3.899694186495953,0,0.0,0.0
104,4,5.620302343419397,0,0.0,0.0
104,5,4.209319391108297,0,0.0,0.0
104,6,3.9527370963799218,0,0.0,0.0
104,7,6.689102346102606,0,0.0,0.0
104,8,7.205900551277279,0,0.0,0.0
105,1,3.180200453195934,0,0.0,0.0
105,2,3.607687670302206,0,0.0,0.0
105,3,3.3794189223466193,0,0.0,0.0
105,4,4.987442005069692,0,0.0,0.0
105,5,4.654401173929626,0,0.0,0.0
105,6,4.712845739868989,0,0.0,0.0
105,7,5.388067988428768,0,0.0,0.0
105,8,8.220598999459998,0,0.0,0.0
106,1,-1.499433395107777,0,0.0,0.0
106,2,1.2353307912334546,0,0.0,0.0
106,3,-0.4435677406860614,0,0.0,0.0
106,4,1.6273093486146826,0,0.0,0.0
106,5,1.801915201783468,0,0.0,0.0
106,6,0.6505143902577779,0,0.0,0.0
106,7,3.6245802773714186,0,0.0,0.0
106,8,3.35550462474546,0,0.0,0.0
107,1,-4.087618100282983,0,0.0,0.0
107,2,-0.6488436669474867,0,0.0,0.0
107,3,0.4465944202671961,0,0.0,0.0
107,4,1.0017125845748331,0,0.0,0.0
107,5,0.3705446829297323,0,0.0,0.0
107,6,0.5576463808553767,0,0.0,0.0
107,7,2.339744863174058,0,0.0,0.0
107,8,3.1939718276183595,0,0.0,0.0
108,1,0.9953555088538293,0,0.0,0.0
108,2,-0.5797507962515968,0,0.0,0.0
108,3,1.0631316591931261,0,0.0,0.0
108,4,1.801302950269633,0,0.0,0.0
108,5,0.05216983706097511,0,0.0,0.0
108,6,2.8311474655989786,0,0.0,0.0
108,7,5.134778631957594,0,0.0,0.0
108,8,4.001722971778996,0,0.0,0.0
109,1,2.4078754710628054,0,0.0,0.0
109,2,1.6173771197497544,0,0.0,0.0
109,3,1.8612440656372278,0,0.0,0.0
109,4,2.8157337797020245,0,0.0,0.0
109,5,2.1186357416366164,0,0.0,0.0
109,6,2.4706872023866606,0,0.0,0.0
109,7,5.200766946790415,0,0.0,0.0
109,8,5.806804732487567,0,0.0,0.0
110,1,-0.8952728063661586,0,0.0,0.0
110,2,1.5638323137750563,0,0.0,0.0
110,3,1.0088735336151708,0,0.0,0.0
110,4,1.9356420837116222,0,0.0,0.0
110,5,2.556052148656255,0,0.0,0.0
110,6,3.59018397734551,0,0.0,0.0
110,7,3.1785517110843804,0,0.0,0.0
110,8,5.005995504523128,0,0.0,0.0
111,1,-0.34637537639538696,0,0.0,0.0
111,2,0.4683960563142209,0,0.0,0.0
111,3,-0.48905080769255815,0,0.0,0.0
111,4,3.0028707945495223,0,0.0,0.0
111,5,1.8140367070496546,0,0.0,0.0
111,6,2.5572092091897876,0,0.0,0.0
111,7,0.7360259726331468,0,0.0,0.0
111,8,2.0215097607655874,0,0.0,0.0
112,1,2.243653317858528,0,0.0,0.0
112,2,1.7926607482324024,0,0.0,0.0
112,3,0.09198989511087197,0,0.0,0.0
112,4,3.544059558923617,0,0.0,0.0
112,5,2.4619868255870747,0,0.0,0.0
112,6,4.91708661581651,0,0.0,0.0
112,7,3.9179339513360985,0,0.0,0.0
112,8,4.710476315960328,0,0.0,0.0
113,1,0.6710390957704275,0,0.0,0.0
113,2,-0.9054084536758832,0,0.0,0.0
113,3,-0.5007622906551605,0,0.0,0.0
113,4,0.7955860967806718,0,0.0,0.0
113,5,2.3192573168000012,0,0.0,0.0
113,6,0.6612072645652884,0,0.0,0.0
113,7,0.8240499172896825,0,0.0,0.0
113,8,3.8158054442225713,0,0.0,0.0
114,1,-1.3591104800177516,0,0.0,0.0
114,2,-0.648358180371031,0,0.0,0.0
114,3,-1.6129425693909138,0,0.0,0.0
114,4,0.06488851819726993,0,0.0,0.0
114,5,1.2363005359181014,0,0.0,0.0
114,6,2.6742456901721443,0,0.0,0.0
114,7,1.4726376663146132,0,0.0,0.0
114,8,4.401243952781749,0,0.0,0.0
115,1,0.43834964442707836,0,0.0,0.0
115,2,0.9398138670217043,0,0.0,0.0
115,3,3.6602632205046812,0,0.0,0.0
115,4,2.8343658209707963,0,0.0,0.0
115,5,2.5708809395953023,0,0.0,0.0
115,6,3.4677725374262858,0,0.0,0.0
115,7,5.475979246148938,0,0.0,0.0
115,8,6.0891084882325615,0,0.0,0.0
116,1,-1.1207783395286657,0,0.0,0.0
116,2,0.1535810296624822,0,0.0,0.0
116,3,0.7861716674091634,0,0.0,0.0
116,4,0.20977472922499285,0,0.0,0.0
116,5,1.640329787091596,0,0.0,0.0
116,6,2.201337700193291,0,0.0,0.0
116,7,3.836224318678326,0,0.0,0.0
116,8,4.403439868052791,0,0.0,0.0
117,1,0.6589993795976963,0,0.0,0.0
117,2,1.2742556340958924,0,0.0,0.0
117,3,2.65250108001234,0,0.0,0.0
117,4,1.9030203290296925,0,0.0,0.0
117,5,3.5768489296941066,0,0.0,0.0
117,6,3.4003022905874896,0,0.0,0.0
117,7,3.018810200218083,0,0.0,0.0
117,8,3.531372065077058,0,0.0,0.0
118,1,2.4934667417353475,0,0.0,0.0
118,2,1.3899865665609468,0,0.0,0.0
118,3,3.686762139602556,0,0.0,0.0
118,4,2.032771784989335,0,0.0,0.0
118,5,3.3376132468357387,0,0.0,0.0
118,6,5.939084768722487,0,0.0,0.0
118,7,2.989021301040966,0,0.0,0.0
118,8,2.6485935458044687,0,0.0,0.0
119,1,-0.49226787089591606,0,0.0,0.0
119,2,-2.105667107576223,0,0.0,0.0
119,3,-0.799564366289383,0,0.0,0.0
119,4,-0.8647762126347341,0,0.0,0.0
119,5,0.4893047787721668,0,0.0,0.0
119,6,-0.22939420936889143,0,0.0,0.0
119,7,1.0412019099335446,0,0.0,0.0
119,8,2.170957324373385,0,0.0,0.0
120,1,-1.4707911340050863,0,0.0,0.0
120,2,-0.6625662773767133,0,0.0,0.0
120,3,0.19013491867064386,0,0.0,0.0
120,4,-0.39129768195710257,0,0.0,0.0
120,5,1.1149567694704292,0,0.0,0.0
120,6,2.1563142921720777,0,0.0,0.0
120,7,2.1379688106807473,0,0.0,0.0
120,8,2.7661412593374513,0,0.0,0.0
121,1,3.3556522089263394,0,0.0,0.0
121,2,3.219810417400611,0,0.0,0.0
121,3,5.066616445699802,0,0.0,0.0
121,4,6.3115320046347,0,0.0,0.0
121,5,4.911173487637476,0,0.0,0.0
121,6,6.360752111310632,0,0.0,0.0
121,7,6.135936724398277,0,0.0,0.0
121,8,7.241041224871429,0,0.0,0.0
122,1,-0.2583794942653199,0,0.0,0.0
122,2,-0.8154994824504754,0,0.0,0.0
122,3,-2.597573564278255,0,0.0,0.0
122,4,0.1298366059783847,0,0.0,0.0
122,5,1.408704717840435,0,0.0,0.0
122,6,0.45424480453332305,0,0.0,0.0
122,7,2.171475780649258,0,0.0,0.0
122,8,0.9857254333794798,0,0.0,0.0
123,1,-5.218848057463336,0,0.0,0.0
123,2,-3.092139879108422,0,0.0,0.0
123,3,-4.489785618687376,0,0.0,0.0
123,4,-2.4730799108346537,0,0.0,0.0
123,5,-0.4464666352955591,0,0.0,0.0
123,6,-3.143071803687343,0,0.0,0.0
123,7,-2.01280569385496,0,0.0,0.0
123,8,-1.2653411431026396,0,0.0,0.0
124,1,-3.287010166195983,0,0.0,0.0
124,2,-3.0894070921312324,0,0.0,0.0
124,3,-0.8245539247889357,0,0.0,0.0
124,4,-0.7693419773933257,0,0.0,0.0
124,5,-0.7284173604164251,0,0.0,0.0
124,6,-0.5780599921411382,0,0.0,0.0
124,7,0.16953947049980422,0,0.0,0.0
124,8,-0.585672661798398,0,0.0,0.0
125,1,1.4154302467099507,0,0.0,0.0
125,2,-0.05382436120586265,0,0.0,0.0
125,3,2.393596887055569,0,0.0,0.0
125,4,3.2443623952721694,0,0.0,0.0
125,5,2.7690844952414255,0,0.0,0.0
125,6,2.8820068341913623,0,0.0,0.0
125,7,3.9585298014630115,0,0.0,0.0
125,8,1.1967015230526652,0,0.0,0.0
126,1,0.8640927745508591,0,0.0,0.0
126,2,0.9484805582255909,0,0.0,0.0
126,3,1.511206443008407,0,0.0,0.0
126,4,2.7683670689632254,0,0.0,0.0
126,5,2.48706563450067,0,0.0,0.0
126,6,1.9216276994142398,0,0.0,0.0
126,7,3.4204318852400197,0,0.0,0.0
126,8,4.129390040146222,0,0.0,0.0
127,1,0.37971220073077083,0,0.0,0.0
127,2,0.9266976564348262,0,0.0,0.0
127,3,2.304147334068311,0,0.0,0.0
127,4,0.6787437361156106,0,0.0,0.0
127,5,2.440478745314608,0,0.0,0.0
127,6,4.0547079877679995,0,0.0,0.0
127,7,1.5301667922125628,0,0.0,0.0
127,8,3.9444249699298117,0,0.0,0.0
128,1,2.3430011558839596,0,0.0,0.0
128,2,3.0576692733838984,0,0.0,0.0
128,3,3.023572154642581,0,0.0,0.0
128,4,4.258828942156559,0,0.0,0.0
128,5,6.7696352722839075,0,0.0,0.0
128,6,4.16394929667979,0,0.0,0.0
128,7,4.758769655378176,0,0.0,0.0
128,8,5.126445087693499,0,0.0,0.0
129,1,-3.118250579577775,0,0.0,0.0
129,2,-4.808008571727163,0,0.0,0.0
129,3,-3.87130792655355,0,0.0,0.0
129,4,-3.7484518073121156,0,0.0,0.0
129,5,-3.7900917446089673,0,0.0,0.0
129,6,-2.580819512820311,0,0.0,0.0
129,7,0.6125747395306842,0,0.0,0.0
129,8,0.04640205476837922,0,0.0,0.0
130,1,0.43892993106937495,0,0.0,0.0
130,2,2.439441851923333,0,0.0,0.0
130,3,1.460344976195271,0,0.0,0.0
130,4,1.0155001100154264,0,0.0,0.0
130,5,4.311378666526277,0,0.0,0.0
130,6,4.951960595505198,0,0.0,0.0
130,7,5.337919999909547,0,0.0,0.0
130,8,4.322002499642075,0,0.0,0.0
131,1,3.4561006696051604,0,0.0,0.0
131,2,4.8726419572652695,0,0.0,0.0
131,3,5.0143724409552535,0,0.0,0.0
131,4,4.7292389323101025,0,0.0,0.0
131,5,4.003804583488982,0,0.0,0.0
131,6,6.2367515977491585,0,0.0,0.0
131,7,7.70188604284326,0,0.0,0.0
131,8,5.925288114572989,0,0.0,0.0
132,1,-1.116802148107451,0,0.0,0.0
132,2,-0.9240198346497352,0,0.0,0.0
132,3,-0.005413266551094309,0,0.0,0.0
132,4,0.6164139699355793,0,0.0,0.0
132,5,-0.4500267717087809,0,0.0,0.0
132,6,-0.872520929948374,0,0.0,0.0
132,7,0.7109189445336928,0,0.0,0.0
132,8,2.6335657877435796,0,0.0,0.0
133,1,-0.8016169271057613,0,0.0,0.0
133,2,-0.4536563474374321,0,0.0,0.0
133,3,-1.0809633655044286,0,0.0,0.0
133,4,2.9930345309711486,0,0.0,0.0
133,5,2.5661006178455197,0,0.0,0.0
133,6,3.010282957694974,0,0.0,0.0
133,7,3.7081123631996835,0,0.0,0.0
133,8,3.817095337963611,0,0.0,0.0
134,1,-1.250112689636771,0,0.0,0.0
134,2,-0.6695479385794435,0,0.0,0.0
134,3,-0.43334819904936667,0,0.0,0.0
134,4,3.1289569199577585,0,0.0,0.0
134,5,1.5501281968422007,0,0.0,0.0
134,6,1.0304157241913237,0,0.0,0.0
134,7,2.459712939709038,0,0.0,0.0
134,8,1.4833472476864404,0,0.0,0.0
135,1,0.21581462643416938,0,0.0,0.0
135,2,-1.4497611879621977,0,0.0,0.0
135,3,0.2123933404674082,0,0.0,0.0
135,4,1.277285537588077,0,0.0,0.0
135,5,1.0960764520499353,0,0.0,0.0
135,6,1.3057778996645806,0,0.0,0.0
135,7,1.7221099927009575,0,0.0,0.0
135,8,2.1548668109578353,0,0.0,0.0
136,1,-0.7292224989735822,0,0.0,0.0
136,2,-0.1020074398157842,0,0.0,0.0
136,3,2.327066363604855,0,0.0,0.0
136,4,1.2389393572687633,0,0.0,0.0
136,5,1.0616797205711468,0,0.0,0.0
136,6,1.8311783930924115,0,0.0,0.0
136,7,3.947846670651143,0,0.0,0.0
136,8,4.023082623118398,0,0.0,0.0
137,1,3.915299745601266,0,0.0,0.0
137,2,3.597449368459218,0,0.0,0.0
137,3,4.928333037541955,0,0.0,0.0
137,4,4.211409442418361,0,0.0,0.0
137,5,5.0953565360232345,0,0.0,0.0
137,6,6.824775054760755,0,0.0,0.0
137,7,7.229248246288074,0,0.0,0.0
137,8,5.873060721418206,0,0.0,0.0
138,1,3.3192468980664653,0,0.0,0.0
138,2,4.783475503788451,0,0.0,0.0
138,3,6.9009057256445505,0,0.0,0.0
138,4,3.759208186506047,0,0.0,0.0
138,5,6.453106290545545,0,0.0,0.0
138,6,5.2987300194018925,0,0.0,0.0
138,7,6.540442357449495,0,0.0,0.0
138,8,7.3103449329108,0,0.0,0.0
139,1,-0.5923867935171864,0,0.0,0.0
139,2,-0.20567438973950392,0,0.0,0.0
139,3,0.8353286102960747,0,0.0,0.0
139,4,0.7928659832891262,0,0.0,0.0
139,5,0.3656641650655519,0,0.0,0.0
139,6,3.107991162442481,0,0.0,0.0
139,7,3.5809937170685853,0,0.0,0.0
139,8,4.171295859942374,0,0.0,0.0
140,1,2.769385931864858,0,0.0,0.0
140,2,5.109038580713091,0,0.0,0.0
140,3,5.9860992839358635,0,0.0,0.0
140,4,4.778918359689355,0,0.0,0.0
140,5,6.3192936763110685,0,0.0,0.0
140,6,6.693853782818574,0,0.0,0.0
140,7,9.152271086697203,0,0.0,0.0
140,8,9.734616465141514,0,0.0,0.0
141,1,-1.093203439360951,0,0.0,0.0
141,2,3.565079959697239,0,0.0,0.0
141,3,0.6559272328159258,0,0.0,0.0
141,4,3.051826248296676,0,0.0,0.0
141,5,3.5416509348329805,0,0.0,0.0
141,6,2.075462727127443,0,0.0,0.0
141,7,4.064420747808349,0,0.0,0.0
141,8,3.963619209703186,0,0.0,0.0
142,1,4.561712058034553,0,0.0,0.0
142,2,4.738054355782788,0,0.0,0.0
142,3,6.20372153877241,0,0.0,0.0
142,4,5.582781596548225,0,0.0,0.0
142,5,5.839507983975851,0,0.0,0.0
142,6,7.603446286459343,0,0.0,0.0
142,7,7.5877780182607655,0,0.0,0.0
142,8,8.23919544772305,0,0.0,0.0
143,1,-0.35118397156558034,0,0.0,0.0
143,2,-0.2318600807054576,0,0.0,0.0
143,3,0.7456805574403149,0,0.0,0.0
143,4,1.1925813150124278,0,0.0,0.0
143,5,3.099601969345931,0,0.0,0.0
143,6,3.7893867509870685,0,0.0,0.0
143,7,3.158272411160616,0,0.0,0.0
143,8,5.244321719517369,0,0.0,0.0
144,1,2.1305850458574183,0,0.0,0.0
144,2,1.505514568492828,0,0.0,0.0
144,3,0.9402238805492487,0,0.0,0.0
144,4,3.8374923015278286,0,0.0,0.0
144,5,2.7010983010638805,0,0.0,0.0
144,6,3.388280848523263,0,0.0,0.0
144,7,3.42251062648572,0,0.0,0.0
144,8,3.3723253257950905,0,0.0,0.0
145,1,-0.23769048502962287,0,0.0,0.0
145,2,2.363817268842957,0,0.0,0.0
145,3,1.4475478913890485,0,0.0,0.0
145,4,5.790480174282493,0,0.0,0.0
145,5,2.14487536267319,0,0.0,0.0
145,6,2.473566470304299,0,0.0,0.0
145,7,4.74108766089911,0,0.0,0.0
145,8,6.260262424252964,0,0.0,0.0
146,1,6.922297015678292,0,0.0,0.0
146,2,7.929949778922345,0,0.0,0.0
146,3,6.014159941276361,0,0.0,0.0
146,4,7.680195813043303,0,0.0,0.0
146,5,7.784091629597503,0,0.0,0.0
146,6,7.462661508787189,0,0.0,0.0
146,7,9.974687592758956,0,0.0,0.0
146,8,8.114879737124635,0,0.0,0.0
147,1,0.8803751836021292,0,0.0,0.0
147,2,2.16537735567616,0,0.0,0.0
147,3,2.3712853137385017,0,0.0,0.0
147,4,4.098979651896646,0,0.0,0.0
147,5,4.5081513415920575,0,0.0,0.0
147,6,5.596369895625035,0,0.0,0.0
147,7,5.954954882402256,0,0.0,0.0
147,8,6.843383939050959,0,0.0,0.0
148,1,-0.9164474599119814,0,0.0,0.0
148,2,-0.1110621590862575,0,0.0,0.0
148,3,0.5969846420162641,0,0.0,0.0
148,4,0.7271276374880985,0,0.0,0.0
148,5,0.688276630179999,0,0.0,0.0
148,6,1.2530284057573025,0,0.0,0.0
148,7,1.2679125417671075,0,0.0,0.0
148,8,3.0070877700069025,0,0.0,0.0
149,1,2.3439805664665605,0,0.0,0.0
149,2,2.274821989914951,0,0.0,0.0
149,3,2.7757509212271234,0,0.0,0.0
149,4,2.7275970127689275,0,0.0,0.0
149,5,5.416837081788915,0,0.0,0.0
149,6,5.016613410083504,0,0.0,0.0
149,7,4.575195720978446,0,0.0,0.0
149,8,6.7465434901537344,0,0.0,0.0
150,1,-0.7841138839630559,0,0.0,0.0
150,2,-1.1301657011809156,0,0.0,0.0
150,3,1.79755721505045,0,0.0,0.0
150,4,0.739237936265204,0,0.0,0.0
150,5,1.3674358356225276,0,0.0,0.0
150,6,2.3175149461804945,0,0.0,0.0
150,7,3.9189241486214317,0,0.0,0.0
150,8,3.2963722166976286,0,0.0,0.0
151,1,-1.6786174919476484,0,0.0,0.0
151,2,0.5643766383097619,0,0.0,0.0
151,3,0.035509909935857675,0,0.0,0.0
151,4,2.908423605727048,0,0.0,0.0
151,5,1.5193799121996914,0,0.0,0.0
151,6,-0.21453586370108457,0,0.0,0.0
151,7,2.8778646063532554,0,0.0,0.0
151,8,4.96509742645781,0,0.0,0.0
152,1,3.893123008329612,0,0.0,0.0
152,2,4.648157008540788,0,0.0,0.0
152,3,2.2974425344027587,0,0.0,0.0
152,4,4.729355115761001,0,0.0,0.0
152,5,3.5952081800475106,0,0.0,0.0
152,6,5.041492119201147,0,0.0,0.0
152,7,4.04425029104449,0,0.0,0.0
152,8,5.172746954901506,0,0.0,0.0
153,1,-0.11407552182130976,0,0.0,0.0
153,2,1.9607264556849218,0,0.0,0.0
153,3,2.362890297211961,0,0.0,0.0
153,4,2.3389909048731266,0,0.0,0.0
153,5,1.2117497574869203,0,0.0,0.0
153,6,2.7505317415925856,0,0.0,0.0
153,7,2.8160546925995797,0,0.0,0.0
153,8,4.931846932236796,0,0.0,0.0
154,1,2.2353366818407965,0,0.0,0.0
154,2,2.613537415054495,0,0.0,0.0
154,3,1.3019324096065916,0,0.0,0.0
154,4,-0.18238129326586705,0,0.0,0.0
154,5,1.2901899308935578,0,0.0,0.0
154,6,4.9787788071058205,0,0.0,0.0
154,7,3.655896889703788,0,0.0,0.0
154,8,3.8064272107584993,0,0.0,0.0
155,1,2.1706307371668188,0,0.0,0.0
155,2,2.293130389218912,0,0.0,0.0
155,3,1.5524191656503716,0,0.0,0.0
155,4,1.7345673526666112,0,0.0,0.0
155,5,2.3958692309174596,0,0.0,0.0
155,6,3.255133242118051,0,0.0,0.0
155,7,5.128017725050193,0,0.0,0.0
155,8,4.450437867967811,0,0.0,0.0
156,1,1.8991952862500106,0,0.0,0.0
156,2,2.842436362281041,0,0.0,0.0
156,3,1.0034902521864504,0,0.0,0.0
156,4,3.4280281456849124,0,0.0,0.0
156,5,2.878597498549258,0,0.0,0.0
156,6,1.1570710574381033,0,0.0,0.0
156,7,2.0449967112250573,0,0.0,0.0
156,8,3.6550486416921837,0,0.0,0.0
157,1,1.88115502346488,0,0.0,0.0
157,2,1.9637313602125948,0,0.0,0.0
157,3,2.5342985020479625,0,0.0,0.0
157,4,4.8008752775589905,0,0.0,0.0
157,5,2.0808421800124863,0,0.0,0.0
157,6,3.822498440688575,0,0.0,0.0
157,7,4.6543673176861144,0,0.0,0.0
157,8,4.113658678333963,0,0.0,0.0
158,1,-3.3456071203278896,0,0.0,0.0
158,2,-4.473883199495176,0,0.0,0.0
158,3,-0.9640276481358028,0,0.0,0.0
158,4,-2.5555484179412646,0,0.0,0.0
158,5,0.6574662993676723,0,0.0,0.0
158,6,-0.9064081893282857,0,0.0,0.0
158,7,0.6541196999883525,0,0.0,0.0
158,8,0.07276326559801499,0,0.0,0.0
159,1,1.8024015049585373,0,0.0,0.0
159,2,1.749116003997059,0,0.0,0.0
159,3,2.9522692665853447,0,0.0,0.0
159,4,3.6511440316331143,0,0.0,0.0
159,5,3.0488868283038872,0,0.0,0.0
159,6,4.208100921359183,0,0.0,0.0
159,7,4.223046471161953,0,0.0,0.0
159,8,7.632809406833905,0,0.0,0.0
160,1,-1.5537696095722198,0,0.0,0.0
160,2,0.581193312035958,0,0.0,0.0
160,3,-0.6596611704682895,0,0.0,0.0
160,4,0.29524880187430674,0,0.0,0.0
160,5,-0.7854029113058705,0,0.0,0.0
160,6,0.5888885684715341,0,0.0,0.0
160,7,1.7464958311286456,0,0.0,0.0
160,8,3.621964991299266,0,0.0,0.0
161,1,-2.1626154934425514,0,0.0,0.0
161,2,-0.5008779099258234,0,0.0,0.0
161,3,-0.7438691609159023,0,0.0,0.0
161,4,0.7428030683458633,0,0.0,0.0
161,5,-0.44364048842387793,0,0.0,0.0
161,6,2.5056244395329816,0,0.0,0.0
161,7,0.1300055259670545,0,0.0,0.0
161,8,0.3489398946835085,0,0.0,0.0
162,1,-0.8268753374063991,0,0.0,0.0
162,2,3.2142021838407056,0,0.0,0.0
162,3,2.2026250849005327,0,0.0,0.0
162,4,1.5490567789023266,0,0.0,0.0
162,5,3.6322002091561303,0,0.0,0.0
162,6,3.5708696974004175,0,0.0,0.0
162,7,5.349304983658225,0,0.0,0.0
162,8,2.335344679542724,0,0.0,0.0
163,1,0.4026018983146539,0,0.0,0.0
163,2,0.705440622686083,0,0.0,0.0
163,3,-0.30572066977969303,0,0.0,0.0
163,4,3.228289211408603,0,0.0,0.0
163,5,2.3975654508255504,0,0.0,0.0
163,6,3.907593211615471,0,0.0,0.0
163,7,6.02773394095852,0,0.0,0.0
163,8,3.8147183148012997,0,0.0,0.0
164,1,-1.3081653118017167,0,0.0,0.0
164,2,-0.2683481594205655,0,0.0,0.0
164,3,1.100235023838848,0,0.0,0.0
164,4,0.046274645545288595,0,0.0,0.0
164,5,0.48202607372330786,0,0.0,0.0
164,6,2.6701769410968046,0,0.0,0.0
164,7,2.491626994693474,0,0.0,0.0
164,8,0.5682594078506176,0,0.0,0.0
165,1,0.9366719158668404,0,0.0,0.0
165,2,4.163299579163159,0,0.0,0.0
165,3,3.563991998414761,0,0.0,0.0
165,4,2.8998677842986993,0,0.0,0.0
165,5,3.9916540581009663,0,0.0,0.0
165,6,4.675300388137619,0,0.0,0.0
165,7,5.897797075616112,0,0.0,0.0
165,8,4.303800320477159,0,0.0,0.0
166,1,-3.025299471412272,0,0.0,0.0
166,2,-1.4113945778784251,0,0.0,0.0
166,3,-1.2841849132372642,0,0.0,0.0
166,4,-0.11249115010510402,0,0.0,0.0
166,5,-1.4138577301014117,0,0.0,0.0
166,6,0.6727783435295072,0,0.0,0.0
166,7,1.9072332866356583,0,0.0,0.0
166,8,1.8024682144074695,0,0.0,0.0
167,1,-0.17477575778352603,0,0.0,0.0
167,2,0.09022889988891121,0,0.0,0.0
167,3,-0.1487386503166197,0,0.0,0.0
167,4,1.1141139100150936,0,0.0,0.0
167,5,2.9458183553352884,0,0.0,0.0
167,6,2.067083995854757,0,0.0,0.0
167,7,1.7963085131064722,0,0.0,0.0
167,8,2.6938654136894957,0,0.0,0.0
168,1,-0.46889797259007115,0,0.0,0.0
168,2,-0.5432622670468483,0,0.0,0.0
168,3,0.8155550131971394,0,0.0,0.0
168,4,1.353095490883029,0,0.0,0.0
168,5,2.219234910538647,0,0.0,0.0
168,6,3.2538112023990315,0,0.0,0.0
168,7,3.3261104545063596,0,0.0,0.0
168,8,1.8960126659860388,0,0.0,0.0
169,1,-0.496708987254951,0,0.0,0.0
169,2,0.8310539828614969,0,0.0,0.0
169,3,0.9556501020819067,0,0.0,0.0
169,4,0.7684987323603785,0,0.0,0.0
169,5,1.965133665148327,0,0.0,0.0
169,6,2.432312525702282,0,0.0,0.0
169,7,2.7349777195601157,0,0.0,0.0
169,8,3.5910359731663157,0,0.0,0.0
170,1,2.2361794196128084,0,0.0,0.0
170,2,1.7569666105437167,0,0.0,0.0
170,3,4.529537645349947,0,0.0,0.0
170,4,2.7282367553141267,0,0.0,0.0
170,5,2.7676627953572255,0,0.0,0.0
170,6,3.5618614519493432,0,0.0,0.0
170,7,4.314220547738017,0,0.0,0.0
170,8,4.992982526465541,0,0.0,0.0
171,1,0.5609254266119343,0,0.0,0.0
171,2,-1.861106364224658,0,0.0,0.0
171,3,0.3432601589306462,0,0.0,0.0
171,4,0.19196469836703445,0,0.0,0.0
171,5,-1.086883641817707,0,0.0,0.0
171,6,1.7549128828476739,0,0.0,0.0
171,7,2.7518376615568156,0,0.0,0.0
171,8,1.127037696975481,0,0.0,0.0
172,1,1.9396314870204858,0,0.0,0.0
172,2,0.7232110929047526,0,0.0,0.0
172,3,1.6897588952281197,0,0.0,0.0
172,4,4.4965949325297085,0,0.0,0.0
172,5,3.482148848905022,0,0.0,0.0
172,6,3.3397623799744167,0,0.0,0.0
172,7,5.178025719370886,0,0.0,0.0
172,8,4.926152923481433,0,0.0,0.0
173,1,0.1551830788938634,0,0.0,0.0
173,2,1.8653307623443027,0,0.0,0.0
173,3,0.4642713777350529,0,0.0,0.0
173,4,1.220639523987567,0,0.0,0.0
173,5,2.780084728818268,0,0.0,0.0
173,6,4.095414527417605,0,0.0,0.0
173,7,4.864165038159249,0,0.0,0.0
173,8,3.4609430163077763,0,0.0,0.0
174,1,-2.346515539704173,0,0.0,0.0
174,2,-3.56803480009423,0,0.0,0.0
174,3,-0.457683159717021,0,0.0,0.0
174,4,-2.9176635320435493,0,0.0,0.0
174,5,0.044586304167909985,0,0.0,0.0
174,6,-1.4403786134425447,0,0.0,0.0
174,7,1.7293539481707794,0,0.0,0.0
174,8,0.8074282222286634,0,0.0,0.0
175,1,-4.433199410202284,0,0.0,0.0
175,2,-3.439421360336569,0,0.0,0.0
175,3,-1.6360016755703204,0,0.0,0.0
175,4,-0.8645384631785007,0,0.0,0.0
175,5,-1.4878984725185247,0,0.0,0.0
175,6,-0.8725245998305957,0,0.0,0.0
175,7,0.34117015185000343,0,0.0,0.0
175,8,0.21461554621675788,0,0.0,0.0
176,1,-0.8181434451969982,0,0.0,0.0
176,2,0.1623873895011969,0,0.0,0.0
176,3,1.7104813572930426,0,0.0,0.0
176,4,3.1908438306390714,0,0.0,0.0
176,5,4.091343838303425,0,0.0,0.0
176,6,3.754890834912828,0,0.0,0.0
176,7,3.7626521751777413,0,0.0,0.0
176,8,4.7241753001238544,0,0.0,0.0
177,1,-0.6086854857795638,0,0.0,0.0
177,2,0.4048344041690777,0,0.0,0.0
177,3,0.2339346430878153,0,0.0,0.0
177,4,0.3093227537195804,0,0.0,0.0
177,5,2.391614376063497,0,0.0,0.0
177,6,2.7435786710120356,0,0.0,0.0
177,7,3.7457178489363048,0,0.0,0.0
177,8,4.104177195319739,0,0.0,0.0
178,1,0.535804044174595,0,0.0,0.0
178,2,1.3497764385282873,0,0.0,0.0
178,3,1.2504766766232562,0,0.0,0.0
178,4,2.2060511680731336,0,0.0,0.0
178,5,1.5670153701643734,0,0.0,0.0
178,6,3.162865698489863,0,0.0,0.0
178,7,3.9615774581367424,0,0.0,0.0
178,8,3.1234783447785297,0,0.0,0.0
179,1,0.4958671859324108,0,0.0,0.0
179,2,0.32043257731020447,0,0.0,0.0
179,3,0.917528390423449,0,0.0,0.0
179,4,0.8191057318374093,0,0.0,0.0
179,5,3.7098100121061197,0,0.0,0.0
179,6,4.009720261659612,0,0.0,0.0
179,7,3.9814689411669013,0,0.0,0.0
179,8,5.916231038883378,0,0.0,0.0
180,1,0.7618739824519698,0,0.0,0.0
180,2,4.482882094130996,0,0.0,0.0
180,3,1.7235902636571412,0,0.0,0.0
180,4,2.706313030776378,0,0.0,0.0
180,5,2.5533417650801535,0,0.0,0.0
180,6,3.8234452390806664,0,0.0,0.0
180,7,4.786734606906606,0,0.0,0.0
180,8,4.337203285967277,0,0.0,0.0
181,1,4.17201906681422,0,0.0,0.0
181,2,3.13444850433006,0,0.0,0.0
181,3,3.6657846058067984,0,0.0,0.0
181,4,2.9863015251828817,0,0.0,0.0
181,5,4.8137982942469835,0,0.0,0.0
181,6,4.761271998887233,0,0.0,0.0
181,7,4.787059490359312,0,0.0,0.0
181,8,5.118824811548235,0,0.0,0.0
182,1,0.9495535779215687,0,0.0,0.0
182,2,-1.4856870520141519,0,0.0,0.0
182,3,-2.179195222616384,0,0.0,0.0
182,4,-0.920431261567689,0,0.0,0.0
182,5,0.22622235868867,0,0.0,0.0
182,6,1.3244572307813685,0,0.0,0.0
182,7,1.832586719890197,0,0.0,0.0
182,8,2.454404749941409,0,0.0,0.0
183,1,-2.4888034924389193,0,0.0,0.0
183,2,-1.0035027423000442,0,0.0,0.0
183,3,-1.7200026499121681,0,0.0,0.0
183,4,-0.9635861688156012,0,0.0,0.0
183,5,-0.761652160301849,0,0.0,0.0
183,6,-0.532332040399859,0,0.0,0.0
183,7,2.220266303056419,0,0.0,0.0
183,8,2.344668515177298,0,0.0,0.0
184,1,-0.7099823457966351,0,0.0,0.0
184,2,-1.1473346497504686,0,0.0,0.0
184,3,0.09015998309038153,0,0.0,0.0
184,4,-1.94793712041731,0,0.0,0.0
184,5,1.1764398022705902,0,0.0,0.0
184,6,0.9904721142302652,0,0.0,0.0
184,7,1.9404618843744006,0,0.0,0.0
184,8,2.193375583273848,0,0.0,0.0
185,1,0.09077817980052716,0,0.0,0.0
185,2,0.0797935589463672,0,0.0,0.0
185,3,1.3657791681544507,0,0.0,0.0
185,4,3.1427506156103258,0,0.0,0.0
185,5,3.767924749512809,0,0.0,0.0
185,6,2.209891056955551,0,0.0,0.0
185,7,3.0967339668691993,0,0.0,0.0
185,8,3.8545976483965747,0,0.0,0.0
186,1,2.6325896970260754,0,0.0,0.0
186,2,2.1278439264402387,0,0.0,0.0
186,3,2.5678429911527587,0,0.0,0.0
186,4,3.6680594608853374,0,0.0,0.0
186,5,5.076148593517897,0,0.0,0.0
186,6,4.309300417539401,0,0.0,0.0
186,7,5.874091247321125,0,0.0,0.0
186,8,7.548447573434706,0,0.0,0.0
187,1,-1.664458613892531,0,0.0,0.0
187,2,-0.06912463488956044,0,0.0,0.0
187,3,1.6620778572717516,0,0.0,0.0
187,4,0.7190527331571697,0,0.0,0.0
187,5,1.0636514326625601,0,0.0,0.0
187,6,3.3008169378274532,0,0.0,0.0
187,7,2.3311190445494314,0,0.0,0.0
187,8,4.2418161487265476,0,0.0,0.0
188,1,-4.07443429719211,0,0.0,0.0
188,2,-4.346244341229146,0,0.0,0.0
188,3,-3.0237091577217785,0,0.0,0.0
188,4,-2.6829501744732713,0,0.0,0.0
188,5,-1.482516867316835,0,0.0,0.0
188,6,-2.5517452261843276,0,0.0,0.0
188,7,-1.4621936215376894,0,0.0,0.0
188,8,-1.0649153679239465,0,0.0,0.0
189,1,-2.2038375835809663,0,0.0,0.0
189,2,-3.433164919664927,0,0.0,0.0
189,3,-0.8910086769828951,0,0.0,0.0
189,4,-0.9416569530503345,0,0.0,0.0
189,5,-2.2249107988536974,0,0.0,0.0
189,6,0.8002771002597493,0,0.0,0.0
189,7,2.3261073555769802,0,0.0,0.0
189,8,1.5938482443286568,0,0.0,0.0
190,1,0.2609113216344461,0,0.0,0.0
190,2,-0.5807020639894351,0,0.0,0.0
190,3,-1.8275783653305333,0,0.0,0.0
190,4,-1.510193896759548,0,0.0,0.0
190,5,1.0890085982757354,0,0.0,0.0
190,6,0.7419477466779968,0,0.0,0.0
190,7,0.9193502760806255,0,0.0,0.0
190,8,2.2711798704393016,0,0.0,0.0
191,1,0.00012751287085865926,0,0.0,0.0
191,2,-1.5682153217525767,0,0.0,0.0
191,3,-0.06433539527081433,0,0.0,0.0
191,4,2.394412908129886,0,0.0,0.0
191,5,0.30925384478819584,0,0.0,0.0
191,6,2.7543034121745267,0,0.0,0.0
191,7,1.8998114634605767,0,0.0,0.0
191,8,3.430335984859523,0,0.0,0.0
192,1,0.7805502526934144,0,0.0,0.0
192,2,0.9245045124755688,0,0.0,0.0
192,3,1.5923823477044237,0,0.0,0.0
192,4,0.031629212082591174,0,0.0,0.0
192,5,2.796882452231846,0,0.0,0.0
192,6,1.3305296308557275,0,0.0,0.0
192,7,2.9427645110620855,0,0.0,0.0
192,8,3.441468932487774,0,0.0,0.0
193,1,1.062284804831415,0,0.0,0.0
193,2,1.4141189220220247,0,0.0,0.0
193,3,0.733352267437111,0,0.0,0.0
193,4,0.7272948336661178,0,0.0,0.0
193,5,3.4495109259236028,0,0.0,0.0
193,6,3.2629968234807496,0,0.0,0.0
193,7,4.726539086919652,0,0.0,0.0
193,8,4.032429311773966,0,0.0,0.0
194,1,-1.5286570223218545,0,0.0,0.0
194,2,1.3426370193592119,0,0.0,0.0
194,3,0.5061367286939987,0,0.0,0.0
194,4,1.718510795776127,0,0.0,0.0
194,5,1.2290479098755867,0,0.0,0.0
194,6,4.020809048588797,0,0.0,0.0
194,7,1.999942514171909,0,0.0,0.0
194,8,3.0390775842489313,0,0.0,0.0
195,1,2.706127923784131,0,0.0,0.0
195,2,2.006496893999856,0,0.0,0.0
195,3,3.9291987496744096,0,0.0,0.0
195,4,5.710589698554305,0,0.0,0.0
195,5,4.108217060393104,0,0.0,0.0
195,6,5.49382204011854,0,0.0,0.0
195,7,2.849243835048259,0,0.0,0.0
195,8,6.059750020601974,0,0.0,0.0
196,1,-1.165076897288943,0,0.0,0.0
196,2,-1.1705322137731224,0,0.0,0.0
196,3,1.2294158582657946,0,0.0,0.0
196,4,0.32172170701343433,0,0.0,0.0
196,5,0.970487901543675,0,0.0,0.0
196,6,1.2707725138481913,0,0.0,0.0
196,7,0.231149516872186,0,0.0,0.0
196,8,1.5159789485603015,0,0.0,0.0
197,1,-0.26354243283086976,0,0.0,0.0
197,2,-2.834586565831058,0,0.0,0.0
197,3,-0.9909512685667916,0,0.0,0.0
197,4,-0.12435597524084985,0,0.0,0.0
197,5,2.5189859483404793,0,0.0,0.0
197,6,2.043967846545283,0,0.0,0.0
197,7,1.2181935539958144,0,0.0,0.0
197,8,3.579877778164465,0,0.0,0.0
198,1,0.7172352565398036,0,0.0,0.0
198,2,2.9668508807749285,0,0.0,0.0
198,3,1.0988738311179074,0,0.0,0.0
198,4,4.0310089088300805,0,0.0,0.0
198,5,3.0516174315699374,0,0.0,0.0
198,6,2.9292468360996535,0,0.0,0.0
198,7,4.240607463964609,0,0.0,0.0
198,8,5.235095256761138,0,0.0,0.0
199,1,-3.066032570377951,0,0.0,0.0
199,2,-1.5173306338569148,0,0.0,0.0
199,3,-2.154278023516306,0,0.0,0.0
199,4,-0.4509117459208807,0,0.0,0.0
199,5,-0.12906207781563905,0,0.0,0.0
199,6,-0.1322071945601736,0,0.0,0.0
199,7,-0.012666452218188406,0,0.0,0.0
199,8,1.0802566559130276,0,0.0,0.0
200,1,1.8296371536737035,0,0.0,0.0
200,2,3.841182563371613,0,0.0,0.0
200,3,3.2188038324381854,0,0.0,0.0
200,4,3.7553733604558457,0,0.0,0.0
200,5,6.367895605500288,0,0.0,0.0
200,6,4.295341887407848,0,0.0,0.0
200,7,4.764026921951707,0,0.0,0.0
200,8,5.483398484961659,0,0.0,0.0
201,1,-0.3038596101357194,0,0.0,0.0
201,2,0.7612047310337775,0,0.0,0.0
201,3,1.1989371007601997,0,0.0,0.0
201,4,2.852720344672095,0,0.0,0.0
201,5,2.5309318052313348,0,0.0,0.0
201,6,3.3433297929268364,0,0.0,0.0
201,7,4.792560987600998,0,0.0,0.0
201,8,5.068257106156673,0,0.0,0.0
202,1,0.04339401712241814,0,0.0,0.0
202,2,0.03511992328544267,0,0.0,0.0
202,3,2.3403897518168537,0,0.0,0.0
202,4,2.4790062010735308,0,0.0,0.0
202,5,0.5988582018682829,0,0.0,0.0
202,6,2.3919610812553844,0,0.0,0.0
202,7,3.3706304821804274,0,0.0,0.0
202,8,4.483944737284697,0,0.0,0.0
203,1,4.586653709238296,0,0.0,0.0
203,2,4.460458215473999,0,0.0,0.0
203,3,5.261799745657381,0,0.0,0.0
203,4,5.240689016676678,0,0.0,0.0
203,5,5.002700526117964,0,0.0,0.0
203,6,5.9152878232572705,0,0.0,0.0
203,7,6.695543400938633,0,0.0,0.0
203,8,7.141872964279935,0,0.0,0.0
204,1,-2.6299877950329065,0,0.0,0.0
204,2,-0.6418982255188671,0,0.0,0.0
204,3,0.311790762499716,0,0.0,0.0
204,4,0.4742151175048631,0,0.0,0.0
204,5,1.0087613138989784,0,0.0,0.0
204,6,2.2435764802151517,0,0.0,0.0
204,7,1.1766279223619303,0,0.0,0.0
204,8,1.127542895459353,0,0.0,0.0
205,1,4.272426550211482,0,0.0,0.0
205,2,5.884710746549946,0,0.0,0.0
205,3,7.308149380534795,0,0.0,0.0
205,4,6.9027245801428965,0,0.0,0.0
205,5,5.1523325811793095,0,0.0,0.0
205,6,6.888229101671386,0,0.0,0.0
205,7,7.877230722129686,0,0.0,0.0
205,8,8.298187457971748,0,0.0,0.0
206,1,0.5884416544866755,0,0.0,0.0
206,2,-0.3679118449169594,0,0.0,0.0
206,3,1.114080189094544,0,0.0,0.0
206,4,1.9694599313199304,0,0.0,0.0
206,5,2.8748080548474606,0,0.0,0.0
206,6,1.7434189349310092,0,0.0,0.0
206,7,2.703980234300903,0,0.0,0.0
206,8,0.8453194214704611,0,0.0,0.0
207,1,-2.6754948575182302,0,0.0,0.0
207,2,-2.0784477829114993,0,0.0,0.0
207,3,-2.073617398107899,0,0.0,0.0
207,4,-0.3884207397078046,0,0.0,0.0
207,5,-0.10997832198572452,0,0.0,0.0
207,6,-1.8132467675180677,0,0.0,0.0
207,7,1.1614750793613002,0,0.0,0.0
207,8,0.5176429792705163,0,0.0,0.0
208,1,1.1255281211801658,0,0.0,0.0
208,2,-0.1420120857390148,0,0.0,0.0
208,3,1.6698457005205907,0,0.0,0.0
208,4,1.8566758331031445,0,0.0,0.0
208,5,2.9429410469399806,0,0.0,0.0
208,6,3.264536439640997,0,0.0,0.0
208,7,3.384674986968196,0,0.0,0.0
208,8,2.6035668479454057,0,0.0,0.0
209,1,-3.1296983640985676,0,0.0,0.0
209,2,-1.7363773397297553,0,0.0,0.0
209,3,-0.6607702845671233,0,0.0,0.0
209,4,-0.7607383478366533,0,0.0,0.0
209,5,0.9727215299419293,0,0.0,0.0
209,6,0.56828868015078,0,0.0,0.0
209,7,0.38249687458295345,0,0.0,0.0
209,8,1.5694133063745543,0,0.0,0.0
210,1,-0.7776518593104481,0,0.0,0.0
210,2,-0.17862697680241607,0,0.0,0.0
210,3,1.8748674363661288,0,0.0,0.0
210,4,-0.17242103563041988,0,0.0,0.0
210,5,0.9230096427825991,0,0.0,0.0
210,6,1.922612251192426,0,0.0,0.0
210,7,1.9730653451721842,0,0.0,0.0
210,8,1.9958701583843463,0,0.0,0.0
211,1,-0.25519057631326136,0,0.0,0.0
211,2,1.2832320409779667,0,0.0,0.0
211,3,1.2203641873131812,0,0.0,0.0
211,4,1.0674599189072038,0,0.0,0.0
211,5,2.498387758360396,0,0.0,0.0
211,6,2.7469748792645277,0,0.0,0.0
211,7,4.877853145323931,0,0.0,0.0
211,8,5.395158437445276,0,0.0,0.0
212,1,0.7072848877193748,0,0.0,0.0
212,2,1.8509355467371285,0,0.0,0.0
212,3,0.7529215151877142,0,0.0,0.0
212,4,2.6168242271175557,0,0.0,0.0
212,5,4.010146078002595,0,0.0,0.0
212,6,4.936102066914352,0,0.0,0.0
212,7,3.898117095608936,0,0.0,0.0
212,8,6.16301903782777,0,0.0,0.0
213,1,-2.2600273220219878,0,0.0,0.0
213,2,-1.4919631996523088,0,0.0,0.0
213,3,0.9653264651293599,0,0.0,0.0
213,4,2.426785828054731,0,0.0,0.0
213,5,1.749096587675179,0,0.0,0.0
213,6,1.7153222129574712,0,0.0,0.0
213,7,0.060480852969274856,0,0.0,0.0
213,8,0.7332175434480042,0,0.0,0.0
214,1,2.60421982698867,0,0.0,0.0
214,2,2.6167476205216267,0,0.0,0.0
214,3,2.368975107940683,0,0.0,0.0
214,4,4.040342870922852,0,0.0,0.0
214,5,4.589941657600611,0,0.0,0.0
214,6,5.919226158633074,0,0.0,0.0
214,7,5.611412573105502,0,0.0,0.0
214,8,7.203204658427186,0,0.0,0.0
215,1,2.823009545591081,0,0.0,0.0
215,2,3.1996805212349315,0,0.0,0.0
215,3,4.87932770228945,0,0.0,0.0
215,4,3.336574636000833,0,0.0,0.0
215,5,7.629462969308429,0,0.0,0.0
215,6,5.690272994209003,0,0.0,0.0
215,7,6.19584476887994,0,0.0,0.0
215,8,6.8401114900148645,0,0.0,0.0
216,1,5.2497399884582245,0,0.0,0.0
216,2,4.665110924799189,0,0.0,0.0
216,3,2.7675475341226585,0,0.0,0.0
216,4,6.276073897894086,0,0.0,0.0
216,5,5.031706933681565,0,0.0,0.0
216,6,5.9797585859659055,0,0.0,0.0
216,7,5.093349540951316,0,0.0,0.0
216,8,7.398805531250478,0,0.0,0.0
217,1,0.9074525241838921,0,0.0,0.0
217,2,2.158996452244918,0,0.0,0.0
217,3,2.2747278088906615,0,0.0,0.0
217,4,4.983839615987296,0,0.0,0.0
217,5,5.541087114397034,0,0.0,0.0
217,6,4.105339984466186,0,0.0,0.0
217,7,4.6228045256203,0,0.0,0.0
217,8,4.68538384790193,0,0.0,0.0
218,1,4.332863715674184,0,0.0,0.0
218,2,3.39793755383802,0,0.0,0.0
218,3,3.805520149525698,0,0.0,0.0
218,4,5.705450287836362,0,0.0,0.0
218,5,4.688558328854748,0,0.0,0.0
218,6,5.6891023897228665,0,0.0,0.0
218,7,4.645546642660404,0,0.0,0.0
218,8,7.4310477692945645,0,0.0,0.0
219,1,-1.3207299167662467,0,0.0,0.0
219,2,-2.0403714831483235,0,0.0,0.0
219,3,-0.7997976884008104,0,0.0,0.0
219,4,-2.6076989921254463,0,0.0,0.0
219,5,-1.0252725739199147,0,0.0,0.0
219,6,-1.704756780317505,0,0.0,0.0
219,7,-0.4893624015294583,0,0.0,0.0
219,8,1.0106146214043894,0,0.0,0.0
220,1,-0.03399248415362652,0,0.0,0.0
220,2,-1.0484541198581467,0,0.0,0.0
220,3,-0.45084220279467857,0,0.0,0.0
220,4,-0.016977028747698908,0,0.0,0.0
220,5,2.3556394926826654,0,0.0,0.0
220,6,4.428081438399744,0,0.0,0.0
220,7,4.226645146743288,0,0.0,0.0
220,8,1.4682017035970107,0,0.0,0.0
221,1,0.18706542542293136,0,0.0,0.0
221,2,0.20238990436779458,0,0.0,0.0
221,3,-1.7793104581756103,0,0.0,0.0
221,4,-0.03721212935735008,0,0.0,0.0
221,5,1.861511898848957,0,0.0,0.0
221,6,1.8164229982879327,0,0.0,0.0
221,7,0.4568944349651618,0,0.0,0.0
221,8,2.8767316431493417,0,0.0,0.0
222,1,-1.3990488738258036,0,0.0,0.0
222,2,1.0156295464975729,0,0.0,0.0
222,3,2.876408491654833,0,0.0,0.0
222,4,2.256845937826104,0,0.0,0.0
222,5,2.2395141722928384,0,0.0,0.0
222,6,4.127797976027134,0,0.0,0.0
222,7,4.713203537341366,0,0.0,0.0
222,8,5.548491415121735,0,0.0,0.0
223,1,0.23144399005291272,0,0.0,0.0
223,2,0.9384763555436719,0,0.0,0.0
223,3,1.0900101190440599,0,0.0,0.0
223,4,1.1226302107229973,0,0.0,0.0
223,5,1.4466105613703395,0,0.0,0.0
223,6,1.6198418425091234,0,0.0,0.0
223,7,1.1447332685467997,0,0.0,0.0
223,8,1.9017900527867166,0,0.0,0.0
224,1,-0.11433016583467442,0,0.0,0.0
224,2,0.9091364757029645,0,0.0,0.0
224,3,2.6084969141047987,0,0.0,0.0
224,4,1.6258870882250227,0,0.0,0.0
224,5,3.1711606069781997,0,0.0,0.0
224,6,3.746999972532656,0,0.0,0.0
224,7,2.9362375184117444,0,0.0,0.0
224,8,4.262374527470719,0,0.0,0.0
225,1,4.020821718683237,0,0.0,0.0
225,2,6.086485654486575,0,0.0,0.0
225,3,5.9001930986740305,0,0.0,0.0
225,4,4.5738660057197436,0,0.0,0.0
225,5,6.425874412561945,0,0.0,0.0
225,6,8.412461922231978,0,0.0,0.0
225,7,7.0831187258613975,0,0.0,0.0
225,8,8.212064790503167,0,0.0,0.0
226,1,0.7064392448983887,0,0.0,0.0
226,2,-0.376062492005357,0,0.0,0.0
226,3,1.6712683563727575,0,0.0,0.0
226,4,0.26672525512461775,0,0.0,0.0
226,5,1.5349363007578474,0,0.0,0.0
226,6,3.7362833746534356,0,0.0,0.0
226,7,3.5173166974676016,0,0.0,0.0
226,8,3.3560825994127166,0,0.0,0.0
227,1,1.7740456556256152,0,0.0,0.0
227,2,1.7674923866252965,0,0.0,0.0
227,3,2.3401631367322615,0,0.0,0.0
227,4,3.4844031611005657,0,0.0,0.0
227,5,2.600216893721296,0,0.0,0.0
227,6,3.8679210399351187,0,0.0,0.0
227,7,4.015316439773775,0,0.0,0.0
227,8,3.2419812597801725,0,0.0,0.0
228,1,-0.8849944160977702,0,0.0,0.0
228,2,2.103667787215362,0,0.0,0.0
228,3,1.4201846547367636,0,0.0,0.0
228,4,0.2118730387501404,0,0.0,0.0
228,5,0.4951069643031192,0,0.0,0.0
228,6,2.4232974400409457,0,0.0,0.0
228,7,4.596647873328012,0,0.0,0.0
228,8,3.348703205347177,0,0.0,0.0
229,1,1.9584261293176835,0,0.0,0.0
229,2,1.5033573467323247,0,0.0,0.0
229,3,2.122677033759561,0,0.0,0.0
229,4,0.8157060666090978,0,0.0,0.0
229,5,3.5889494976634246,0,0.0,0.0
229,6,2.81649453864006,0,0.0,0.0
229,7,4.514519029524576,0,0.0,0.0
229,8,3.3372565939275547,0,0.0,0.0
230,1,0.6890827083820554,0,0.0,0.0
230,2,1.3640363148097745,0,0.0,0.0
230,3,1.3580000442962765,0,0.0,0.0
230,4,2.4165785539582996,0,0.0,0.0
230,5,2.2456362856796344,0,0.0,0.0
230,6,2.3629736078308636,0,0.0,0.0
230,7,5.1175167436661075,0,0.0,0.0
230,8,5.060986227233585,0,0.0,0.0
231,1,0.6357833868981423,0,0.0,0.0
231,2,2.4650924375409318,0,0.0,0.0
231,3,1.653969277245166,0,0.0,0.0
231,4,1.711963488283995,0,0.0,0.0
231,5,4.430457573345295,0,0.0,0.0
231,6,2.1925485062989134,0,0.0,0.0
231,7,5.32350404552286,0,0.0,0.0
231,8,4.64392581937326,0,0.0,0.0
232,1,2.6190684680138254,0,0.0,0.0
232,2,3.7403662907176436,0,0.0,0.0
232,3,4.411813883088606,0,0.0,0.0
232,4,3.504271894265445,0,0.0,0.0
232,5,5.548340679844417,0,0.0,0.0
232,6,5.443985609119577,0,0.0,0.0
232,7,4.574560278226315,0,0.0,0.0
232,8,6.160740587514614,0,0.0,0.0
233,1,5.176067010765585,0,0.0,0.0
233,2,5.971382793452356,0,0.0,0.0
233,3,5.512136452815336,0,0.0,0.0
233,4,4.104444507038289,0,0.0,0.0
233,5,6.285394897662547,0,0.0,0.0
233,6,7.1456488990658515,0,0.0,0.0
233,7,7.520495978525381,0,0.0,0.0
233,8,8.079742283894577,0,0.0,0.0
234,1,1.4825032430658645,0,0.0,0.0
234,2,1.5468278249877898,0,0.0,0.0
234,3,1.5108726679143152,0,0.0,0.0
234,4,0.7213046453168372,0,0.0,0.0
234,5,3.4588819305316845,0,0.0,0.0
234,6,3.8052930074705222,0,0.0,0.0
234,7,4.67681600664315,0,0.0,0.0
234,8,3.2816964705254392,0,0.0,0.0
235,1,2.3241104613862644,0,0.0,0.0
235,2,4.233638866691981,0,0.0,0.0
235,3,2.7575439028491155,0,0.0,0.0
235,4,3.1174284528646634,0,0.0,0.0
235,5,3.988096128156905,0,0.0,0.0
235,6,6.211430796781542,0,0.0,0.0
235,7,3.655446010371313,0,0.0,0.0
235,8,5.382300705465109,0,0.0,0.0
236,1,-2.601386440668778,0,0.0,0.0
236,2,-1.848733739216129,0,0.0,0.0
236,3,-0.8513193262530732,0,0.0,0.0
236,4,1.045594223242425,0,0.0,0.0
236,5,1.999261582317603,0,0.0,0.0
236,6,1.1464131262555726,0,0.0,0.0
236,7,0.8216762586053808,0,0.0,0.0
236,8,4.1910098482673845,0,0.0,0.0
237,1,-0.10330796616076132,0,0.0,0.0
237,2,0.2531106008090215,0,0.0,0.0
237,3,-0.45069652940996807,0,0.0,0.0
237,4,3.2203380844135023,0,0.0,0.0
237,5,3.2924921075400526,0,0.0,0.0
237,6,5.242052051285205,0,0.0,0.0
237,7,1.934723162950633,0,0.0,0.0
237,8,5.282417322647868,0,0.0,0.0
238,1,2.450714448133305,0,0.0,0.0
238,2,3.686679146567314,0,0.0,0.0
238,3,1.7328017886627067,0,0.0,0.0
238,4,5.348660752432475,0,0.0,0.0
238,5,5.167095681099008,0,0.0,0.0
238,6,4.84166889498096,0,0.0,0.0
238,7,6.025691617428299,0,0.0,0.0
238,8,5.115083628724928,0,0.0,0.0
239,1,1.652497191252607,0,0.0,0.0
239,2,2.26849266320891,0,0.0,0.0
239,3,1.3792094151440284,0,0.0,0.0
239,4,4.593695771037673,0,0.0,0.0
239,5,5.423530891016873,0,0.0,0.0
239,6,4.030593127070465,0,0.0,0.0
239,7,5.5801402927791255,0,0.0,0.0
239,8,5.466396802205071,0,0.0,0.0
240,1,1.251493427671131,0,0.0,0.0
240,2,0.7956422243790713,0,0.0,0.0
240,3,1.0397943095024647,0,0.0,0.0
240,4,3.475294351613843,0,0.0,0.0
240,5,2.8593488804656078,0,0.0,0.0
240,6,5.4453284164435765,0,0.0,0.0
240,7,3.9695294303842403,0,0.0,0.0
240,8,3.497141425239608,0,0.0,0.0
241,1,3.4997287955718437,0,0.0,0.0
241,2,3.4035880832819245,0,0.0,0.0
241,3,3.9996607828323283,0,0.0,0.0
241,4,4.9633885980038235,0,0.0,0.0
241,5,3.61999162529011,0,0.0,0.0
241,6,4.645534610150617,0,0.0,0.0
241,7,5.101338087648111,0,0.0,0.0
241,8,4.482041382220286,0,0.0,0.0
242,1,1.2179432678293942,0,0.0,0.0
242,2,3.3179128758644616,0,0.0,0.0
242,3,2.7188715217814847,0,0.0,0.0
242,4,1.6354720901426498,0,0.0,0.0
242,5,1.9256940063227026,0,0.0,0.0
242,6,5.646309476735909,0,0.0,0.0
242,7,4.391214407732508,0,0.0,0.0
242,8,4.334123212286021,0,0.0,0.0
243,1,2.62662075162164,0,0.0,0.0
243,2,1.923304762201311,0,0.0,0.0
243,3,5.323707666030263,0,0.0,0.0
243,4,4.007559578932614,0,0.0,0.0
243,5,6.2680140442570655,0,0.0,0.0
243,6,5.452264230965959,0,0.0,0.0
243,7,7.330144491087084,0,0.0,0.0
243,8,6.657307015561729,0,0.0,0.0
244,1,1.9319509767832983,0,0.0,0.0
244,2,2.297811360002559,0,0.0,0.0
244,3,2.7020093801661926,0,0.0,0.0
244,4,2.9266527910969327,0,0.0,0.0
244,5,2.845867597798637,0,0.0,0.0
244,6,5.494153005487082,0,0.0,0.0
244,7,3.171781328818321,0,0.0,0.0
244,8,4.583025956257382,0,0.0,0.0
245,1,-0.19651075593447384,0,0.0,0.0
245,2,0.6910441222014522,0,0.0,0.0
245,3,0.35913072296342957,0,0.0,0.0
245,4,1.6033496744475184,0,0.0,0.0
245,5,1.6197607836549643,0,0.0,0.0
245,6,0.7066508514200314,0,0.0,0.0
245,7,2.798155655114777,0,0.0,0.0
245,8,2.1880380358277787,0,0.0,0.0
246,1,-0.5627032485828538,0,0.0,0.0
246,2,1.808555834555432,0,0.0,0.0
246,3,2.6595658558856137,0,0.0,0.0
246,4,3.1983805559706235,0,0.0,0.0
246,5,3.7388532208857415,0,0.0,0.0
246,6,1.7390934929254367,0,0.0,0.0
246,7,2.810665585958578,0,0.0,0.0
246,8,6.6452039506797185,0,0.0,0.0
247,1,-6.408397511782588,0,0.0,0.0
247,2,-4.250347720568862,0,0.0,0.0
247,3,-5.048126373371398,0,0.0,0.0
247,4,-3.781516012437987,0,0.0,0.0
247,5,-3.9944429539791457,0,0.0,0.0
247,6,-2.2996475970859067,0,0.0,0.0
247,7,-2.2244146343888525,0,0.0,0.0
247,8,-2.309478525349785,0,0.0,0.0
248,1,0.2155993530893887,0,0.0,0.0
248,2,2.03354567026261,0,0.0,0.0
248,3,1.053052673727509,0,0.0,0.0
248,4,3.1932525148909376,0,0.0,0.0
248,5,5.892256381806999,0,0.0,0.0
248,6,5.115941524032111,0,0.0,0.0
248,7,4.984119359664262,0,0.0,0.0
248,8,4.680164175028951,0,0.0,0.0
249,1,-8.735578277433092,0,0.0,0.0
249,2,-7.619112046329752,0,0.0,0.0
249,3,-4.5140327943268534,0,0.0,0.0
249,4,-6.086581730554347,0,0.0,0.0
249,5,-5.496077748593613,0,0.0,0.0
249,6,-4.462476126113589,0,0.0,0.0
249,7,-4.858871909276122,0,0.0,0.0
249,8,-4.5235943849812035,0,0.0,0.0
250,1,-2.9974008875922578,0,0.0,0.0
250,2,-3.3384562694828723,0,0.0,0.0
250,3,-2.6879453945897307,0,0.0,0.0
250,4,-2.228117840957842,0,0.0,0.0
250,5,-0.42456660097636745,0,0.0,0.0
250,6,-0.6790525053061933,0,0.0,0.0
250,7,-0.12549878270468975,0,0.0,0.0
250,8,1.1500190824980472,0,0.0,0.0
251,1,1.261497593649028,0,0.0,0.0
251,2,1.6252834334247954,0,0.0,0.0
251,3,2.8739875574521387,0,0.0,0.0
251,4,3.571735045439599,0,0.0,0.0
251,5,3.256463702373364,0,0.0,0.0
251,6,3.9841449775024897,0,0.0,0.0
251,7,3.62174697214864,0,0.0,0.0
251,8,4.042854158717443,0,0.0,0.0
252,1,2.224206176500398,0,0.0,0.0
252,2,2.400000737078212,0,0.0,0.0
252,3,2.9103571129501664,0,0.0,0.0
252,4,3.235913023259113,0,0.0,0.0
252,5,3.5012619503485443,0,0.0,0.0
252,6,4.65147056535636,0,0.0,0.0
252,7,5.390167435556375,0,0.0,0.0
252,8,5.866286679724238,0,0.0,0.0
253,1,-1.9256354762258476,0,0.0,0.0
253,2,0.06213516962897714,0,0.0,0.0
253,3,-0.5963968785475398,0,0.0,0.0
253,4,0.30751863228593757,0,0.0,0.0
253,5,0.4572303305550188,0,0.0,0.0
253,6,0.9221491472043132,0,0.0,0.0
253,7,0.4393904494698194,0,0.0,0.0
253,8,2.3764932780649652,0,0.0,0.0
254,1,1.9210903111497615,0,0.0,0.0
254,2,-0.7989991585479608,0,0.0,0.0
254,3,0.14679063166707063,0,0.0,0.0
254,4,0.12959065189486008,0,0.0,0.0
254,5,0.5877760146801879,0,0.0,0.0
254,6,3.1202453943607953,0,0.0,0.0
254,7,1.4028248985146576,0,0.0,0.0
254,8,2.1017154428757614,0,0.0,0.0
255,1,1.6535891534969627,0,0.0,0.0
255,2,2.9834702526860166,0,0.0,0.0
255,3,2.5326820842749163,0,0.0,0.0
255,4,5.372886676440193,0,0.0,0.0
255,5,8.040779199065573,0,0.0,0.0
255,6,5.3744031835777415,0,0.0,0.0
255,7,4.574324044238026,0,0.0,0.0
255,8,7.641081641657998,0,0.0,0.0
256,1,-1.194985222075509,0,0.0,0.0
256,2,1.331286667408188,0,0.0,0.0
256,3,0.24991068906470298,0,0.0,0.0
256,4,0.40012404777186694,0,0.0,0.0
256,5,1.3539821811089612,0,0.0,0.0
256,6,2.789716497790835,0,0.0,0.0
256,7,2.3045191060989914,0,0.0,0.0
256,8,2.5352150340609425,0,0.0,0.0
257,1,4.787009021827099,0,0.0,0.0
257,2,4.213985440305085,0,0.0,0.0
257,3,6.38287222709995,0,0.0,0.0
257,4,4.69911403096106,0,0.0,0.0
257,5,6.541719170440455,0,0.0,0.0
257,6,8.245225833636713,0,0.0,0.0
257,7,8.288888907738688,0,0.0,0.0
257,8,9.076161197792361,0,0.0,0.0
258,1,0.43111462092849856,0,0.0,0.0
258,2,2.1659064746328243,0,0.0,0.0
258,3,2.4208594904171,0,0.0,0.0
258,4,2.442301297894982,0,0.0,0.0
258,5,3.4237060709608507,0,0.0,0.0
258,6,3.7465838480508844,0,0.0,0.0
258,7,3.0566967803004172,0,0.0,0.0
258,8,2.6522613819559737,0,0.0,0.0
259,1,1.7364344796051574,0,0.0,0.0
259,2,2.362161584593962,0,0.0,0.0
259,3,3.406544344901099,0,0.0,0.0
259,4,1.87975107871724,0,0.0,0.0
259,5,2.4096412944853705,0,0.0,0.0
259,6,4.275972620070304,0,0.0,0.0
259,7,4.244905364909448,0,0.0,0.0
259,8,2.9303107431914057,0,0.0,0.0
260,1,4.108856960751406,0,0.0,0.0
260,2,2.3813258820082606,0,0.0,0.0
260,3,3.788492245123839,0,0.0,0.0
260,4,6.5854301698573225,0,0.0,0.0
260,5,7.55862781480433,0,0.0,0.0
260,6,5.018092428525254,0,0.0,0.0
260,7,6.404357259584521,0,0.0,0.0
260,8,7.2763713200759215,0,0.0,0.0
261,1,2.543281159968407,0,0.0,0.0
261,2,0.7691852845624376,0,0.0,0.0
261,3,1.285170209353561,0,0.0,0.0
261,4,3.810779790849701,0,0.0,0.0
261,5,2.3872650796685813,0,0.0,0.0
261,6,3.9842559413532967,0,0.0,0.0
261,7,2.2849112672744116,0,0.0,0.0
261,8,4.090821488294513,0,0.0,0.0
262,1,-3.164284799708007,0,0.0,0.0
262,2,-2.060121742337307,0,0.0,0.0
262,3,0.3345133937706609,0,0.0,0.0
262,4,-0.054593352468315065,0,0.0,0.0
262,5,0.17620629806542293,0,0.0,0.0
262,6,0.24656241463747997,0,0.0,0.0
262,7,1.2746559653771148,0,0.0,0.0
262,8,2.2964252057190913,0,0.0,0.0
263,1,1.2634613030731816,0,0.0,0.0
263,2,-1.8446015874853825,0,0.0,0.0
263,3,0.4487839223486101,0,0.0,0.0
263,4,1.9396413388004254,0,0.0,0.0
263,5,2.181681980649134,0,0.0,0.0
263,6,3.183921339138145,0,0.0,0.0
263,7,3.5480853827379737,0,0.0,0.0
263,8,3.4756772336180126,0,0.0,0.0
264,1,-0.0980746683673589,0,0.0,0.0
264,2,0.6832770378843173,0,0.0,0.0
264,3,2.577520877442561,0,0.0,0.0
264,4,1.1967705947141036,0,0.0,0.0
264,5,2.3659718044758624,0,0.0,0.0
264,6,3.112120741618239,0,0.0,0.0
264,7,4.9891294574942755,0,0.0,0.0
264,8,3.628470269383505,0,0.0,0.0
265,1,-1.2706766483921699,0,0.0,0.0
265,2,-0.4975039011381086,0,0.0,0.0
265,3,-1.293237569393779,0,0.0,0.0
265,4,-0.9402022834798933,0,0.0,0.0
265,5,-0.5585369764513469,0,0.0,0.0
265,6,0.014693561354286844,0,0.0,0.0
265,7,1.6247565561737018,0,0.0,0.0
265,8,1.501526672852383,0,0.0,0.0
266,1,0.22362556648822268,0,0.0,0.0
266,2,-0.6368876530614817,0,0.0,0.0
266,3,0.02084577994311876,0,0.0,0.0
266,4,3.6317826820953334,0,0.0,0.0
266,5,1.8105101320296637,0,0.0,0.0
266,6,1.7135638617399933,0,0.0,0.0
266,7,4.419435022907651,0,0.0,0.0
266,8,3.7701444060019056,0,0.0,0.0
267,1,-0.4062292711303518,0,0.0,0.0
267,2,-0.622431263276407,0,0.0,0.0
267,3,-0.3030572785716775,0,0.0,0.0
267,4,0.34602943950783627,0,0.0,0.0
267,5,-0.36712235829350015,0,0.0,0.0
267,6,1.4276884025852292,0,0.0,0.0
267,7,2.311648889047744,0,0.0,0.0
267,8,4.36607904584888,0,0.0,0.0
268,1,2.434714579380084,0,0.0,0.0
268,2,0.5145384721645634,0,0.0,0.0
268,3,3.254730081590247,0,0.0,0.0
268,4,6.588219647483174,0,0.0,0.0
268,5,5.215081749359908,0,0.0,0.0
268,6,4.0378265705662795,0,0.0,0.0
268,7,5.939822028805425,0,0.0,0.0
268,8,5.106702089485128,0,0.0,0.0
269,1,-0.7845837711763463,0,0.0,0.0
269,2,0.720854385136439,0,0.0,0.0
269,3,1.6607501876093724,0,0.0,0.0
269,4,0.19706824593711558,0,0.0,0.0
269,5,1.4200644578318755,0,0.0,0.0
269,6,3.079559311552866,0,0.0,0.0
269,7,3.161050572381557,0,0.0,0.0
269,8,4.4640350195166025,0,0.0,0.0
270,1,-1.2802598256037014,0,0.0,0.0
270,2,1.1485222502581607,0,0.0,0.0
270,3,-0.2493505953553351,0,0.0,0.0
270,4,3.0771428036424897,0,0.0,0.0
270,5,0.21865021732654322,0,0.0,0.0
270,6,1.3418542313214472,0,0.0,0.0
270,7,3.351779304736689,0,0.0,0.0
270,8,5.098641753202498,0,0.0,0.0
271,1,0.6026791748710183,0,0.0,0.0
271,2,1.3504940589372385,0,0.0,0.0
271,3,1.3051730404279058,0,0.0,0.0
271,4,0.761237684639654,0,0.0,0.0
271,5,1.7974977905154683,0,0.0,0.0
271,6,1.575726418773571,0,0.0,0.0
271,7,2.008926170977976,0,0.0,0.0
271,8,4.189385058074594,0,0.0,0.0
272,1,-0.17693394527562945,0,0.0,0.0
272,2,1.7657980435356937,0,0.0,0.0
272,3,0.6444212845912347,0,0.0,0.0
272,4,2.742627056929087,0,0.0,0.0
272,5,2.45756146784937,0,0.0,0.0
272,6,4.852859570462977,0,0.0,0.0
272,7,4.2699629323913975,0,0.0,0.0
272,8,5.682026929806473,0,0.0,0.0
273,1,0.977981682954367,0,0.0,0.0
273,2,2.2897717396237267,0,0.0,0.0
273,3,1.7525412412632813,0,0.0,0.0
273,4,2.8200231566351412,0,0.0,0.0
273,5,3.4715241766349303,0,0.0,0.0
273,6,3.5077701786924207,0,0.0,0.0
273,7,3.518125540533865,0,0.0,0.0
273,8,3.8201110757269072,0,0.0,0.0
274,1,-3.83917257304616,0,0.0,0.0
274,2,-2.0557709208422206,0,0.0,0.0
274,3,0.1280694393330818,0,0.0,0.0
274,4,-1.5979229893520457,0,0.0,0.0
274,5,-0.8675473035920678,0,0.0,0.0
274,6,2.7914741138941523,0,0.0,0.0
274,7,0.8640794928129832,0,0.0,0.0
274,8,2.321621551826073,0,0.0,0.0
275,1,-0.940858118742049,0,0.0,0.0
275,2,-0.4206491354612635,0,0.0,0.0
275,3,-2.1054894958506036,0,0.0,0.0
275,4,-0.31423494514203393,0,0.0,0.0
275,5,-1.2014025347609358,0,0.0,0.0
275,6,3.3631425936677797,0,0.0,0.0
275,7,-0.1780505292581438,0,0.0,0.0
275,8,0.8689845158876361,0,0.0,0.0
276,1,1.6687575759635553,0,0.0,0.0
276,2,1.7126979540821796,0,0.0,0.0
276,3,5.061952340561605,0,0.0,0.0
276,4,6.631806331888556,0,0.0,0.0
276,5,4.233609311492443,0,0.0,0.0
276,6,3.8889352839606497,0,0.0,0.0
276,7,3.472432932079039,0,0.0,0.0
276,8,5.965249712282959,0,0.0,0.0
277,1,-0.6410391675709051,0,0.0,0.0
277,2,-0.47596987076960573,0,0.0,0.0
277,3,0.8967015095667672,0,0.0,0.0
277,4,1.5704993984060251,0,0.0,0.0
277,5,1.9984095135284394,0,0.0,0.0
277,6,1.8592013836220518,0,0.0,0.0
277,7,1.5737044260162771,0,0.0,0.0
277,8,3.841159353397255,0,0.0,0.0
278,1,-2.321170425772218,0,0.0,0.0
278,2,-0.945326660359098,0,0.0,0.0
278,3,-0.5436086357215169,0,0.0,0.0
278,4,-2.255446254240864,0,0.0,0.0
278,5,-1.7679063926513514,0,0.0,0.0
278,6,-0.5892249039342766,0,0.0,0.0
278,7,-0.38994959348441616,0,0.0,0.0
278,8,1.9215675907823524,0,0.0,0.0
279,1,1.7389350947541269,0,0.0,0.0
279,2,2.98680941255152,0,0.0,0.0
279,3,2.7841122361771276,0,0.0,0.0
279,4,3.096275000639578,0,0.0,0.0
279,5,4.587355199110379,0,0.0,0.0
279,6,4.357352758501258,0,0.0,0.0
279,7,4.455726382203928,0,0.0,0.0
279,8,6.368078452696895,0,0.0,0.0
280,1,1.541920495218164,0,0.0,0.0
280,2,1.6223990071474523,0,0.0,0.0
280,3,1.5889163532877242,0,0.0,0.0
280,4,3.629765071110785,0,0.0,0.0
280,5,4.663790153907843,0,0.0,0.0
280,6,3.8761522106319437,0,0.0,0.0
280,7,5.734655235845213,0,0.0,0.0
280,8,2.9567245800937982,0,0.0,0.0
281,1,-2.6168838893213278,0,0.0,0.0
281,2,-2.101525426617849,0,0.0,0.0
281,3,-2.28842488692076,0,0.0,0.0
281,4,1.3224305234684604,0,0.0,0.0
281,5,-0.627623147202174,0,0.0,0.0
281,6,-0.46916128611784613,0,0.0,0.0
281,7,0.46453159892009216,0,0.0,0.0
281,8,-1.0642442530392424,0,0.0,0.0
282,1,0.1990955055822975,0,0.0,0.0
282,2,2.442203400372617,0,0.0,0.0
282,3,1.3300180759944378,0,0.0,0.0
282,4,1.6300882681269413,0,0.0,0.0
282,5,4.268489067441613,0,0.0,0.0
282,6,4.799217831879042,0,0.0,0.0
282,7,4.475953903088355,0,0.0,0.0
282,8,4.003846096888545,0,0.0,0.0
283,1,1.7316951197404238,0,0.0,0.0
283,2,1.667016223281788,0,0.0,0.0
283,3,1.9763930658281021,0,0.0,0.0
283,4,2.4267496965483146,0,0.0,0.0
283,5,3.3531117780715394,0,0.0,0.0
283,6,3.436445194172002,0,0.0,0.0
283,7,3.407461066313598,0,0.0,0.0
283,8,5.690568854610652,0,0.0,0.0
284,1,1.4833684843059631,0,0.0,0.0
284,2,3.449565661840843,0,0.0,0.0
284,3,1.5804345350578233,0,0.0,0.0
284,4,3.0448734930357966,0,0.0,0.0
284,5,3.5614854826873277,0,0.0,0.0
284,6,3.494935342286993,0,0.0,0.0
284,7,4.993106492162202,0,0.0,0.0
284,8,5.52400209026324,0,0.0,0.0
285,1,2.0913740627203303,0,0.0,0.0
285,2,2.008323262474995,0,0.0,0.0
285,3,2.4064328589682553,0,0.0,0.0
285,4,1.8962090687257314,0,0.0,0.0
285,5,2.958045188905099,0,0.0,0.0
285,6,3.6419554436211024,0,0.0,0.0
285,7,3.639991205093356,0,0.0,0.0
285,8,5.703886934210455,0,0.0,0.0
286,1,-1.1119103271944881,0,0.0,0.0
286,2,-2.716600628510648,0,0.0,0.0
286,3,-1.025096760436861,0,0.0,0.0
286,4,-1.8426493357112084,0,0.0,0.0
286,5,-0.6134603671206602,0,0.0,0.0
286,6,-0.49886777535927396,0,0.0,0.0
286,7,1.2933574524249434,0,0.0,0.0
286,8,0.5126736299763236,0,0.0,0.0
287,1,2.173740723699038,0,0.0,0.0
287,2,1.4163595363301922,0,0.0,0.0
287,3,1.5124766003975605,0,0.0,0.0
287,4,1.4087750476472283,0,0.0,0.0
287,5,3.415284820287741,0,0.0,0.0
287,6,4.5572987122185715,0,0.0,0.0
287,7,4.435401566529266,0,0.0,0.0
287,8,6.900911976406816,0,0.0,0.0
288,1,1.3245479335295252,0,0.0,0.0
288,2,0.08723271634209129,0,0.0,0.0
288,3,0.5767330472520376,0,0.0,0.0
288,4,1.8644572005444602,0,0.0,0.0
288,5,1.0567413006334219,0,0.0,0.0
288,6,3.5610487875915937,0,0.0,0.0
288,7,3.2563610029026906,0,0.0,0.0
288,8,3.65121939191764,0,0.0,0.0
289,1,0.22137335032152672,0,0.0,0.0
289,2,1.7572495659197693,0,0.0,0.0
289,3,0.7053750347382155,0,0.0,0.0
289,4,0.9213793116793261,0,0.0,0.0
289,5,3.0431393058732885,0,0.0,0.0
289,6,3.001970098541846,0,0.0,0.0
289,7,2.213439842166988,0,0.0,0.0
289,8,3.0396061312097307,0,0.0,0.0
290,1,2.436492134778252,0,0.0,0.0
290,2,3.102924163444436,0,0.0,0.0
290,3,1.8845113679003394,0,0.0,0.0
290,4,2.198626611037893,0,0.0,0.0
290,5,3.3537211968369993,0,0.0,0.0
290,6,3.776372775828111,0,0.0,0.0
290,7,4.597287204866951,0,0.0,0.0
290,8,6.375821860929458,0,0.0,0.0
291,1,3.2896198650237216,0,0.0,0.0
291,2,4.154943626358648,0,0.0,0.0
291,3,3.234245611306199,0,0.0,0.0
291,4,4.496906818427515,0,0.0,0.0
291,5,6.045806683093301,0,0.0,0.0
291,6,6.553501479525262,0,0.0,0.0
291,7,5.7339751931605525,0,0.0,0.0
291,8,7.120211407728014,0,0.0,0.0
292,1,6.28758796268305,0,0.0,0.0
292,2,4.571142179945079,0,0.0,0.0
292,3,4.395553163058272,0,0.0,0.0
292,4,5.414977719838557,0,0.0,0.0
292,5,6.180917216727551,0,0.0,0.0
292,6,6.437571728510168,0,0.0,0.0
292,7,7.057385408524215,0,0.0,0.0
292,8,6.1452933122638775,0,0.0,0.0
293,1,2.1669852679258588,0,0.0,0.0
293,2,3.4802805059403124,0,0.0,0.0
293,3,3.964347772989373,0,0.0,0.0
293,4,4.063426468151809,0,0.0,0.0
293,5,4.952602156935373,0,0.0,0.0
293,6,5.690630598426015,0,0.0,0.0
293,7,7.019029199536335,0,0.0,0.0
293,8,6.530404007785759,0,0.0,0.0
294,1,0.6796348420378859,0,0.0,0.0
294,2,0.23893133530571165,0,0.0,0.0
294,3,1.8526273603381145,0,0.0,0.0
294,4,2.1562619343519893,0,0.0,0.0
294,5,3.146348639919452,0,0.0,0.0
294,6,3.49399209918412,0,0.0,0.0
294,7,3.8692672596207784,0,0.0,0.0
294,8,3.6821142280818524,0,0.0,0.0
295,1,1.4503795530971542,0,0.0,0.0
295,2,2.7689492545042125,0,0.0,0.0
295,3,1.5533657566498915,0,0.0,0.0
295,4,2.07703254735582,0,0.0,0.0
295,5,3.386871724003048,0,0.0,0.0
295,6,4.120720016318139,0,0.0,0.0
295,7,3.381333826788682,0,0.0,0.0
295,8,4.630677762639378,0,0.0,0.0
296,1,1.9396469693397027,0,0.0,0.0
296,2,0.3183656279650169,0,0.0,0.0
296,3,2.8140517543097276,0,0.0,0.0
296,4,3.3763279107200215,0,0.0,0.0
296,5,3.8733528007454683,0,0.0,0.0
296,6,5.949560018145756,0,0.0,0.0
296,7,3.8178474450596123,0,0.0,0.0
296,8,4.7090231723638745,0,0.0,0.0
297,1,-1.86983989972041,0,0.0,0.0
297,2,0.7614392324247834,0,0.0,0.0
297,3,1.3467123444729232,0,0.0,0.0
297,4,1.7323787222646678,0,0.0,0.0
297,5,3.850033238082684,0,0.0,0.0
297,6,4.1029734209358875,0,0.0,0.0
297,7,3.820212622866228,0,0.0,0.0
297,8,3.8717428450590616,0,0.0,0.0
298,1,1.7877180439299525,0,0.0,0.0
298,2,1.2417705159872372,0,0.0,0.0
298,3,0.943258336904631,0,0.0,0.0
298,4,0.5452796983385373,0,0.0,0.0
298,5,2.320213881927406,0,0.0,0.0
298,6,4.016171992995697,0,0.0,0.0
298,7,6.038067065366178,0,0.0,0.0
298,8,4.3231387220125645,0,0.0,0.0
299,1,1.3821507486320597,0,0.0,0.0
299,2,1.46254105546815,0,0.0,0.0
299,3,3.6994611600579628,0,0.0,0.0
299,4,1.8828902113680954,0,0.0,0.0
299,5,4.697851365157252,0,0.0,0.0
299,6,5.465217870015276,0,0.0,0.0
299,7,5.583785716985228,0,0.0,0.0
299,8,5.427844591813806,0,0.0,0.0
300,1,0.9463753614949502,3,1.9200640404360403,0.0
300,2,1.0523730790764356,3,1.9200640404360403,0.0
300,3,5.443438946959624,3,1.9200640404360403,4.840128080872081
300,4,8.571975111195242,3,1.9200640404360403,4.840128080872081
300,5,6.8698834092097005,3,1.9200640404360403,4.840128080872081
300,6,8.497315089270126,3,1.9200640404360403,4.840128080872081
300,7,5.802948506124501,3,1.9200640404360403,4.840128080872081
300,8,9.998033671601146,3,1.9200640404360403,4.840128080872081
301,1,0.5101898719072588,3,0.9802064628586966,0.0
301,2,-0.4287400856206848,3,0.9802064628586966,0.0
301,3,3.5606100877078286,3,0.9802064628586966,2.9604129257173932
301,4,4.060354234577633,3,0.9802064628586966,2.9604129257173932
301,5,3.359055483329346,3,0.9802064628586966,2.9604129257173932
301,6,5.048961358409411,3,0.9802064628586966,2.9604129257173932
301,7,4.193208583097515,3,0.9802064628586966,2.9604129257173932
301,8,4.893082129324744,3,0.9802064628586966,2.9604129257173932
302,1,0.7979970115405817,3,2.3994165362527906,0.0
302,2,1.1457115590284856,3,2.3994165362527906,0.0
302,3,5.763511438718072,3,2.3994165362527906,5.798833072505581
302,4,6.236310597332824,3,2.3994165362527906,5.798833072505581
302,5,6.824290338376192,3,2.3994165362527906,5.798833072505581
302,6,8.702526507299355,3,2.3994165362527906,5.798833072505581
302,7,7.469902160023467,3,2.3994165362527906,5.798833072505581
302,8,9.326599579869816,3,2.3994165362527906,5.798833072505581
303,1,2.5146675661017794,3,2.6386894097582836,0.0
303,2,2.1795753051743842,3,2.6386894097582836,0.0
303,3,10.055263271848979,3,2.6386894097582836,6.277378819516567
303,4,9.24088940549426,3,2.6386894097582836,6.277378819516567
303,5,9.831343973990137,3,2.6386894097582836,6.277378819516567
303,6,9.567953343852196,3,2.6386894097582836,6.277378819516567
303,7,12.062376922604257,3,2.6386894097582836,6.277378819516567
303,8,10.77867912800518,3,2.6386894097582836,6.277378819516567
304,1,0.8557584001149707,3,0.6215632555761401,0.0
304,2,0.9346705152739767,3,0.6215632555761401,0.0
304,3,2.696330030440529,3,0.6215632555761401,2.2431265111522802
304,4,3.6400099497288707,3,0.6215632555761401,2.2431265111522802
304,5,6.131985332592926,3,0.6215632555761401,2.2431265111522802
304,6,5.450770636186672,3,0.6215632555761401,2.2431265111522802
304,7,4.73996275218535,3,0.6215632555761401,2.2431265111522802
304,8,6.554441380900883,3,0.6215632555761401,2.2431265111522802
305,1,1.0343059221421307,3,0.8597705278412012,0.0
305,2,5.134466355980857,3,0.8597705278412012,0.0
305,3,5.185084850761351,3,0.8597705278412012,2.7195410556824022
305,4,5.0193361623527135,3,0.8597705278412012,2.7195410556824022
305,5,7.319988927206182,3,0.8597705278412012,2.7195410556824022
305,6,4.558924842126233,3,0.8597705278412012,2.7195410556824022
305,7,6.994281165800175,3,0.8597705278412012,2.7195410556824022
305,8,9.39438950410015,3,0.8597705278412012,2.7195410556824022
306,1,1.7239592000446256,3,1.7575489591502083,0.0
306,2,0.6068574397563007,3,1.7575489591502083,0.0
306,3,6.959338438294198,3,1.7575489591502083,4.515097918300416
306,4,9.309774443663832,3,1.7575489591502083,4.515097918300416
306,5,8.731325999025566,3,1.7575489591502083,4.515097918300416
306,6,8.016400293192277,3,1.7575489591502083,4.515097918300416
306,7,8.670013595525772,3,1.7575489591502083,4.515097918300416
306,8,9.295556131554982,3,1.7575489591502083,4.515097918300416
307,1,0.11151495825877694,3,1.4075895519348165,0.0
307,2,1.5885132071434338,3,1.4075895519348165,0.0
307,3,5.617919190873584,3,1.4075895519348165,3.815179103869633
307,4,5.521508360183542,3,1.4075895519348165,3.815179103869633
307,5,4.233851418016931,3,1.4075895519348165,3.815179103869633
307,6,4.737563664080973,3,1.4075895519348165,3.815179103869633
307,7,7.098748199288178,3,1.4075895519348165,3.815179103869633
307,8,5.72002508014152,3,1.4075895519348165,3.815179103869633
308,1,1.7869293061910076,3,1.6349290701678638,0.0
308,2,2.8166467734457887,3,1.6349290701678638,0.0
308,3,6.144760472232651,3,1.6349290701678638,4.269858140335728
308,4,6.7580921332364765,3,1.6349290701678638,4.269858140335728
308,5,8.188233403027521,3,1.6349290701678638,4.269858140335728
308,6,9.286004755119393,3,1.6349290701678638,4.269858140335728
308,7,10.343873238009097,3,1.6349290701678638,4.269858140335728
308,8,10.389407902365893,3,1.6349290701678638,4.269858140335728
309,1,1.3313418019089835,3,1.076244897998822,0.0
309,2,1.0114904533597397,3,1.076244897998822,0.0
309,3,4.339268007069913,3,1.076244897998822,3.152489795997644
309,4,5.3992979145852855,3,1.076244897998822,3.152489795997644
309,5,6.820110587895,3,1.076244897998822,3.152489795997644
309,6,7.246798709541776,3,1.076244897998822,3.152489795997644
309,7,5.31027301718931,3,1.076244897998822,3.152489795997644
309,8,7.12449797464693,3,1.076244897998822,3.152489795997644
310,1,-0.7651186222168014,3,2.559210947713496,0.0
310,2,-1.3904111260188179,3,2.559210947713496,0.0
310,3,3.731786808501049,3,2.559210947713496,6.118421895426992
310,4,8.004616903202185,3,2.559210947713496,6.118421895426992
310,5,6.11985398928927,3,2.559210947713496,6.118421895426992
310,6,7.033129680917442,3,2.559210947713496,6.118421895426992
310,7,7.548320477649169,3,2.559210947713496,6.118421895426992
310,8,7.281200255443848,3,2.559210947713496,6.118421895426992
311,1,2.6570359005510946,3,2.4324426730636923,0.0
311,2,6.0062845674384295,3,2.4324426730636923,0.0
311,3,11.252700798117624,3,2.4324426730636923,5.864885346127385
311,4,11.57143212960855,3,2.4324426730636923,5.864885346127385
311,5,11.825784120218085,3,2.4324426730636923,5.864885346127385
311,6,10.74617753813819,3,2.4324426730636923,5.864885346127385
311,7,13.527025120240147,3,2.4324426730636923,5.864885346127385
311,8,11.906362270488124,3,2.4324426730636923,5.864885346127385
312,1,-0.21820268936318654,3,1.704062913477804,0.0
312,2,-1.6408793929784011,3,1.704062913477804,0.0
312,3,2.865777488794256,3,1.704062913477804,4.408125826955608
312,4,5.724927542094891,3,1.704062913477804,4.408125826955608
312,5,5.097537072246868,3,1.704062913477804,4.408125826955608
312,6,4.417468768144502,3,1.704062913477804,4.408125826955608
312,7,7.447245842388851,3,1.704062913477804,4.408125826955608
312,8,9.526717110492566,3,1.704062913477804,4.408125826955608
313,1,-1.420630427790306,3,2.896840335366661,0.0
313,2,-2.56750857163604,3,2.896840335366661,0.0
313,3,4.9923352910599,3,2.896840335366661,6.793680670733322
313,4,6.371196241146868,3,2.896840335366661,6.793680670733322
313,5,7.105618004197861,3,2.896840335366661,6.793680670733322
313,6,6.139954265537256,3,2.896840335366661,6.793680670733322
313,7,7.017667700087529,3,2.896840335366661,6.793680670733322
313,8,7.784104791127492,3,2.896840335366661,6.793680670733322
314,1,-1.036211098893773,3,2.0828864980211472,0.0
314,2,-1.2231638611838715,3,2.0828864980211472,0.0
314,3,4.455600331800945,3,2.0828864980211472,5.1657729960422945
314,4,6.4555179066240775,3,2.0828864980211472,5.1657729960422945
314,5,6.785206279312576,3,2.0828864980211472,5.1657729960422945
314,6,6.5530961503057785,3,2.0828864980211472,5.1657729960422945
314,7,8.294794646892619,3,2.0828864980211472,5.1657729960422945
314,8,6.6892398146432726,3,2.0828864980211472,5.1657729960422945
315,1,0.08088312727273661,3,1.0728876680486408,0.0
315,2,-0.49957487782109344,3,1.0728876680486408,0.0
315,3,5.874711136955227,3,1.0728876680486408,3.1457753360972815
315,4,1.9112030879581599,3,1.0728876680486408,3.1457753360972815
315,5,2.914339762523296,3,1.0728876680486408,3.1457753360972815
315,6,4.522482842941185,3,1.0728876680486408,3.1457753360972815
315,7,5.00091906771963,3,1.0728876680486408,3.1457753360972815
315,8,7.0538239989156555,3,1.0728876680486408,3.1457753360972815
316,1,-0.06402804598446687,3,1.9825331427492965,0.0
316,2,2.009265156008951,3,1.9825331427492965,0.0
316,3,7.731875927495656,3,1.9825331427492965,4.965066285498593
316,4,7.7740607550343075,3,1.9825331427492965,4.965066285498593
316,5,6.60841658088934,3,1.9825331427492965,4.965066285498593
316,6,9.477171728067859,3,1.9825331427492965,4.965066285498593
316,7,9.798737854129072,3,1.9825331427492965,4.965066285498593
316,8,9.668997442604038,3,1.9825331427492965,4.965066285498593
317,1,0.15664667611647975,3,1.0207714853477023,0.0
317,2,0.6784069989518969,3,1.0207714853477023,0.0
317,3,3.9151061673635525,3,1.0207714853477023,3.0415429706954047
317,4,5.134627093855572,3,1.0207714853477023,3.0415429706954047
317,5,5.024976812547908,3,1.0207714853477023,3.0415429706954047
317,6,4.6453169842502895,3,1.0207714853477023,3.0415429706954047
317,7,4.945250314775338,3,1.0207714853477023,3.0415429706954047
317,8,5.741805705950638,3,1.0207714853477023,3.0415429706954047
318,1,0.048468307268266037,3,2.557998586697679,0.0
318,2,0.29938022828360694,3,2.557998586697679,0.0
318,3,7.157677031402921,3,2.557998586697679,6.115997173395358
318,4,7.9431463716602835,3,2.557998586697679,6.115997173395358
318,5,7.315012312197293,3,2.557998586697679,6.115997173395358
318,6,9.90799340645952,3,2.557998586697679,6.115997173395358
318,7,8.674622411066697,3,2.557998586697679,6.115997173395358
318,8,9.008906253332663,3,2.557998586697679,6.115997173395358
319,1,2.22179016829741,3,1.6080737666821234,0.0
319,2,0.40289372858988504,3,1.6080737666821234,0.0
319,3,6.165017014606285,3,1.6080737666821234,4.216147533364246
319,4,8.436624263021038,3,1.6080737666821234,4.216147533364246
319,5,6.218129535267094,3,1.6080737666821234,4.216147533364246
319,6,9.57312566126236,3,1.6080737666821234,4.216147533364246
319,7,10.466688030688339,3,1.6080737666821234,4.216147533364246
319,8,9.086096126505456,3,1.6080737666821234,4.216147533364246
320,1,1.4715634898117176,3,1.5031588867047747,0.0
320,2,2.798837807236434,3,1.5031588867047747,0.0
320,3,5.719279307751437,3,1.5031588867047747,4.006317773409549
320,4,7.553844016321138,3,1.5031588867047747,4.006317773409549
320,5,6.514919700664285,3,1.5031588867047747,4.006317773409549
320,6,7.208466202461778,3,1.5031588867047747,4.006317773409549
320,7,7.3867320314699825,3,1.5031588867047747,4.006317773409549
320,8,9.02871569498976,3,1.5031588867047747,4.006317773409549
321,1,2.290064793854122,3,1.172965582487548,0.0
321,2,1.4479828091714082,3,1.172965582487548,0.0
321,3,4.206777746351265,3,1.172965582487548,3.345931164975096
321,4,4.895320083976853,3,1.172965582487548,3.345931164975096
321,5,6.872626327634209,3,1.172965582487548,3.345931164975096
321,6,8.822143319657938,3,1.172965582487548,3.345931164975096
321,7,7.871751905578066,3,1.172965582487548,3.345931164975096
321,8,7.591130355612416,3,1.172965582487548,3.345931164975096
322,1,2.0858408815076697,3,3.0382165112812767,0.0
322,2,1.580158279070639,3,3.0382165112812767,0.0
322,3,9.017804719855732,3,3.0382165112812767,7.076433022562553
322,4,8.937630831524675,3,3.0382165112812767,7.076433022562553
322,5,11.804538781466295,3,3.0382165112812767,7.076433022562553
322,6,8.356882019724274,3,3.0382165112812767,7.076433022562553
322,7,12.193949137499208,3,3.0382165112812767,7.076433022562553
322,8,11.432344999422401,3,3.0382165112812767,7.076433022562553
323,1,1.3219286045528638,3,1.5261302131889003,0.0
323,2,3.924584492122289,3,1.5261302131889003,0.0
323,3,6.070398670182226,3,1.5261302131889003,4.052260426377801
323,4,6.604460608353867,3,1.5261302131889003,4.052260426377801
323,5,7.654135523462747,3,1.5261302131889003,4.052260426377801
323,6,8.698377148194515,3,1.5261302131889003,4.052260426377801
323,7,8.342673980089408,3,1.5261302131889003,4.052260426377801
323,8,7.710670831846392,3,1.5261302131889003,4.052260426377801
324,1,-4.581604864436652,3,1.3308742923284522,0.0
324,2,-1.9345728270903666,3,1.3308742923284522,0.0
324,3,1.02061869023753,3,1.3308742923284522,3.6617485846569044
324,4,1.8969291848058405,3,1.3308742923284522,3.6617485846569044
324,5,1.684420693928981,3,1.3308742923284522,3.6617485846569044
324,6,1.7863442049287488,3,1.3308742923284522,3.6617485846569044
324,7,4.623411350977429,3,1.3308742923284522,3.6617485846569044
324,8,3.257650044050938,3,1.3308742923284522,3.6617485846569044
325,1,-0.6722463840560493,3,1.3825549835905193,0.0
325,2,1.367265861826417,3,1.3825549835905193,0.0
325,3,3.813873103784731,3,1.3825549835905193,3.7651099671810386
325,4,4.441506118878119,3,1.3825549835905193,3.7651099671810386
325,5,5.546480146669015,3,1.3825549835905193,3.7651099671810386
325,6,6.036503566740296,3,1.3825549835905193,3.7651099671810386
325,7,6.79584481055533,3,1.3825549835905193,3.7651099671810386
325,8,9.127902552047605,3,1.3825549835905193,3.7651099671810386
326,1,-3.5241718826265775,3,2.1514770209842724,0.0
326,2,-5.738474091729748,3,2.1514770209842724,0.0
326,3,2.7688328564211577,3,2.1514770209842724,5.302954041968545
326,4,2.9804139074791958,3,2.1514770209842724,5.302954041968545
326,5,3.4859839373410546,3,2.1514770209842724,5.302954041968545
326,6,4.188481222385768,3,2.1514770209842724,5.302954041968545
326,7,4.413855625314797,3,2.1514770209842724,5.302954041968545
326,8,4.889921819934208,3,2.1514770209842724,5.302954041968545
327,1,1.185164063366377,3,1.9792580102638884,0.0
327,2,0.53003905640109,3,1.9792580102638884,0.0
327,3,5.582949538484192,3,1.9792580102638884,4.958516020527776
327,4,10.054417326745758,3,1.9792580102638884,4.958516020527776
327,5,6.814778430342134,3,1.9792580102638884,4.958516020527776
327,6,8.130778786583443,3,1.9792580102638884,4.958516020527776
327,7,7.034975623248,3,1.9792580102638884,4.958516020527776
327,8,9.147104289174788,3,1.9792580102638884,4.958516020527776
328,1,-0.44249149513802577,3,2.0266137682927705,0.0
328,2,0.5482611127012984,3,2.0266137682927705,0.0
328,3,7.589026257907975,3,2.0266137682927705,5.053227536585541
328,4,7.515971160514924,3,2.0266137682927705,5.053227536585541
328,5,8.11237111671167,3,2.0266137682927705,5.053227536585541
328,6,6.2727567537449875,3,2.0266137682927705,5.053227536585541
328,7,10.380856761965862,3,2.0266137682927705,5.053227536585541
328,8,7.852080281194976,3,2.0266137682927705,5.053227536585541
329,1,4.119625363873226,3,2.0450259962239974,0.0
329,2,4.112608415560847,3,2.0450259962239974,0.0
329,3,9.258449283812036,3,2.0450259962239974,5.090051992447995
329,4,8.326131761118974,3,2.0450259962239974,5.090051992447995
329,5,9.83270638684688,3,2.0450259962239974,5.090051992447995
329,6,9.710195131382495,3,2.0450259962239974,5.090051992447995
329,7,10.710156113532648,3,2.0450259962239974,5.090051992447995
329,8,10.931244282941796,3,2.0450259962239974,5.090051992447995
330,1,0.8366582788698333,3,4.810609544106244,0.0
330,2,4.4970529364268295,3,4.810609544106244,0.0
330,3,14.415380717105368,3,4.810609544106244,10.621219088212488
330,4,14.511687474152492,3,4.810609544106244,10.621219088212488
330,5,14.936160640824962,3,4.810609544106244,10.621219088212488
330,6,16.3549474500215,3,4.810609544106244,10.621219088212488
330,7,15.602731535360256,3,4.810609544106244,10.621219088212488
330,8,14.741312315180686,3,4.810609544106244,10.621219088212488
331,1,1.312679899713011,3,1.3455360607212927,0.0
331,2,1.9246530944615565,3,1.3455360607212927,0.0
331,3,5.396990393269688,3,1.3455360607212927,3.6910721214425855
331,4,4.948719342757311,3,1.3455360607212927,3.6910721214425855
331,5,6.685557758836605,3,1.3455360607212927,3.6910721214425855
331,6,5.632089849633731,3,1.3455360607212927,3.6910721214425855
331,7,6.56939162125966,3,1.3455360607212927,3.6910721214425855
331,8,7.345924281443159,3,1.3455360607212927,3.6910721214425855
332,1,0.3432169160977564,3,1.2761894369517852,0.0
332,2,-0.36333310523071677,3,1.2761894369517852,0.0
332,3,3.60379030733331,3,1.2761894369517852,3.5523788739035704
332,4,6.506349234521017,3,1.2761894369517852,3.5523788739035704
332,5,5.404119216298485,3,1.2761894369517852,3.5523788739035704
332,6,5.890651229584597,3,1.2761894369517852,3.5523788739035704
332,7,5.681955973900996,3,1.2761894369517852,3.5523788739035704
332,8,5.955285051472993,3,1.2761894369517852,3.5523788739035704
333,1,-0.716084214925675,3,1.0975864533799045,0.0
333,2,2.9390627570150336,3,1.0975864533799045,0.0
333,3,6.113804837607663,3,1.0975864533799045,3.195172906759809
333,4,5.9863291386378705,3,1.0975864533799045,3.195172906759809
333,5,6.528268430015029,3,1.0975864533799045,3.195172906759809
333,6,7.9016393941123395,3,1.0975864533799045,3.195172906759809
333,7,6.110785058771431,3,1.0975864533799045,3.195172906759809
333,8,7.575613800297479,3,1.0975864533799045,3.195172906759809
334,1,-1.6921381375411575,3,2.2433935817736077,0.0
334,2,1.7156740078381192,3,2.2433935817736077,0.0
334,3,6.806607420751889,3,2.2433935817736077,5.486787163547215
334,4,4.228259247763225,3,2.2433935817736077,5.486787163547215
334,5,5.417190262258613,3,2.2433935817736077,5.486787163547215
334,6,7.298606215541102,3,2.2433935817736077,5.486787163547215
334,7,7.458511676826164,3,2.2433935817736077,5.486787163547215
334,8,7.1065696808217,3,2.2433935817736077,5.486787163547215
335,1,2.4419769347637916,3,2.8993487603011556,0.0
335,2,1.3097546110958813,3,2.8993487603011556,0.0
335,3,8.770728540578705,3,2.8993487603011556,6.798697520602311
335,4,8.103897268483399,3,2.8993487603011556,6.798697520602311
335,5,10.018186364893616,3,2.8993487603011556,6.798697520602311
335,6,9.415479456733602,3,2.8993487603011556,6.798697520602311
335,7,10.012569044008114,3,2.8993487603011556,6.798697520602311
335,8,11.406914177540873,3,2.8993487603011556,6.798697520602311
336,1,0.8432750688612358,3,1.5574132488765529,0.0
336,2,4.569300493772518,3,1.5574132488765529,0.0
336,3,7.769488346398516,3,1.5574132488765529,4.114826497753105
336,4,9.368043340455065,3,1.5574132488765529,4.114826497753105
336,5,7.511679375055823,3,1.5574132488765529,4.114826497753105
336,6,8.163934007646448,3,1.5574132488765529,4.114826497753105
336,7,8.42519891007483,3,1.5574132488765529,4.114826497753105
336,8,10.33739680433948,3,1.5574132488765529,4.114826497753105
337,1,-0.5495593900606011,3,1.0832023162554651,0.0
337,2,-0.5799545112100277,3,1.0832023162554651,0.0
337,3,2.5367927476468037,3,1.0832023162554651,3.1664046325109303
337,4,2.7842656708012408,3,1.0832023162554651,3.1664046325109303
337,5,4.502378040061427,3,1.0832023162554651,3.1664046325109303
337,6,4.585275160943483,3,1.0832023162554651,3.1664046325109303
337,7,4.8652549481738205,3,1.0832023162554651,3.1664046325109303
337,8,7.597951426663693,3,1.0832023162554651,3.1664046325109303
338,1,2.029031600292268,3,1.091725412724941,0.0
338,2,3.8814002124119273,3,1.091725412724941,0.0
338,3,5.761555921252187,3,1.091725412724941,3.183450825449882
338,4,7.039584387733541,3,1.091725412724941,3.183450825449882
338,5,7.23933208767855,3,1.091725412724941,3.183450825449882
338,6,6.097185794416761,3,1.091725412724941,3.183450825449882
338,7,9.723146410198797,3,1.091725412724941,3.183450825449882
338,8,8.659654496902467,3,1.091725412724941,3.183450825449882
339,1,2.6012209570175653,3,2.282557201137633,0.0
339,2,1.6027740149230454,3,2.282557201137633,0.0
339,3,8.255072758080106,3,2.282557201137633,5.565114402275266
339,4,8.053064779736516,3,2.282557201137633,5.565114402275266
339,5,10.655915622423265,3,2.282557201137633,5.565114402275266
339,6,10.231326487110547,3,2.282557201137633,5.565114402275266
339,7,10.786970666340759,3,2.282557201137633,5.565114402275266
339,8,12.278101286764848,3,2.282557201137633,5.565114402275266
340,1,-0.25324233736262003,3,2.3907977230838755,0.0
340,2,-0.14424109812535768,3,2.3907977230838755,0.0
340,3,3.9502844648686453,3,2.3907977230838755,5.781595446167751
340,4,5.176332692389424,3,2.3907977230838755,5.781595446167751
340,5,5.368123675894755,3,2.3907977230838755,5.781595446167751
340,6,7.599545505531907,3,2.3907977230838755,5.781595446167751
340,7,7.542663753656159,3,2.3907977230838755,5.781595446167751
340,8,6.4814993782755135,3,2.3907977230838755,5.781595446167751
341,1,2.2590440434235743,3,2.163175182367632,0.0
341,2,1.4536759207160235,3,2.163175182367632,0.0
341,3,8.720982133100307,3,2.163175182367632,5.326350364735264
341,4,7.618766117182881,3,2.163175182367632,5.326350364735264
341,5,10.302966114554678,3,2.163175182367632,5.326350364735264
341,6,10.65210124720414,3,2.163175182367632,5.326350364735264
341,7,12.682087114516946,3,2.163175182367632,5.326350364735264
341,8,12.122011910667407,3,2.163175182367632,5.326350364735264
342,1,1.4742184349205074,3,1.1820440035724677,0.0
342,2,3.2152027840174964,3,1.1820440035724677,0.0
342,3,4.863556816942768,3,1.1820440035724677,3.3640880071449355
342,4,5.798748094206861,3,1.1820440035724677,3.3640880071449355
342,5,7.594363229963056,3,1.1820440035724677,3.3640880071449355
342,6,5.602971035140019,3,1.1820440035724677,3.3640880071449355
342,7,8.224059912954063,3,1.1820440035724677,3.3640880071449355
342,8,7.7409574057695245,3,1.1820440035724677,3.3640880071449355
343,1,0.8051588298985785,3,1.8516565327261851,0.0
343,2,0.12611541669805137,3,1.8516565327261851,0.0
343,3,6.831412977652874,3,1.8516565327261851,4.70331306545237
343,4,6.926492263865075,3,1.8516565327261851,4.70331306545237
343,5,8.807530757079014,3,1.8516565327261851,4.70331306545237
343,6,7.913899374299307,3,1.8516565327261851,4.70331306545237
343,7,7.638522035236219,3,1.8516565327261851,4.70331306545237
343,8,8.660278984370402,3,1.8516565327261851,4.70331306545237
344,1,-2.368883313072036,3,1.7477738712128685,0.0
344,2,-0.11850966134986446,3,1.7477738712128685,0.0
344,3,5.060751072685705,3,1.7477738712128685,4.495547742425737
344,4,7.440096863063251,3,1.7477738712128685,4.495547742425737
344,5,4.849064835766028,3,1.7477738712128685,4.495547742425737
344,6,5.70310625269525,3,1.7477738712128685,4.495547742425737
344,7,5.895142301932217,3,1.7477738712128685,4.495547742425737
344,8,7.183014527501657,3,1.7477738712128685,4.495547742425737
345,1,-0.8367215026715263,3,1.8392250204587852,0.0
345,2,-0.7717868815796508,3,1.8392250204587852,0.0
345,3,5.546363920639463,3,1.8392250204587852,4.67845004091757
345,4,4.343058500011653,3,1.8392250204587852,4.67845004091757
345,5,6.446212051657143,3,1.8392250204587852,4.67845004091757
345,6,6.4985358574075125,3,1.8392250204587852,4.67845004091757
345,7,6.448008083867484,3,1.8392250204587852,4.67845004091757
345,8,6.645101363009285,3,1.8392250204587852,4.67845004091757
346,1,1.8513426049253245,3,2.549033809089931,0.0
346,2,-0.8923338045481243,3,2.549033809089931,0.0
346,3,6.820675641342232,3,2.549033809089931,6.098067618179862
346,4,6.272523394131685,3,2.549033809089931,6.098067618179862
346,5,9.308363212995124,3,2.549033809089931,6.098067618179862
346,6,8.90956879317302,3,2.549033809089931,6.098067618179862
346,7,7.844392585532674,3,2.549033809089931,6.098067618179862
346,8,9.535337457805046,3,2.549033809089931,6.098067618179862
347,1,1.8428846478604755,3,1.8437430551255656,0.0
347,2,1.5685641646091817,3,1.8437430551255656,0.0
347,3,8.030839254063224,3,1.8437430551255656,4.687486110251131
347,4,8.161980427939461,3,1.8437430551255656,4.687486110251131
347,5,8.488373750721003,3,1.8437430551255656,4.687486110251131
347,6,8.730755325592721,3,1.8437430551255656,4.687486110251131
347,7,9.703729529434703,3,1.8437430551255656,4.687486110251131
347,8,10.00206269832751,3,1.8437430551255656,4.687486110251131
348,1,-1.3521570017777784,3,2.315109025171987,0.0
348,2,-1.5522662507903593,3,2.315109025171987,0.0
348,3,6.91273395630367,3,2.315109025171987,5.630218050343974
348,4,4.668547772192631,3,2.315109025171987,5.630218050343974
348,5,6.646603934420923,3,2.315109025171987,5.630218050343974
348,6,6.398726973239745,3,2.315109025171987,5.630218050343974
348,7,8.978514984990477,3,2.315109025171987,5.630218050343974
348,8,6.815485178317337,3,2.315109025171987,5.630218050343974
349,1,0.6397612354794078,3,1.7053826858756294,0.0
349,2,0.9052064339779146,3,1.7053826858756294,0.0
349,3,7.109254919941609,3,1.7053826858756294,4.410765371751259
349,4,5.912739209422357,3,1.7053826858756294,4.410765371751259
349,5,7.307261374233232,3,1.7053826858756294,4.410765371751259
349,6,6.133424046136714,3,1.7053826858756294,4.410765371751259
349,7,9.02621122311909,3,1.7053826858756294,4.410765371751259
349,8,8.785575010234737,3,1.7053826858756294,4.410765371751259
350,1,-3.4715678016886384,3,1.9051480066591553,0.0
350,2,-0.39790165478272654,3,1.9051480066591553,0.0
350,3,2.5191180571765868,3,1.9051480066591553,4.810296013318311
350,4,5.1237286455897415,3,1.9051480066591553,4.810296013318311
350,5,4.125744131573722,3,1.9051480066591553,4.810296013318311
350,6,6.928356333456952,3,1.9051480066591553,4.810296013318311
350,7,6.576335494487672,3,1.9051480066591553,4.810296013318311
350,8,5.3187370846874975,3,1.9051480066591553,4.810296013318311
351,1,-0.8252197210880042,3,2.2606313053328417,0.0
351,2,1.197388036346612,3,2.2606313053328417,0.0
351,3,6.350747311077819,3,2.2606313053328417,5.5212626106656835
351,4,6.94378293476662,3,2.2606313053328417,5.5212626106656835
351,5,8.885364303560083,3,2.2606313053328417,5.5212626106656835
351,6,7.364436568418029,3,2.2606313053328417,5.5212626106656835
351,7,8.70441921396344,3,2.2606313053328417,5.5212626106656835
351,8,10.067753235440291,3,2.2606313053328417,5.5212626106656835
352,1,1.5284129975336176,3,0.7956643046410439,0.0
352,2,1.0596828416273447,3,0.7956643046410439,0.0
352,3,4.021718237577447,3,0.7956643046410439,2.5913286092820877
352,4,3.0718086559091735,3,0.7956643046410439,2.5913286092820877
352,5,4.25437912576491,3,0.7956643046410439,2.5913286092820877
352,6,6.128983345004839,3,0.7956643046410439,2.5913286092820877
352,7,6.172741929487868,3,0.7956643046410439,2.5913286092820877
352,8,6.885551196996331,3,0.7956643046410439,2.5913286092820877
353,1,6.429513899751894,3,1.4051785714420704,0.0
353,2,4.7029371810555585,3,1.4051785714420704,0.0
353,3,9.964437130769324,3,1.4051785714420704,3.8103571428841407
353,4,10.889328396413191,3,1.4051785714420704,3.8103571428841407
353,5,10.496457495427457,3,1.4051785714420704,3.8103571428841407
353,6,13.132094546929391,3,1.4051785714420704,3.8103571428841407
353,7,13.10920423461512,3,1.4051785714420704,3.8103571428841407
353,8,12.99075076009073,3,1.4051785714420704,3.8103571428841407
354,1,-0.4603995317121483,3,1.3031881338288518,0.0
354,2,-3.253526590650877,3,1.3031881338288518,0.0
354,3,2.344018675511287,3,1.3031881338288518,3.6063762676577036
354,4,3.21808192555103,3,1.3031881338288518,3.6063762676577036
354,5,2.4371899098230467,3,1.3031881338288518,3.6063762676577036
354,6,4.152459498434697,3,1.3031881338288518,3.6063762676577036
354,7,3.2451624628290907,3,1.3031881338288518,3.6063762676577036
354,8,5.542302274891222,3,1.3031881338288518,3.6063762676577036
355,1,4.501863901109173,3,1.1978892813863127,0.0
355,2,4.216362534108595,3,1.1978892813863127,0.0
355,3,5.987009880687946,3,1.1978892813863127,3.3957785627726254
355,4,7.373014174586858,3,1.1978892813863127,3.3957785627726254
355,5,9.404517698966053,3,1.1978892813863127,3.3957785627726254
355,6,9.36100633926526,3,1.1978892813863127,3.3957785627726254
355,7,7.1458050780604045,3,1.1978892813863127,3.3957785627726254
355,8,11.582638079621132,3,1.1978892813863127,3.3957785627726254
356,1,0.9363413342283924,3,1.4368150230019505,0.0
356,2,0.48061016397451506,3,1.4368150230019505,0.0
356,3,6.668270471545125,3,1.4368150230019505,3.873630046003901
356,4,5.495774861071562,3,1.4368150230019505,3.873630046003901
356,5,5.9848627563742465,3,1.4368150230019505,3.873630046003901
356,6,7.531667524992497,3,1.4368150230019505,3.873630046003901
356,7,9.454353333220755,3,1.4368150230019505,3.873630046003901
356,8,9.796902051951347,3,1.4368150230019505,3.873630046003901
357,1,1.682055334936033,3,3.4815258335804034,0.0
357,2,2.2847294948822463,3,3.4815258335804034,0.0
357,3,11.07689443527756,3,3.4815258335804034,7.963051667160807
357,4,9.528411827823383,3,3.4815258335804034,7.963051667160807
357,5,11.929543840344715,3,3.4815258335804034,7.963051667160807
357,6,11.051322035049205,3,3.4815258335804034,7.963051667160807
357,7,12.603873569989315,3,3.4815258335804034,7.963051667160807
357,8,12.557927875585396,3,3.4815258335804034,7.963051667160807
358,1,1.2379041538906232,3,1.069385775599776,0.0
358,2,1.354799291782869,3,1.069385775599776,0.0
358,3,1.8024371071546612,3,1.069385775599776,3.138771551199552
358,4,5.554359089681142,3,1.069385775599776,3.138771551199552
358,5,6.517620330275224,3,1.069385775599776,3.138771551199552
358,6,6.821395726314415,3,1.069385775599776,3.138771551199552
358,7,6.772881431767382,3,1.069385775599776,3.138771551199552
358,8,9.017629069906366,3,1.069385775599776,3.138771551199552
359,1,1.7008267655121272,3,2.6755077550189386,0.0
359,2,2.3271269365835723,3,2.6755077550189386,0.0
359,3,9.784961040478912,3,2.6755077550189386,6.351015510037877
359,4,9.603062146124941,3,2.6755077550189386,6.351015510037877
359,5,8.84245139301414,3,2.6755077550189386,6.351015510037877
359,6,7.802131732648721,3,2.6755077550189386,6.351015510037877
359,7,10.263348244410262,3,2.6755077550189386,6.351015510037877
359,8,12.00141467230946,3,2.6755077550189386,6.351015510037877
360,1,-0.1604665401418413,3,0.7107497460086468,0.0
360,2,1.493808163557694,3,0.7107497460086468,0.0
360,3,3.7628574592135307,3,0.7107497460086468,2.4214994920172934
360,4,5.402195353555443,3,0.7107497460086468,2.4214994920172934
360,5,4.318912576172597,3,0.7107497460086468,2.4214994920172934
360,6,5.581744109860946,3,0.7107497460086468,2.4214994920172934
360,7,6.120014347828617,3,0.7107497460086468,2.4214994920172934
360,8,7.6157311559244505,3,0.7107497460086468,2.4214994920172934
361,1,1.7014630565806386,3,1.394530061451334,0.0
361,2,3.449692088361759,3,1.394530061451334,0.0
361,3,9.045676591206089,3,1.394530061451334,3.789060122902668
361,4,10.243056965596233,3,1.394530061451334,3.789060122902668
361,5,9.437231998459666,3,1.394530061451334,3.789060122902668
361,6,9.404456321396099,3,1.394530061451334,3.789060122902668
361,7,10.95427885449203,3,1.394530061451334,3.789060122902668
361,8,11.565863161049268,3,1.394530061451334,3.789060122902668
362,1,-0.7726039671167519,3,1.7884986636969116,0.0
362,2,0.4173650237281014,3,1.7884986636969116,0.0
362,3,6.344582301356347,3,1.7884986636969116,4.576997327393823
362,4,7.5545140322188296,3,1.7884986636969116,4.576997327393823
362,5,6.90665999817967,3,1.7884986636969116,4.576997327393823
362,6,6.708193935609971,3,1.7884986636969116,4.576997327393823
362,7,7.109979862906469,3,1.7884986636969116,4.576997327393823
362,8,8.221451596138001,3,1.7884986636969116,4.576997327393823
363,1,2.6487963018790452,3,2.2102622323880987,0.0
363,2,3.4541096433808836,3,2.2102622323880987,0.0
363,3,8.127117344603818,3,2.2102622323880987,5.420524464776197
363,4,10.982050805625851,3,2.2102622323880987,5.420524464776197
363,5,9.044808881986015,3,2.2102622323880987,5.420524464776197
363,6,10.25288184868168,3,2.2102622323880987,5.420524464776197
363,7,11.282586869986506,3,2.2102622323880987,5.420524464776197
363,8,13.675980489023331,3,2.2102622323880987,5.420524464776197
364,1,-1.2114172252783733,3,2.3528168970203938,0.0
364,2,-0.9547500543864421,3,2.3528168970203938,0.0
364,3,5.366082636280948,3,2.3528168970203938,5.7056337940407875
364,4,8.075796721226055,3,2.3528168970203938,5.7056337940407875
364,5,4.10455256010872,3,2.3528168970203938,5.7056337940407875
364,6,6.414161541466155,3,2.3528168970203938,5.7056337940407875
364,7,10.648188262774294,3,2.3528168970203938,5.7056337940407875
364,8,9.007781627106379,3,2.3528168970203938,5.7056337940407875
365,1,-0.7264886421417939,3,2.451435123114196,0.0
365,2,0.8375783250226546,3,2.451435123114196,0.0
365,3,7.34982111949368,3,2.451435123114196,5.902870246228392
365,4,8.628491799331425,3,2.451435123114196,5.902870246228392
365,5,10.121868556248382,3,2.451435123114196,5.902870246228392
365,6,9.170918234705034,3,2.451435123114196,5.902870246228392
365,7,8.742578250412858,3,2.451435123114196,5.902870246228392
365,8,10.569450995524022,3,2.451435123114196,5.902870246228392
366,1,-2.3421778014432997,3,1.3849131967877812,0.0
366,2,-2.1772626005694677,3,1.3849131967877812,0.0
366,3,1.365992417038679,3,1.3849131967877812,3.7698263935755625
366,4,2.0607728944947232,3,1.3849131967877812,3.7698263935755625
366,5,3.229456132870852,3,1.3849131967877812,3.7698263935755625
366,6,3.448111521294253,3,1.3849131967877812,3.7698263935755625
366,7,5.439137816369842,3,1.3849131967877812,3.7698263935755625
366,8,4.426499463171089,3,1.3849131967877812,3.7698263935755625
367,1,-1.733618861329704,3,1.3084249736503264,0.0
367,2,0.8661356661055741,3,1.3084249736503264,0.0
367,3,5.555037740274273,3,1.3084249736503264,3.616849947300653
367,4,5.921447900123727,3,1.3084249736503264,3.616849947300653
367,5,8.546422067304878,3,1.3084249736503264,3.616849947300653
367,6,6.913354828706543,3,1.3084249736503264,3.616849947300653
367,7,8.907820851194892,3,1.3084249736503264,3.616849947300653
367,8,8.507914788314832,3,1.3084249736503264,3.616849947300653
368,1,3.347947188180469,3,2.531945401418385,0.0
368,2,3.0548716250050307,3,2.531945401418385,0.0
368,3,10.39536006510907,3,2.531945401418385,6.06389080283677
368,4,10.18904658979242,3,2.531945401418385,6.06389080283677
368,5,11.624167030944408,3,2.531945401418385,6.06389080283677
368,6,11.717893084066148,3,2.531945401418385,6.06389080283677
368,7,11.509514783498236,3,2.531945401418385,6.06389080283677
368,8,13.946037056390432,3,2.531945401418385,6.06389080283677
369,1,0.7721281203797172,3,1.498325030048079,0.0
369,2,0.3972249062160436,3,1.498325030048079,0.0
369,3,5.48743074748976,3,1.498325030048079,3.996650060096158
369,4,5.758115178952487,3,1.498325030048079,3.996650060096158
369,5,5.474346763191176,3,1.498325030048079,3.996650060096158
369,6,6.912433929475613,3,1.498325030048079,3.996650060096158
369,7,6.720925945647075,3,1.498325030048079,3.996650060096158
369,8,6.897003864834351,3,1.498325030048079,3.996650060096158
370,1,-1.516538727674344,3,0.8712353241250992,0.0
370,2,0.2476212490535502,3,0.8712353241250992,0.0
370,3,4.415669910426103,3,0.8712353241250992,2.7424706482501984
370,4,3.6540398974635195,3,0.8712353241250992,2.7424706482501984
370,5,7.369407943000349,3,0.8712353241250992,2.7424706482501984
370,6,6.234384904495112,3,0.8712353241250992,2.7424706482501984
370,7,7.153029383502857,3,0.8712353241250992,2.7424706482501984
370,8,7.143942262916138,3,0.8712353241250992,2.7424706482501984
371,1,0.12363104880271925,3,0.9355285577579577,0.0
371,2,-2.0162359096083957,3,0.9355285577579577,0.0
371,3,-0.41891419627855964,3,0.9355285577579577,2.8710571155159155
371,4,2.195697581027179,3,0.9355285577579577,2.8710571155159155
371,5,3.7000417649275996,3,0.9355285577579577,2.8710571155159155
371,6,3.7933401611280404,3,0.9355285577579577,2.8710571155159155
371,7,4.417295800347846,3,0.9355285577579577,2.8710571155159155
371,8,5.962733192049934,3,0.9355285577579577,2.8710571155159155
372,1,0.4234722673578834,3,1.041095846540485,0.0
372,2,1.3403276204864052,3,1.041095846540485,0.0
372,3,3.184043644123595,3,1.041095846540485,3.08219169308097
372,4,3.528212696760317,3,1.041095846540485,3.08219169308097
372,5,6.737720309000841,3,1.041095846540485,3.08219169308097
372,6,5.724507921123422,3,1.041095846540485,3.08219169308097
372,7,5.500377202530219,3,1.041095846540485,3.08219169308097
372,8,6.002211892429235,3,1.041095846540485,3.08219169308097
373,1,-3.334711641081313,3,2.1139967964020867,0.0
373,2,-2.894547540488897,3,2.1139967964020867,0.0
373,3,2.259257270757458,3,2.1139967964020867,5.227993592804173
373,4,2.5419846711406096,3,2.1139967964020867,5.227993592804173
373,5,4.347400695706699,3,2.1139967964020867,5.227993592804173
373,6,4.449479203040719,3,2.1139967964020867,5.227993592804173
373,7,6.6495643588044135,3,2.1139967964020867,5.227993592804173
373,8,6.335481726628035,3,2.1139967964020867,5.227993592804173
374,1,-1.0604382933596714,3,1.770413027147867,0.0
374,2,-1.5688763809921051,3,1.770413027147867,0.0
374,3,4.0940416650781035,3,1.770413027147867,4.540826054295734
374,4,5.07607118448952,3,1.770413027147867,4.540826054295734
374,5,5.931265820570755,3,1.770413027147867,4.540826054295734
374,6,5.621178254339714,3,1.770413027147867,4.540826054295734
374,7,7.294193860182289,3,1.770413027147867,4.540826054295734
374,8,6.723059389766022,3,1.770413027147867,4.540826054295734
375,1,1.7464192107359509,3,2.328542829876569,0.0
375,2,0.9637198836291205,3,2.328542829876569,0.0
375,3,5.798069385402767,3,2.328542829876569,5.657085659753138
375,4,8.37901673998993,3,2.328542829876569,5.657085659753138
375,5,9.335981815118034,3,2.328542829876569,5.657085659753138
375,6,9.686005083778978,3,2.328542829876569,5.657085659753138
375,7,10.03284441340885,3,2.328542829876569,5.657085659753138
375,8,9.762070786016421,3,2.328542829876569,5.657085659753138
376,1,2.3312801440372,3,1.331589946608422,0.0
376,2,4.189754664526573,3,1.331589946608422,0.0
376,3,8.22765370489791,3,1.331589946608422,3.663179893216844
376,4,7.74030719785581,3,1.331589946608422,3.663179893216844
376,5,9.910630477891694,3,1.331589946608422,3.663179893216844
376,6,8.418340774152036,3,1.331589946608422,3.663179893216844
376,7,9.217682909908596,3,1.331589946608422,3.663179893216844
376,8,11.9376315010413,3,1.331589946608422,3.663179893216844
377,1,6.987003660192919,3,1.7847348227966928,0.0
377,2,6.260412416567983,3,1.7847348227966928,0.0
377,3,11.975272077695942,3,1.7847348227966928,4.569469645593386
377,4,12.34268361257623,3,1.7847348227966928,4.569469645593386
377,5,9.942277503075013,3,1.7847348227966928,4.569469645593386
377,6,12.28141741857901,3,1.7847348227966928,4.569469645593386
377,7,13.637044750943112,3,1.7847348227966928,4.569469645593386
377,8,13.831279891493086,3,1.7847348227966928,4.569469645593386
378,1,-0.42606760531138077,3,2.2542001220825774,0.0
378,2,0.9563121428061185,3,2.2542001220825774,0.0
378,3,5.513694289369426,3,2.2542001220825774,5.508400244165155
378,4,5.277575277900489,3,2.2542001220825774,5.508400244165155
378,5,7.160081732534398,3,2.2542001220825774,5.508400244165155
378,6,7.00860674045555,3,2.2542001220825774,5.508400244165155
378,7,7.679166573201451,3,2.2542001220825774,5.508400244165155
378,8,8.043456354870274,3,2.2542001220825774,5.508400244165155
379,1,5.612438113301866,3,1.4124513347066177,0.0
379,2,1.6298960522929349,3,1.4124513347066177,0.0
379,3,7.807169079571469,3,1.4124513347066177,3.8249026694132353
379,4,8.691813957055723,3,1.4124513347066177,3.8249026694132353
379,5,8.414360490421336,3,1.4124513347066177,3.8249026694132353
379,6,10.5953288148324,3,1.4124513347066177,3.8249026694132353
379,7,11.008760661423755,3,1.4124513347066177,3.8249026694132353
379,8,10.647748364215575,3,1.4124513347066177,3.8249026694132353
380,1,0.7168312054596016,3,2.071737482589971,0.0
380,2,1.3755481265716487,3,2.071737482589971,0.0
380,3,7.026193272335426,3,2.071737482589971,5.143474965179942
380,4,7.5526068978574745,3,2.071737482589971,5.143474965179942
380,5,7.942980824466439,3,2.071737482589971,5.143474965179942
380,6,8.88342924057563,3,2.071737482589971,5.143474965179942
380,7,9.884191990811104,3,2.071737482589971,5.143474965179942
380,8,8.40071977838466,3,2.071737482589971,5.143474965179942
381,1,-0.8531591927259007,3,1.1841639870730238,0.0
381,2,-1.0510133229762753,3,1.1841639870730238,0.0
381,3,5.432230081010895,3,1.1841639870730238,3.3683279741460477
381,4,5.316155973843759,3,1.1841639870730238,3.3683279741460477
381,5,6.071100196586066,3,1.1841639870730238,3.3683279741460477
381,6,4.636334442289828,3,1.1841639870730238,3.3683279741460477
381,7,8.350780803533434,3,1.1841639870730238,3.3683279741460477
381,8,6.4569817725079375,3,1.1841639870730238,3.3683279741460477
382,1,1.5333947105635604,3,1.375026600455828,0.0
382,2,2.7195735641306764,3,1.375026600455828,0.0
382,3,5.128262348567889,3,1.375026600455828,3.750053200911656
382,4,6.0689177458512935,3,1.375026600455828,3.750053200911656
382,5,7.294413878964835,3,1.375026600455828,3.750053200911656
382,6,10.472715179828667,3,1.375026600455828,3.750053200911656
382,7,8.416366847215984,3,1.375026600455828,3.750053200911656
382,8,10.22160325499468,3,1.375026600455828,3.750053200911656
383,1,1.829506112551874,3,1.3622408845615475,0.0
383,2,1.491843003854437,3,1.3622408845615475,0.0
383,3,4.3591189648523345,3,1.3622408845615475,3.724481769123095
383,4,6.908068347301248,3,1.3622408845615475,3.724481769123095
383,5,4.850204394834966,3,1.3622408845615475,3.724481769123095
383,6,8.449189860160105,3,1.3622408845615475,3.724481769123095
383,7,7.548320044701269,3,1.3622408845615475,3.724481769123095
383,8,5.198091189184837,3,1.3622408845615475,3.724481769123095
384,1,0.3802853561925982,3,0.9067215992435972,0.0
384,2,1.8747392721473775,3,0.9067215992435972,0.0
384,3,4.297210776671864,3,0.9067215992435972,2.813443198487194
384,4,5.749240460705204,3,0.9067215992435972,2.813443198487194
384,5,4.684210481999336,3,0.9067215992435972,2.813443198487194
384,6,4.728252276924024,3,0.9067215992435972,2.813443198487194
384,7,6.462789246664026,3,0.9067215992435972,2.813443198487194
384,8,7.065800317001545,3,0.9067215992435972,2.813443198487194
385,1,-0.6650506767156599,3,2.1032552012259096,0.0
385,2,1.4106248209888541,3,2.1032552012259096,0.0
385,3,5.039636701659423,3,2.1032552012259096,5.206510402451819
385,4,6.70300968413083,3,2.1032552012259096,5.206510402451819
385,5,6.957814047962106,3,2.1032552012259096,5.206510402451819
385,6,5.833128124662397,3,2.1032552012259096,5.206510402451819
385,7,6.570813893129968,3,2.1032552012259096,5.206510402451819
385,8,8.401755093047111,3,2.1032552012259096,5.206510402451819
386,1,-0.3150193209107375,3,1.3038205381282821,0.0
386,2,-1.2169495076988905,3,1.3038205381282821,0.0
386,3,0.5857869315142303,3,1.3038205381282821,3.6076410762565643
386,4,-0.2990663084604748,3,1.3038205381282821,3.6076410762565643
386,5,4.044475349663243,3,1.3038205381282821,3.6076410762565643
386,6,3.715208273730664,3,1.3038205381282821,3.6076410762565643
386,7,5.452687726169232,3,1.3038205381282821,3.6076410762565643
386,8,3.9307038359474213,3,1.3038205381282821,3.6076410762565643
387,1,-2.2370379071856368,3,1.6590531687420103,0.0
387,2,-1.2410769420163006,3,1.6590531687420103,0.0
387,3,2.2833922942333755,3,1.6590531687420103,4.3181063374840205
387,4,2.804770362208792,3,1.6590531687420103,4.3181063374840205
387,5,3.7561187635382476,3,1.6590531687420103,4.3181063374840205
387,6,4.773532279000186,3,1.6590531687420103,4.3181063374840205
387,7,4.716521927927946,3,1.6590531687420103,4.3181063374840205
387,8,6.204852270199344,3,1.6590531687420103,4.3181063374840205
388,1,1.344554577295424,3,2.0967181350319772,0.0
388,2,0.9780945610993443,3,2.0967181350319772,0.0
388,3,9.97690140473959,3,2.0967181350319772,5.1934362700639545
388,4,7.8952923000839625,3,2.0967181350319772,5.1934362700639545
388,5,8.43148395290866,3,2.0967181350319772,5.1934362700639545
388,6,9.434122715554224,3,2.0967181350319772,5.1934362700639545
388,7,10.067107146280389,3,2.0967181350319772,5.1934362700639545
388,8,10.113242394138126,3,2.0967181350319772,5.1934362700639545
389,1,-0.07083407712043582,3,2.0611531093526843,0.0
389,2,0.40683758840039924,3,2.0611531093526843,0.0
389,3,6.243725365554749,3,2.0611531093526843,5.1223062187053685
389,4,4.211418579546626,3,2.0611531093526843,5.1223062187053685
389,5,8.949782345541792,3,2.0611531093526843,5.1223062187053685
389,6,7.421617724999384,3,2.0611531093526843,5.1223062187053685
389,7,8.649528657980927,3,2.0611531093526843,5.1223062187053685
389,8,7.190804696999917,3,2.0611531093526843,5.1223062187053685
390,1,-1.1631780605615836,3,2.2995019465012483,0.0
390,2,-0.8644936656327478,3,2.2995019465012483,0.0
390,3,7.376549858198708,3,2.2995019465012483,5.599003893002497
390,4,5.821012486854281,3,2.2995019465012483,5.599003893002497
390,5,7.664906080630255,3,2.2995019465012483,5.599003893002497
390,6,6.756405641016968,3,2.2995019465012483,5.599003893002497
390,7,7.454207154036219,3,2.2995019465012483,5.599003893002497
390,8,8.161275928489477,3,2.2995019465012483,5.599003893002497
391,1,1.8008563802756075,3,1.5695002518191021,0.0
391,2,-0.8728414055838114,3,1.5695002518191021,0.0
391,3,4.3403482018100785,3,1.5695002518191021,4.139000503638204
391,4,4.208706591394694,3,1.5695002518191021,4.139000503638204
391,5,5.568509637323061,3,1.5695002518191021,4.139000503638204
391,6,6.344411705892404,3,1.5695002518191021,4.139000503638204
391,7,6.041530502994123,3,1.5695002518191021,4.139000503638204
391,8,7.421864010469842,3,1.5695002518191021,4.139000503638204
392,1,0.07515002489784006,3,1.3342253269382394,0.0
392,2,1.5718757820635738,3,1.3342253269382394,0.0
392,3,7.958735559617935,3,1.3342253269382394,3.6684506538764787
392,4,7.6619032299888366,3,1.3342253269382394,3.6684506538764787
392,5,7.945782831880262,3,1.3342253269382394,3.6684506538764787
392,6,7.255536603428618,3,1.3342253269382394,3.6684506538764787
392,7,7.2222302006630095,3,1.3342253269382394,3.6684506538764787
392,8,8.119159084173452,3,1.3342253269382394,3.6684506538764787
393,1,0.8175180591567814,3,1.5842971881043773,0.0
393,2,2.2289046657794644,3,1.5842971881043773,0.0
393,3,6.931689679396872,3,1.5842971881043773,4.1685943762087545
393,4,7.159934624744883,3,1.5842971881043773,4.1685943762087545
393,5,6.291765398193607,3,1.5842971881043773,4.1685943762087545
393,6,7.553872094665539,3,1.5842971881043773,4.1685943762087545
393,7,7.707979732224305,3,1.5842971881043773,4.1685943762087545
393,8,8.3281324987668,3,1.5842971881043773,4.1685943762087545
394,1,1.2250180236778783,3,0.7091648868192093,0.0
394,2,-2.074110110285547,3,0.7091648868192093,0.0
394,3,2.371543084434223,3,0.7091648868192093,2.4183297736384186
394,4,4.31796880755264,3,0.7091648868192093,2.4183297736384186
394,5,2.1403284053229457,3,0.7091648868192093,2.4183297736384186
394,6,3.4624724750902334,3,0.7091648868192093,2.4183297736384186
394,7,4.0771814027888444,3,0.7091648868192093,2.4183297736384186
394,8,4.8829301783025,3,0.7091648868192093,2.4183297736384186
395,1,1.3566287516916822,3,0.7996699201962925,0.0
395,2,4.047871971635939,3,0.7996699201962925,0.0
395,3,7.218213034203629,3,0.7996699201962925,2.599339840392585
395,4,7.560301076708432,3,0.7996699201962925,2.599339840392585
395,5,6.681552077399402,3,0.7996699201962925,2.599339840392585
395,6,8.138436542477779,3,0.7996699201962925,2.599339840392585
395,7,7.652485512121396,3,0.7996699201962925,2.599339840392585
395,8,8.719329090918972,3,0.7996699201962925,2.599339840392585
396,1,5.811838933134142,3,0.8509943359599084,0.0
396,2,4.25406638355952,3,0.8509943359599084,0.0
396,3,6.1728331018959075,3,0.8509943359599084,2.7019886719198167
396,4,8.040695018546995,3,0.8509943359599084,2.7019886719198167
396,5,7.008563751819771,3,0.8509943359599084,2.7019886719198167
396,6,7.661349285368069,3,0.8509943359599084,2.7019886719198167
396,7,8.319236541934291,3,0.8509943359599084,2.7019886719198167
396,8,9.416050225687398,3,0.8509943359599084,2.7019886719198167
397,1,2.426082306234908,3,1.0013775341289601,0.0
397,2,2.5675115086625455,3,1.0013775341289601,0.0
397,3,6.014863707150955,3,1.0013775341289601,3.0027550682579203
397,4,4.892943813313084,3,1.0013775341289601,3.0027550682579203
397,5,5.950554023467978,3,1.0013775341289601,3.0027550682579203
397,6,7.263869485786815,3,1.0013775341289601,3.0027550682579203
397,7,6.863548393515213,3,1.0013775341289601,3.0027550682579203
397,8,7.713501938602528,3,1.0013775341289601,3.0027550682579203
398,1,2.88868571521813,3,2.0135253945275378,0.0
398,2,2.5985543414868784,3,2.0135253945275378,0.0
398,3,8.700437400845281,3,2.0135253945275378,5.0270507890550755
398,4,10.567106267762824,3,2.0135253945275378,5.0270507890550755
398,5,9.302519012756257,3,2.0135253945275378,5.0270507890550755
398,6,11.15371562146246,3,2.0135253945275378,5.0270507890550755
398,7,11.033747879050614,3,2.0135253945275378,5.0270507890550755
398,8,9.50713581825649,3,2.0135253945275378,5.0270507890550755
399,1,1.881782964364098,3,1.0483950514094127,0.0
399,2,2.650324110557726,3,1.0483950514094127,0.0
399,3,6.225875179513665,3,1.0483950514094127,3.0967901028188254
399,4,7.490420350339633,3,1.0483950514094127,3.0967901028188254
399,5,8.69535414452827,3,1.0483950514094127,3.0967901028188254
399,6,9.835868513151171,3,1.0483950514094127,3.0967901028188254
399,7,9.38888518517153,3,1.0483950514094127,3.0967901028188254
399,8,9.135030540393238,3,1.0483950514094127,3.0967901028188254
400,1,0.677957389179153,3,1.364678299693497,0.0
400,2,3.330788208226365,3,1.364678299693497,0.0
400,3,7.515325425891012,3,1.364678299693497,3.729356599386994
400,4,8.17248398573498,3,1.364678299693497,3.729356599386994
400,5,10.595795529899354,3,1.364678299693497,3.729356599386994
400,6,10.230151778389093,3,1.364678299693497,3.729356599386994
400,7,10.274616150446008,3,1.364678299693497,3.729356599386994
400,8,9.027478102124421,3,1.364678299693497,3.729356599386994
401,1,1.2152036050285038,3,3.1569745525268935,0.0
401,2,2.133353747296745,3,3.1569745525268935,0.0
401,3,9.26674033526868,3,3.1569745525268935,7.313949105053787
401,4,11.042611984264152,3,3.1569745525268935,7.313949105053787
401,5,11.399056308494739,3,3.1569745525268935,7.313949105053787
401,6,10.453839666224342,3,3.1569745525268935,7.313949105053787
401,7,13.238964168375158,3,3.1569745525268935,7.313949105053787
401,8,12.644457793087895,3,3.1569745525268935,7.313949105053787
402,1,-0.03237705259248558,3,1.379702663151161,0.0
402,2,2.1453512358047964,3,1.379702663151161,0.0
402,3,6.737305876374993,3,1.379702663151161,3.759405326302322
402,4,7.928891781887828,3,1.379702663151161,3.759405326302322
402,5,7.118623017325472,3,1.379702663151161,3.759405326302322
402,6,8.784037687899296,3,1.379702663151161,3.759405326302322
402,7,8.643241407222304,3,1.379702663151161,3.759405326302322
402,8,7.641044811414509,3,1.379702663151161,3.759405326302322
403,1,0.1241543732104915,3,2.383947636087657,0.0
403,2,3.1618810168423543,3,2.383947636087657,0.0
403,3,9.503200597250089,3,2.383947636087657,5.767895272175314
403,4,9.130125649273042,3,2.383947636087657,5.767895272175314
403,5,10.802923140048348,3,2.383947636087657,5.767895272175314
403,6,10.863826267909925,3,2.383947636087657,5.767895272175314
403,7,10.99084514834804,3,2.383947636087657,5.767895272175314
403,8,9.895904930134648,3,2.383947636087657,5.767895272175314
404,1,0.03675340193825627,3,1.033748131642562,0.0
404,2,-0.6583739168858141,3,1.033748131642562,0.0
404,3,1.9869821395794154,3,1.033748131642562,3.067496263285124
404,4,2.204550908885739,3,1.033748131642562,3.067496263285124
404,5,3.629604695704894,3,1.033748131642562,3.067496263285124
404,6,2.2017618293525825,3,1.033748131642562,3.067496263285124
404,7,5.0724941895438995,3,1.033748131642562,3.067496263285124
404,8,3.91925009949701,3,1.033748131642562,3.067496263285124
405,1,2.2720544225434582,3,1.487774264691252,0.0
405,2,1.879825976361012,3,1.487774264691252,0.0
405,3,6.612576130376972,3,1.487774264691252,3.975548529382504
405,4,6.6200849703366105,3,1.487774264691252,3.975548529382504
405,5,7.715765411920874,3,1.487774264691252,3.975548529382504
405,6,10.26637438911903,3,1.487774264691252,3.975548529382504
405,7,10.262054470150316,3,1.487774264691252,3.975548529382504
405,8,9.73147379809713,3,1.487774264691252,3.975548529382504
406,1,-2.2369222078180604,3,1.0253038139701198,0.0
406,2,-0.867426751560223,3,1.0253038139701198,0.0
406,3,2.968950079794688,3,1.0253038139701198,3.0506076279402397
406,4,1.5091613034796025,3,1.0253038139701198,3.0506076279402397
406,5,2.7615408180549297,3,1.0253038139701198,3.0506076279402397
406,6,1.5170214561190514,3,1.0253038139701198,3.0506076279402397
406,7,4.962081795948027,3,1.0253038139701198,3.0506076279402397
406,8,6.404003943387988,3,1.0253038139701198,3.0506076279402397
407,1,-1.0091162856270244,3,1.3916407713518137,0.0
407,2,-2.714209035153126,3,1.3916407713518137,0.0
407,3,4.3029731490305485,3,1.3916407713518137,3.7832815427036275
407,4,3.2899934663044372,3,1.3916407713518137,3.7832815427036275
407,5,4.030733190789058,3,1.3916407713518137,3.7832815427036275
407,6,5.820659022244522,3,1.3916407713518137,3.7832815427036275
407,7,5.948636757966242,3,1.3916407713518137,3.7832815427036275
407,8,5.705973857114916,3,1.3916407713518137,3.7832815427036275
408,1,2.4575245030145103,3,2.5096770228998686,0.0
408,2,3.7329661908370078,3,2.5096770228998686,0.0
408,3,9.717018628903546,3,2.5096770228998686,6.019354045799737
408,4,9.517247047812905,3,2.5096770228998686,6.019354045799737
408,5,10.793920999937551,3,2.5096770228998686,6.019354045799737
408,6,11.966076804671097,3,2.5096770228998686,6.019354045799737
408,7,11.94838071459628,3,2.5096770228998686,6.019354045799737
408,8,11.212975583167726,3,2.5096770228998686,6.019354045799737
409,1,3.1695049467639347,3,0.695127350832083,0.0
409,2,-0.05837111155493835,3,0.695127350832083,0.0
409,3,5.124329872024126,3,0.695127350832083,2.390254701664166
409,4,5.450496572498645,3,0.695127350832083,2.390254701664166
409,5,6.718873904923976,3,0.695127350832083,2.390254701664166
409,6,7.6323568348552975,3,0.695127350832083,2.390254701664166
409,7,8.697459835313596,3,0.695127350832083,2.390254701664166
409,8,7.3582901537004,3,0.695127350832083,2.390254701664166
410,1,4.061378916705207,3,2.0487130627985097,0.0
410,2,4.1706149672531865,3,2.0487130627985097,0.0
410,3,7.860683329785521,3,2.0487130627985097,5.0974261255970195
410,4,11.972762960402854,3,2.0487130627985097,5.0974261255970195
410,5,9.133447577728546,3,2.0487130627985097,5.0974261255970195
410,6,11.49171997727846,3,2.0487130627985097,5.0974261255970195
410,7,11.962182649166493,3,2.0487130627985097,5.0974261255970195
410,8,12.347859487297821,3,2.0487130627985097,5.0974261255970195
411,1,-0.5379256495361919,3,1.856824556691552,0.0
411,2,1.2839038837659178,3,1.856824556691552,0.0
411,3,4.109932872065424,3,1.856824556691552,4.713649113383104
411,4,6.1044715573345965,3,1.856824556691552,4.713649113383104
411,5,6.106425669456061,3,1.856824556691552,4.713649113383104
411,6,6.493002403941488,3,1.856824556691552,4.713649113383104
411,7,8.099048133462066,3,1.856824556691552,4.713649113383104
411,8,9.247778888728202,3,1.856824556691552,4.713649113383104
412,1,-2.147753444390401,3,1.2249806183930947,0.0
412,2,-0.5238165926277576,3,1.2249806183930947,0.0
412,3,2.6952042196772528,3,1.2249806183930947,3.4499612367861894
412,4,2.252731344994646,3,1.2249806183930947,3.4499612367861894
412,5,3.3875114609915906,3,1.2249806183930947,3.4499612367861894
412,6,3.8459776634410394,3,1.2249806183930947,3.4499612367861894
412,7,3.9488036417272077,3,1.2249806183930947,3.4499612367861894
412,8,5.573946482888488,3,1.2249806183930947,3.4499612367861894
413,1,0.2537717935640736,3,0.8000917045516623,0.0
413,2,-1.0715240924101037,3,0.8000917045516623,0.0
413,3,1.9677830197232815,3,0.8000917045516623,2.600183409103325
413,4,4.543993468168393,3,0.8000917045516623,2.600183409103325
413,5,3.804022586168105,3,0.8000917045516623,2.600183409103325
413,6,5.421350170062963,3,0.8000917045516623,2.600183409103325
413,7,6.400240593071828,3,0.8000917045516623,2.600183409103325
413,8,4.84835617755708,3,0.8000917045516623,2.600183409103325
414,1,-0.7074746600950367,3,1.7092672225669718,0.0
414,2,2.8784942768764434,3,1.7092672225669718,0.0
414,3,6.4741678225775505,3,1.7092672225669718,4.418534445133943
414,4,6.203356382941821,3,1.7092672225669718,4.418534445133943
414,5,6.188656586968828,3,1.7092672225669718,4.418534445133943
414,6,7.112156190707812,3,1.7092672225669718,4.418534445133943
414,7,6.9320247035017815,3,1.7092672225669718,4.418534445133943
414,8,9.506009213705681,3,1.7092672225669718,4.418534445133943
415,1,-0.11877372092630145,3,1.2652296478026799,0.0
415,2,2.2515120208962864,3,1.2652296478026799,0.0
415,3,4.7878078085153675,3,1.2652296478026799,3.5304592956053598
415,4,4.6450865446680645,3,1.2652296478026799,3.5304592956053598
415,5,5.762135140271578,3,1.2652296478026799,3.5304592956053598
415,6,4.064269950783962,3,1.2652296478026799,3.5304592956053598
415,7,7.067668151611372,3,1.2652296478026799,3.5304592956053598
415,8,7.518317537155221,3,1.2652296478026799,3.5304592956053598
416,1,3.592103704061371,3,1.8521332922240576,0.0
416,2,1.3810560295300238,3,1.8521332922240576,0.0
416,3,9.633493902825066,3,1.8521332922240576,4.704266584448115
416,4,9.792226836959175,3,1.8521332922240576,4.704266584448115
416,5,10.72367110566018,3,1.8521332922240576,4.704266584448115
416,6,9.918906165957381,3,1.8521332922240576,4.704266584448115
416,7,11.485524376064275,3,1.8521332922240576,4.704266584448115
416,8,9.500383507054615,3,1.8521332922240576,4.704266584448115
417,1,0.490506715197642,3,1.6668340900681666,0.0
417,2,-0.49370361210683633,3,1.6668340900681666,0.0
417,3,3.4597254977065064,3,1.6668340900681666,4.333668180136334
417,4,4.486986811965082,3,1.6668340900681666,4.333668180136334
417,5,6.116658468758713,3,1.6668340900681666,4.333668180136334
417,6,5.786828121911839,3,1.6668340900681666,4.333668180136334
417,7,7.487200861825243,3,1.6668340900681666,4.333668180136334
417,8,5.802889775125426,3,1.6668340900681666,4.333668180136334
418,1,-0.9230286000100132,3,3.6725617594628206,0.0
418,2,3.0764563777494245,3,3.6725617594628206,0.0
418,3,11.452992591932924,3,3.6725617594628206,8.345123518925641
418,4,9.999895626617683,3,3.6725617594628206,8.345123518925641
418,5,11.54619281906095,3,3.6725617594628206,8.345123518925641
418,6,13.068699522732814,3,3.6725617594628206,8.345123518925641
418,7,12.968393070822096,3,3.6725617594628206,8.345123518925641
418,8,13.197415558714969,3,3.6725617594628206,8.345123518925641
419,1,-0.38210021755661505,3,1.462755793345888,0.0
419,2,-1.7079667740704325,3,1.462755793345888,0.0
419,3,3.4794357364871926,3,1.462755793345888,3.925511586691776
419,4,3.930408649530172,3,1.462755793345888,3.925511586691776
419,5,4.1754952401515215,3,1.462755793345888,3.925511586691776
419,6,4.558451776401812,3,1.462755793345888,3.925511586691776
419,7,5.521125525651055,3,1.462755793345888,3.925511586691776
419,8,5.982664783808091,3,1.462755793345888,3.925511586691776
420,1,0.3522069135531001,3,0.9883200007151637,0.0
420,2,2.7024304659880736,3,0.9883200007151637,0.0
420,3,4.400889349751695,3,0.9883200007151637,2.9766400014303276
420,4,5.65904111297078,3,0.9883200007151637,2.9766400014303276
420,5,6.081994084797902,3,0.9883200007151637,2.9766400014303276
420,6,7.235378170177169,3,0.9883200007151637,2.9766400014303276
420,7,5.258170617300621,3,0.9883200007151637,2.9766400014303276
420,8,8.768184372447411,3,0.9883200007151637,2.9766400014303276
421,1,-0.1707732472408906,3,1.803335160630065,0.0
421,2,2.2261803951483277,3,1.803335160630065,0.0
421,3,5.6347224971152485,3,1.803335160630065,4.60667032126013
421,4,6.564043835897393,3,1.803335160630065,4.60667032126013
421,5,9.026673461699826,3,1.803335160630065,4.60667032126013
421,6,7.335549212837735,3,1.803335160630065,4.60667032126013
421,7,9.351737306304862,3,1.803335160630065,4.60667032126013
421,8,8.651932507195962,3,1.803335160630065,4.60667032126013
422,1,-0.5842078462755453,3,1.8404283473229257,0.0
422,2,-0.4296680871576604,3,1.8404283473229257,0.0
422,3,5.529081644376941,3,1.8404283473229257,4.680856694645851
422,4,4.495698405223765,3,1.8404283473229257,4.680856694645851
422,5,4.697181495057631,3,1.8404283473229257,4.680856694645851
422,6,5.5426538276997945,3,1.8404283473229257,4.680856694645851
422,7,6.780940394400908,3,1.8404283473229257,4.680856694645851
422,8,6.9604112325264875,3,1.8404283473229257,4.680856694645851
423,1,0.7386161521214709,3,3.253052504263361,0.0
423,2,1.8330729754718142,3,3.253052504263361,0.0
423,3,7.558607946942008,3,3.253052504263361,7.506105008526722
423,4,8.300497492563084,3,3.253052504263361,7.506105008526722
423,5,8.098206865864162,3,3.253052504263361,7.506105008526722
423,6,12.06481927493612,3,3.253052504263361,7.506105008526722
423,7,10.839115783298844,3,3.253052504263361,7.506105008526722
423,8,11.514248604228595,3,3.253052504263361,7.506105008526722
424,1,-1.2085598780614915,3,2.5031642284881515,0.0
424,2,0.6304785179626822,3,2.5031642284881515,0.0
424,3,7.647224948358945,3,2.5031642284881515,6.006328456976303
424,4,7.385219273411435,3,2.5031642284881515,6.006328456976303
424,5,9.213682588772254,3,2.5031642284881515,6.006328456976303
424,6,10.94980808958869,3,2.5031642284881515,6.006328456976303
424,7,8.190914136851909,3,2.5031642284881515,6.006328456976303
424,8,8.615889717969162,3,2.5031642284881515,6.006328456976303
425,1,-0.918066324202769,3,1.9707920732358057,0.0
425,2,2.0658889013422983,3,1.9707920732358057,0.0
425,3,6.943629204827103,3,1.9707920732358057,4.9415841464716115
425,4,6.265746070003771,3,1.9707920732358057,4.9415841464716115
425,5,6.937833552198294,3,1.9707920732358057,4.9415841464716115
425,6,6.584730261600698,3,1.9707920732358057,4.9415841464716115
425,7,8.791301045540603,3,1.9707920732358057,4.9415841464716115
425,8,8.021372063688865,3,1.9707920732358057,4.9415841464716115
426,1,3.782605945080368,3,3.4268841786694524,0.0
426,2,5.151472256064625,3,3.4268841786694524,0.0
426,3,12.708455903791052,3,3.4268841786694524,7.853768357338905
426,4,13.161484848376425,3,3.4268841786694524,7.853768357338905
426,5,13.907026047403347,3,3.4268841786694524,7.853768357338905
426,6,15.191806255667348,3,3.4268841786694524,7.853768357338905
426,7,16.542943917358105,3,3.4268841786694524,7.853768357338905
426,8,15.981937074120353,3,3.4268841786694524,7.853768357338905
427,1,1.1064222190085076,3,0.9099355308857033,0.0
427,2,0.6032539332831164,3,0.9099355308857033,0.0
427,3,3.4151811939869305,3,0.9099355308857033,2.8198710617714067
427,4,5.276965289390763,3,0.9099355308857033,2.8198710617714067
427,5,5.294219881756218,3,0.9099355308857033,2.8198710617714067
427,6,4.200350408405898,3,0.9099355308857033,2.8198710617714067
427,7,5.79490943373005,3,0.9099355308857033,2.8198710617714067
427,8,6.540082033674094,3,0.9099355308857033,2.8198710617714067
428,1,-0.4982500873831542,3,1.1973661070141999,0.0
428,2,1.993943374187452,3,1.1973661070141999,0.0
428,3,4.886779030575941,3,1.1973661070141999,3.3947322140283998
428,4,6.2801149115623724,3,1.1973661070141999,3.3947322140283998
428,5,5.670365255325883,3,1.1973661070141999,3.3947322140283998
428,6,5.988327830098802,3,1.1973661070141999,3.3947322140283998
428,7,5.470342176063475,3,1.1973661070141999,3.3947322140283998
428,8,6.91886952687029,3,1.1973661070141999,3.3947322140283998
429,1,-3.6818479895448433,3,1.0373942386720145,0.0
429,2,-4.5620157992545165,3,1.0373942386720145,0.0
429,3,-0.15964090764664896,3,1.0373942386720145,3.074788477344029
429,4,0.5566039636073832,3,1.0373942386720145,3.074788477344029
429,5,1.7933661061794672,3,1.0373942386720145,3.074788477344029
429,6,2.341236674109452,3,1.0373942386720145,3.074788477344029
429,7,1.7985680801585409,3,1.0373942386720145,3.074788477344029
429,8,3.3487561646656308,3,1.0373942386720145,3.074788477344029
430,1,-1.4704936333074716,3,1.356754022038069,0.0
430,2,-3.6580347288139112,3,1.356754022038069,0.0
430,3,2.940391308165641,3,1.356754022038069,3.713508044076138
430,4,5.004081980259562,3,1.356754022038069,3.713508044076138
430,5,2.7432875834895034,3,1.356754022038069,3.713508044076138
430,6,5.037784540532724,3,1.356754022038069,3.713508044076138
430,7,7.01035455430247,3,1.356754022038069,3.713508044076138
430,8,5.164480387106702,3,1.356754022038069,3.713508044076138
431,1,-0.02399776848501983,3,0.828330480012677,0.0
431,2,-0.8301631061406269,3,0.828330480012677,0.0
431,3,5.25774525277622,3,0.828330480012677,2.656660960025354
431,4,4.047181484116034,3,0.828330480012677,2.656660960025354
431,5,4.677140953906666,3,0.828330480012677,2.656660960025354
431,6,6.4848145766182705,3,0.828330480012677,2.656660960025354
431,7,6.291992505758129,3,0.828330480012677,2.656660960025354
431,8,5.254885378615908,3,0.828330480012677,2.656660960025354
432,1,-1.5189832764406015,3,2.265001618280122,0.0
432,2,0.12322595217001303,3,2.265001618280122,0.0
432,3,5.034176829144019,3,2.265001618280122,5.530003236560244
432,4,4.0410545720864315,3,2.265001618280122,5.530003236560244
432,5,6.60505708556788,3,2.265001618280122,5.530003236560244
432,6,5.6780852230821495,3,2.265001618280122,5.530003236560244
432,7,9.274579637770685,3,2.265001618280122,5.530003236560244
432,8,8.335085521970111,3,2.265001618280122,5.530003236560244
433,1,2.3582401300120184,3,1.4753402651883323,0.0
433,2,3.06478277209314,3,1.4753402651883323,0.0
433,3,6.324698129258339,3,1.4753402651883323,3.9506805303766646
433,4,7.614633830351755,3,1.4753402651883323,3.9506805303766646
433,5,10.230418919672957,3,1.4753402651883323,3.9506805303766646
433,6,11.945881862624649,3,1.4753402651883323,3.9506805303766646
433,7,10.940492230331216,3,1.4753402651883323,3.9506805303766646
433,8,10.62205317851123,3,1.4753402651883323,3.9506805303766646
434,1,-0.26183492644635387,3,0.7902521973999278,0.0
434,2,-0.2863713643687995,3,0.7902521973999278,0.0
434,3,5.8103947433471586,3,0.7902521973999278,2.5805043947998554
434,4,4.061880142143043,3,0.7902521973999278,2.5805043947998554
434,5,6.866258674069923,3,0.7902521973999278,2.5805043947998554
434,6,6.644148353617479,3,0.7902521973999278,2.5805043947998554
434,7,4.009832412661145,3,0.7902521973999278,2.5805043947998554
434,8,5.584676448248127,3,0.7902521973999278,2.5805043947998554
435,1,2.4078433744626824,3,0.9922407192465516,0.0
435,2,3.497042134530765,3,0.9922407192465516,0.0
435,3,7.001055684015855,3,0.9922407192465516,2.984481438493103
435,4,10.55760903252775,3,0.9922407192465516,2.984481438493103
435,5,6.984142062654849,3,0.9922407192465516,2.984481438493103
435,6,8.790339872793997,3,0.9922407192465516,2.984481438493103
435,7,9.677877679597412,3,0.9922407192465516,2.984481438493103
435,8,9.559797932660413,3,0.9922407192465516,2.984481438493103
436,1,0.7335898458820941,3,1.9285278189268338,0.0
436,2,0.07860037379414875,3,1.9285278189268338,0.0
436,3,6.586951100557085,3,1.9285278189268338,4.857055637853668
436,4,7.491863902128776,3,1.9285278189268338,4.857055637853668
436,5,7.808065490225532,3,1.9285278189268338,4.857055637853668
436,6,8.550665809866494,3,1.9285278189268338,4.857055637853668
436,7,9.893072806590634,3,1.9285278189268338,4.857055637853668
436,8,9.917431447868745,3,1.9285278189268338,4.857055637853668
437,1,0.6457502863405902,3,2.5069409978753,0.0
437,2,-0.09730267904012457,3,2.5069409978753,0.0
437,3,6.988332393882634,3,2.5069409978753,6.0138819957506
437,4,7.868706516676338,3,2.5069409978753,6.0138819957506
437,5,8.8406834999352,3,2.5069409978753,6.0138819957506
437,6,8.610004907094357,3,2.5069409978753,6.0138819957506
437,7,8.6526044694094,3,2.5069409978753,6.0138819957506
437,8,8.900138979473416,3,2.5069409978753,6.0138819957506
438,1,-1.3287706544805329,3,4.4743694906051426,0.0
438,2,0.5874564008004293,3,4.4743694906051426,0.0
438,3,9.801480643714978,3,4.4743694906051426,9.948738981210285
438,4,10.770620401627891,3,4.4743694906051426,9.948738981210285
438,5,11.877244212940981,3,4.4743694906051426,9.948738981210285
438,6,11.43522877639385,3,4.4743694906051426,9.948738981210285
438,7,13.65089827428398,3,4.4743694906051426,9.948738981210285
438,8,14.511369149390971,3,4.4743694906051426,9.948738981210285
439,1,-0.04183451653248027,3,7.077574278750488,0.0
439,2,0.5705651956329165,3,7.077574278750488,0.0
439,3,17.20017083088297,3,7.077574278750488,15.155148557500976
439,4,16.448745963509214,3,7.077574278750488,15.155148557500976
439,5,16.8800071491466,3,7.077574278750488,15.155148557500976
439,6,19.359239538930183,3,7.077574278750488,15.155148557500976
439,7,19.54692879945668,3,7.077574278750488,15.155148557500976
439,8,19.764291063087814,3,7.077574278750488,15.155148557500976
440,1,4.863234627493812,3,2.0283136157302946,0.0
440,2,2.4603112807323555,3,2.0283136157302946,0.0
440,3,11.348052784353413,3,2.0283136157302946,5.056627231460589
440,4,10.88627935414405,3,2.0283136157302946,5.056627231460589
440,5,12.004998621566042,3,2.0283136157302946,5.056627231460589
440,6,11.88137901667667,3,2.0283136157302946,5.056627231460589
440,7,12.043142062240463,3,2.0283136157302946,5.056627231460589
440,8,12.218908025198253,3,2.0283136157302946,5.056627231460589
441,1,-3.772077076616231,3,1.0052446452373247,0.0
441,2,-3.9509693624069886,3,1.0052446452373247,0.0
441,3,0.7391439370373254,3,1.0052446452373247,3.0104892904746494
441,4,-1.2151888075799873,3,1.0052446452373247,3.0104892904746494
441,5,0.32969197517793525,3,1.0052446452373247,3.0104892904746494
441,6,3.4160910854488593,3,1.0052446452373247,3.0104892904746494
441,7,1.2451873733998204,3,1.0052446452373247,3.0104892904746494
441,8,2.132584113908735,3,1.0052446452373247,3.0104892904746494
442,1,-4.385672422227434,3,0.5677789319320401,0.0
442,2,-2.6672458159915338,3,0.5677789319320401,0.0
442,3,-1.1037985151554723,3,0.5677789319320401,2.13555786386408
442,4,-0.05314455982032751,3,0.5677789319320401,2.13555786386408
442,5,1.4813329110217932,3,0.5677789319320401,2.13555786386408
442,6,0.4337029561719068,3,0.5677789319320401,2.13555786386408
442,7,2.4210774942519433,3,0.5677789319320401,2.13555786386408
442,8,2.954695690547079,3,0.5677789319320401,2.13555786386408
443,1,0.46861443260706603,3,1.884864115760602,0.0
443,2,0.05419933280581257,3,1.884864115760602,0.0
443,3,8.424645646385763,3,1.884864115760602,4.769728231521205
443,4,6.737920265951059,3,1.884864115760602,4.769728231521205
443,5,6.508264193815803,3,1.884864115760602,4.769728231521205
443,6,5.807462155327242,3,1.884864115760602,4.769728231521205
443,7,7.086327443534836,3,1.884864115760602,4.769728231521205
443,8,9.10971354630901,3,1.884864115760602,4.769728231521205
444,1,2.2385903795014066,3,1.098042942804458,0.0
444,2,2.507384864315367,3,1.098042942804458,0.0
444,3,5.510333956213674,3,1.098042942804458,3.196085885608916
444,4,3.969481443188482,3,1.098042942804458,3.196085885608916
444,5,6.212303467309724,3,1.098042942804458,3.196085885608916
444,6,4.983739271431056,3,1.098042942804458,3.196085885608916
444,7,5.237670456103295,3,1.098042942804458,3.196085885608916
444,8,7.464300334061292,3,1.098042942804458,3.196085885608916
445,1,2.403408296797775,3,1.3395334342135274,0.0
445,2,3.283585948008829,3,1.3395334342135274,0.0
445,3,7.056411958341173,3,1.3395334342135274,3.679066868427055
445,4,7.590861703697827,3,1.3395334342135274,3.679066868427055
445,5,6.574623132962703,3,1.3395334342135274,3.679066868427055
445,6,7.954299033270413,3,1.3395334342135274,3.679066868427055
445,7,7.052158932320591,3,1.3395334342135274,3.679066868427055
445,8,7.055906588554883,3,1.3395334342135274,3.679066868427055
446,1,2.186817105898024,3,1.214037522688876,0.0
446,2,1.1930500022639916,3,1.214037522688876,0.0
446,3,6.746747943575755,3,1.214037522688876,3.428075045377752
446,4,7.482597019312741,3,1.214037522688876,3.428075045377752
446,5,6.2549321168095044,3,1.214037522688876,3.428075045377752
446,6,7.964560535988001,3,1.214037522688876,3.428075045377752
446,7,7.213092712819061,3,1.214037522688876,3.428075045377752
446,8,6.5283705668058785,3,1.214037522688876,3.428075045377752
447,1,-0.14518242131868198,3,1.5366497456800863,0.0
447,2,-0.23936570547690111,3,1.5366497456800863,0.0
447,3,4.364718655011901,3,1.5366497456800863,4.0732994913601726
447,4,7.280150783444558,3,1.5366497456800863,4.0732994913601726
447,5,4.278950682866361,3,1.5366497456800863,4.0732994913601726
447,6,6.687678800970503,3,1.5366497456800863,4.0732994913601726
447,7,5.8100004284542806,3,1.5366497456800863,4.0732994913601726
447,8,8.213069074866358,3,1.5366497456800863,4.0732994913601726
448,1,2.8365186226585903,3,2.8094538791312673,0.0
448,2,3.417431735664138,3,2.8094538791312673,0.0
448,3,9.2121055271438,3,2.8094538791312673,6.618907758262535
448,4,9.891407231457737,3,2.8094538791312673,6.618907758262535
448,5,12.084245652091946,3,2.8094538791312673,6.618907758262535
448,6,13.427792866473624,3,2.8094538791312673,6.618907758262535
448,7,12.637302961970246,3,2.8094538791312673,6.618907758262535
448,8,11.759574423974627,3,2.8094538791312673,6.618907758262535
449,1,2.8993293287675304,3,1.7834046885719508,0.0
449,2,5.487862850643071,3,1.7834046885719508,0.0
449,3,8.229622994168274,3,1.7834046885719508,4.566809377143901
449,4,10.089041042842961,3,1.7834046885719508,4.566809377143901
449,5,8.38687081761065,3,1.7834046885719508,4.566809377143901
449,6,9.585114131812976,3,1.7834046885719508,4.566809377143901
449,7,10.746765389574906,3,1.7834046885719508,4.566809377143901
449,8,11.024528491712227,3,1.7834046885719508,4.566809377143901
450,1,0.1017269824319702,3,1.5230007730256983,0.0
450,2,0.5585982054125314,3,1.5230007730256983,0.0
450,3,6.9024016116971865,3,1.5230007730256983,4.0460015460513965
450,4,7.605668021244672,3,1.5230007730256983,4.0460015460513965
450,5,8.426260766716448,3,1.5230007730256983,4.0460015460513965
450,6,9.218047691847396,3,1.5230007730256983,4.0460015460513965
450,7,8.048736644917124,3,1.5230007730256983,4.0460015460513965
450,8,8.102917964362934,3,1.5230007730256983,4.0460015460513965
451,1,3.776306083752151,3,0.9823310823187316,0.0
451,2,3.6383844268252687,3,0.9823310823187316,0.0
451,3,5.407522050943554,3,0.9823310823187316,2.9646621646374633
451,4,5.856341644092234,3,0.9823310823187316,2.9646621646374633
451,5,7.881907510967455,3,0.9823310823187316,2.9646621646374633
451,6,7.712702648127146,3,0.9823310823187316,2.9646621646374633
451,7,8.363547354870448,3,0.9823310823187316,2.9646621646374633
451,8,9.96251067432134,3,0.9823310823187316,2.9646621646374633
452,1,1.8043276718492933,3,0.7136651013892676,0.0
452,2,2.8751637752826893,3,0.7136651013892676,0.0
452,3,2.5410846232694264,3,0.7136651013892676,2.4273302027785353
452,4,5.226018646863993,3,0.7136651013892676,2.4273302027785353
452,5,6.167309252039999,3,0.7136651013892676,2.4273302027785353
452,6,4.446034872955108,3,0.7136651013892676,2.4273302027785353
452,7,5.817725088332821,3,0.7136651013892676,2.4273302027785353
452,8,6.132135567313874,3,0.7136651013892676,2.4273302027785353
453,1,-0.6012678825058511,3,1.2928460719190669,0.0
453,2,1.5048879151282966,3,1.2928460719190669,0.0
453,3,5.985315494937267,3,1.2928460719190669,3.5856921438381337
453,4,3.648438537199084,3,1.2928460719190669,3.5856921438381337
453,5,5.48928334076594,3,1.2928460719190669,3.5856921438381337
453,6,6.021523942414682,3,1.2928460719190669,3.5856921438381337
453,7,6.350351861787114,3,1.2928460719190669,3.5856921438381337
453,8,6.8617057250116,3,1.2928460719190669,3.5856921438381337
454,1,2.1993761804513374,3,1.6049758738355537,0.0
454,2,4.083203798806429,3,1.6049758738355537,0.0
454,3,8.208051940039175,3,1.6049758738355537,4.2099517476711075
454,4,6.545431528072849,3,1.6049758738355537,4.2099517476711075
454,5,8.901306506551666,3,1.6049758738355537,4.2099517476711075
454,6,9.49795880018257,3,1.6049758738355537,4.2099517476711075
454,7,9.420552712822905,3,1.6049758738355537,4.2099517476711075
454,8,10.737009796173846,3,1.6049758738355537,4.2099517476711075
455,1,0.9093002794563927,3,3.9906932265077475,0.0
455,2,1.421693966233606,3,3.9906932265077475,0.0
455,3,10.823853242849895,3,3.9906932265077475,8.981386453015496
455,4,9.184368612373182,3,3.9906932265077475,8.981386453015496
455,5,11.622214304266977,3,3.9906932265077475,8.981386453015496
455,6,11.534362123718282,3,3.9906932265077475,8.981386453015496
455,7,11.516164719980294,3,3.9906932265077475,8.981386453015496
455,8,14.636630982912374,3,3.9906932265077475,8.981386453015496
456,1,1.0068872120434316,3,1.7596893023954092,0.0
456,2,0.9728486125644261,3,1.7596893023954092,0.0
456,3,5.457254947197366,3,1.7596893023954092,4.519378604790818
456,4,6.818227882928532,3,1.7596893023954092,4.519378604790818
456,5,8.013494391617305,3,1.7596893023954092,4.519378604790818
456,6,6.695092454752851,3,1.7596893023954092,4.519378604790818
456,7,8.017229926023182,3,1.7596893023954092,4.519378604790818
456,8,9.390124797150964,3,1.7596893023954092,4.519378604790818
457,1,1.5099060152950188,3,2.694923331441353,0.0
457,2,3.8883373819737446,3,2.694923331441353,0.0
457,3,10.406462436714317,3,2.694923331441353,6.389846662882706
457,4,11.20192394950682,3,2.694923331441353,6.389846662882706
457,5,11.33412525088995,3,2.694923331441353,6.389846662882706
457,6,12.47337841246915,3,2.694923331441353,6.389846662882706
457,7,14.759381027684572,3,2.694923331441353,6.389846662882706
457,8,13.011831333333305,3,2.694923331441353,6.389846662882706
458,1,-4.110033247986067,3,1.2844777310254263,0.0
458,2,-1.9069978386710602,3,1.2844777310254263,0.0
458,3,-0.3828043734018758,3,1.2844777310254263,3.5689554620508526
458,4,2.4818865538996486,3,1.2844777310254263,3.5689554620508526
458,5,1.1725342115977866,3,1.2844777310254263,3.5689554620508526
458,6,3.449107430835606,3,1.2844777310254263,3.5689554620508526
458,7,2.9174123299169987,3,1.2844777310254263,3.5689554620508526
458,8,2.9743195675531013,3,1.2844777310254263,3.5689554620508526
459,1,-2.400999022205726,3,0.9116748439755937,0.0
459,2,-2.45940978019835,3,0.9116748439755937,0.0
459,3,1.5637728975964007,3,0.9116748439755937,2.8233496879511875
459,4,2.8853428066520723,3,0.9116748439755937,2.8233496879511875
459,5,2.4748699166353774,3,0.9116748439755937,2.8233496879511875
459,6,2.6713585425701902,3,0.9116748439755937,2.8233496879511875
459,7,3.2371988134542753,3,0.9116748439755937,2.8233496879511875
459,8,4.980457961215102,3,0.9116748439755937,2.8233496879511875
460,1,-0.6489793976488845,3,1.0175946121072867,0.0
460,2,-2.0412913665171106,3,1.0175946121072867,0.0
460,3,1.4924605140183436,3,1.0175946121072867,3.0351892242145735
460,4,3.0404072911329454,3,1.0175946121072867,3.0351892242145735
460,5,4.688580436223088,3,1.0175946121072867,3.0351892242145735
460,6,4.807038679778393,3,1.0175946121072867,3.0351892242145735
460,7,2.909196159285922,3,1.0175946121072867,3.0351892242145735
460,8,4.396972401473971,3,1.0175946121072867,3.0351892242145735
461,1,-1.1571248498271234,3,1.147272019884575,0.0
461,2,0.005966182947130527,3,1.147272019884575,0.0
461,3,5.672432740666893,3,1.147272019884575,3.29454403976915
461,4,3.1454220958485215,3,1.147272019884575,3.29454403976915
461,5,3.4491574513513488,3,1.147272019884575,3.29454403976915
461,6,4.739468591197936,3,1.147272019884575,3.29454403976915
461,7,6.355333347207532,3,1.147272019884575,3.29454403976915
461,8,7.188777565272296,3,1.147272019884575,3.29454403976915
462,1,0.42823209532947293,3,4.779016949334497,0.0
462,2,1.666469063698956,3,4.779016949334497,0.0
462,3,9.785731964903004,3,4.779016949334497,10.558033898668993
462,4,13.237154097495871,3,4.779016949334497,10.558033898668993
462,5,12.236722239090643,3,4.779016949334497,10.558033898668993
462,6,13.780311868941801,3,4.779016949334497,10.558033898668993
462,7,12.22539213237373,3,4.779016949334497,10.558033898668993
462,8,14.053774256146003,3,4.779016949334497,10.558033898668993
463,1,-2.278380524957081,3,1.0934159122665346,0.0
463,2,-0.8589002580476768,3,1.0934159122665346,0.0
463,3,0.08692590637920894,3,1.0934159122665346,3.186831824533069
463,4,2.2029330775218785,3,1.0934159122665346,3.186831824533069
463,5,1.5869452378448312,3,1.0934159122665346,3.186831824533069
463,6,3.6776765731952494,3,1.0934159122665346,3.186831824533069
463,7,4.449397065443101,3,1.0934159122665346,3.186831824533069
463,8,5.459350771495062,3,1.0934159122665346,3.186831824533069
464,1,-2.005345518930027,3,2.507395592416882,0.0
464,2,-0.04308957893286225,3,2.507395592416882,0.0
464,3,6.905376707689165,3,2.507395592416882,6.014791184833764
464,4,4.401228150356644,3,2.507395592416882,6.014791184833764
464,5,7.156820040310562,3,2.507395592416882,6.014791184833764
464,6,8.002986373992218,3,2.507395592416882,6.014791184833764
464,7,7.285748733824674,3,2.507395592416882,6.014791184833764
464,8,6.833701542687003,3,2.507395592416882,6.014791184833764
465,1,-0.27872760093747717,3,1.0497335929286622,0.0
465,2,-1.9211921846048972,3,1.0497335929286622,0.0
465,3,2.6994323942992815,3,1.0497335929286622,3.0994671858573244
465,4,3.337659771006855,3,1.0497335929286622,3.0994671858573244
465,5,4.593321880514184,3,1.0497335929286622,3.0994671858573244
465,6,3.7511522692976516,3,1.0497335929286622,3.0994671858573244
465,7,4.193200139982329,3,1.0497335929286622,3.0994671858573244
465,8,5.476699307573295,3,1.0497335929286622,3.0994671858573244
466,1,6.4212386617715325,3,2.626852880912167,0.0
466,2,8.202298184804931,3,2.626852880912167,0.0
466,3,11.161072746197345,3,2.626852880912167,6.253705761824334
466,4,13.483895963762695,3,2.626852880912167,6.253705761824334
466,5,12.582018919741827,3,2.626852880912167,6.253705761824334
466,6,15.18736518918286,3,2.626852880912167,6.253705761824334
466,7,13.730009398666883,3,2.626852880912167,6.253705761824334
466,8,14.493905727793795,3,2.626852880912167,6.253705761824334
467,1,3.5142130364302964,3,1.998657056062512,0.0
467,2,4.527284956774489,3,1.998657056062512,0.0
467,3,10.423995604478025,3,1.998657056062512,4.997314112125024
467,4,11.08449940122783,3,1.998657056062512,4.997314112125024
467,5,11.095030461436533,3,1.998657056062512,4.997314112125024
467,6,10.270906985178737,3,1.998657056062512,4.997314112125024
467,7,12.828584157929505,3,1.998657056062512,4.997314112125024
467,8,12.547839343956289,3,1.998657056062512,4.997314112125024
468,1,0.8382359546454002,3,1.5245222025601064,0.0
468,2,-0.5312376148492353,3,1.5245222025601064,0.0
468,3,3.1232708423999203,3,1.5245222025601064,4.049044405120213
468,4,5.191519567067839,3,1.5245222025601064,4.049044405120213
468,5,7.02149825803518,3,1.5245222025601064,4.049044405120213
468,6,6.386487706366966,3,1.5245222025601064,4.049044405120213
468,7,6.525875770578058,3,1.5245222025601064,4.049044405120213
468,8,6.355198552093482,3,1.5245222025601064,4.049044405120213
469,1,1.5305998860672245,3,1.6154583701512497,0.0
469,2,-0.7567691754983772,3,1.6154583701512497,0.0
469,3,4.278355902060661,3,1.6154583701512497,4.230916740302499
469,4,6.073784355772924,3,1.6154583701512497,4.230916740302499
469,5,4.147729469802112,3,1.6154583701512497,4.230916740302499
469,6,7.7783408250702415,3,1.6154583701512497,4.230916740302499
469,7,7.627943273906257,3,1.6154583701512497,4.230916740302499
469,8,8.40298123150001,3,1.6154583701512497,4.230916740302499
470,1,-1.2402909824269341,3,1.1883979650794532,0.0
470,2,-1.4595315118329584,3,1.1883979650794532,0.0
470,3,1.5152392256268952,3,1.1883979650794532,3.3767959301589063
470,4,2.9383124945573575,3,1.1883979650794532,3.3767959301589063
470,5,2.6031516240296835,3,1.1883979650794532,3.3767959301589063
470,6,4.564543245858702,3,1.1883979650794532,3.3767959301589063
470,7,5.38516776633042,3,1.1883979650794532,3.3767959301589063
470,8,6.555196566980525,3,1.1883979650794532,3.3767959301589063
471,1,-2.94449318589767,3,2.0606801552150165,0.0
471,2,-1.8916854698553474,3,2.0606801552150165,0.0
471,3,2.5079547467493573,3,2.0606801552150165,5.121360310430033
471,4,2.8268223459713044,3,2.0606801552150165,5.121360310430033
471,5,4.2787713747963005,3,2.0606801552150165,5.121360310430033
471,6,3.9186266112625905,3,2.0606801552150165,5.121360310430033
471,7,5.074285272807157,3,2.0606801552150165,5.121360310430033
471,8,4.243907294644078,3,2.0606801552150165,5.121360310430033
472,1,-0.6153880552933492,3,1.313254306124493,0.0
472,2,1.401648928201242,3,1.313254306124493,0.0
472,3,5.779438314838034,3,1.313254306124493,3.626508612248986
472,4,4.407092070465257,3,1.313254306124493,3.626508612248986
472,5,6.5633625499383585,3,1.313254306124493,3.626508612248986
472,6,5.860012566396663,3,1.313254306124493,3.626508612248986
472,7,6.909253415632248,3,1.313254306124493,3.626508612248986
472,8,8.809692655222584,3,1.313254306124493,3.626508612248986
473,1,-0.6882167324651028,3,0.8933267336448485,0.0
473,2,-0.19983197846585854,3,0.8933267336448485,0.0
473,3,4.199739859258612,3,0.8933267336448485,2.786653467289697
473,4,2.087070159751848,3,0.8933267336448485,2.786653467289697
473,5,2.3050745258090997,3,0.8933267336448485,2.786653467289697
473,6,3.068827230573055,3,0.8933267336448485,2.786653467289697
473,7,4.03644844739503,3,0.8933267336448485,2.786653467289697
473,8,2.4363988865097523,3,0.8933267336448485,2.786653467289697
474,1,0.12287069997917005,3,0.8702551911705435,0.0
474,2,0.28572820478106853,3,0.8702551911705435,0.0
474,3,4.854569086414867,3,0.8702551911705435,2.7405103823410872
474,4,4.923228698027108,3,0.8702551911705435,2.7405103823410872
474,5,4.4701126912477305,3,0.8702551911705435,2.7405103823410872
474,6,6.160770164379971,3,0.8702551911705435,2.7405103823410872
474,7,6.794072378840837,3,0.8702551911705435,2.7405103823410872
474,8,5.802263529225657,3,0.8702551911705435,2.7405103823410872
475,1,-3.1934359534693733,3,1.7973151334828565,0.0
475,2,-4.4257748851849374,3,1.7973151334828565,0.0
475,3,1.8035585945094734,3,1.7973151334828565,4.594630266965713
475,4,2.65174900845518,3,1.7973151334828565,4.594630266965713
475,5,3.96838474548478,3,1.7973151334828565,4.594630266965713
475,6,3.448835889518943,3,1.7973151334828565,4.594630266965713
475,7,4.380766581829649,3,1.7973151334828565,4.594630266965713
475,8,4.168887887296159,3,1.7973151334828565,4.594630266965713
476,1,-0.852835018089245,3,3.6311362949497834,0.0
476,2,-0.09823432203560795,3,3.6311362949497834,0.0
476,3,8.640689021698874,3,3.6311362949497834,8.262272589899567
476,4,8.75068480518431,3,3.6311362949497834,8.262272589899567
476,5,7.6972506767776565,3,3.6311362949497834,8.262272589899567
476,6,9.1183700093862,3,3.6311362949497834,8.262272589899567
476,7,9.831017000960568,3,3.6311362949497834,8.262272589899567
476,8,10.335028360358425,3,3.6311362949497834,8.262272589899567
477,1,0.8722354085954981,3,1.7860309415257074,0.0
477,2,2.7227955629766805,3,1.7860309415257074,0.0
477,3,7.181412286341676,3,1.7860309415257074,4.572061883051415
477,4,5.881798293808382,3,1.7860309415257074,4.572061883051415
477,5,8.04771894895371,3,1.7860309415257074,4.572061883051415
477,6,8.509618441322813,3,1.7860309415257074,4.572061883051415
477,7,7.563248600705512,3,1.7860309415257074,4.572061883051415
477,8,9.718181996292515,3,1.7860309415257074,4.572061883051415
478,1,1.0720425596226115,3,1.5537647189023764,0.0
478,2,0.3224657055534301,3,1.5537647189023764,0.0
478,3,6.79515135800977,3,1.5537647189023764,4.107529437804753
478,4,7.056910456987152,3,1.5537647189023764,4.107529437804753
478,5,7.1122710041868,3,1.5537647189023764,4.107529437804753
478,6,7.802495548389328,3,1.5537647189023764,4.107529437804753
478,7,7.620863154484166,3,1.5537647189023764,4.107529437804753
478,8,9.450079137169737,3,1.5537647189023764,4.107529437804753
479,1,1.2914932829751031,3,1.9020135150477115,0.0
479,2,2.0013927614322573,3,1.9020135150477115,0.0
479,3,7.496112872008324,3,1.9020135150477115,4.804027030095423
479,4,6.484385333153127,3,1.9020135150477115,4.804027030095423
479,5,7.2446879256974,3,1.9020135150477115,4.804027030095423
479,6,6.429026487963243,3,1.9020135150477115,4.804027030095423
479,7,9.703713206069859,3,1.9020135150477115,4.804027030095423
479,8,8.426760923832685,3,1.9020135150477115,4.804027030095423
480,1,-2.0084082584184224,3,3.167684473097096,0.0
480,2,-1.2699897433745218,3,3.167684473097096,0.0
480,3,6.796743816772638,3,3.167684473097096,7.335368946194192
480,4,5.490374064044058,3,3.167684473097096,7.335368946194192
480,5,7.129229359739426,3,3.167684473097096,7.335368946194192
480,6,9.364671398667866,3,3.167684473097096,7.335368946194192
480,7,9.908705657864434,3,3.167684473097096,7.335368946194192
480,8,9.681714071907068,3,3.167684473097096,7.335368946194192
481,1,2.5468645990899628,3,1.8398632545538904,0.0
481,2,1.704265071425746,3,1.8398632545538904,0.0
481,3,8.607719594769957,3,1.8398632545538904,4.67972650910778
481,4,8.231076740632062,3,1.8398632545538904,4.67972650910778
481,5,9.449626244651748,3,1.8398632545538904,4.67972650910778
481,6,8.756254514526788,3,1.8398632545538904,4.67972650910778
481,7,9.716164856538974,3,1.8398632545538904,4.67972650910778
481,8,10.55324532945533,3,1.8398632545538904,4.67972650910778
482,1,-0.8541453017098423,3,1.3425038089225723,0.0
482,2,-0.10670067874345252,3,1.3425038089225723,0.0
482,3,3.0053892401165445,3,1.3425038089225723,3.6850076178451445
482,4,2.7412997725312414,3,1.3425038089225723,3.6850076178451445
482,5,6.209369264541238,3,1.3425038089225723,3.6850076178451445
482,6,7.5738383936648015,3,1.3425038089225723,3.6850076178451445
482,7,6.032004935843823,3,1.3425038089225723,3.6850076178451445
482,8,4.760592129911333,3,1.3425038089225723,3.6850076178451445
483,1,0.9925207123717361,3,2.8666507293015995,0.0
483,2,2.7748333982655815,3,2.8666507293015995,0.0
483,3,10.840132899499098,3,2.8666507293015995,6.733301458603199
483,4,8.786126653275955,3,2.8666507293015995,6.733301458603199
483,5,10.37468446696891,3,2.8666507293015995,6.733301458603199
483,6,11.19494935226178,3,2.8666507293015995,6.733301458603199
483,7,12.363595739103687,3,2.8666507293015995,6.733301458603199
483,8,11.655416193417432,3,2.8666507293015995,6.733301458603199
484,1,-1.085092044558311,3,2.042916041361862,0.0
484,2,1.599920206216516,3,2.042916041361862,0.0
484,3,7.689350694658575,3,2.042916041361862,5.085832082723724
484,4,6.981963267742177,3,2.042916041361862,5.085832082723724
484,5,7.969794820793769,3,2.042916041361862,5.085832082723724
484,6,7.590063500060267,3,2.042916041361862,5.085832082723724
484,7,7.718781934761443,3,2.042916041361862,5.085832082723724
484,8,10.090980410034557,3,2.042916041361862,5.085832082723724
485,1,-1.8652791503414348,3,3.5533044303831565,0.0
485,2,-1.2624063987540133,3,3.5533044303831565,0.0
485,3,8.35594901060503,3,3.5533044303831565,8.106608860766313
485,4,6.298991528291844,3,3.5533044303831565,8.106608860766313
485,5,7.301807594450995,3,3.5533044303831565,8.106608860766313
485,6,8.511767211445113,3,3.5533044303831565,8.106608860766313
485,7,8.289520624849175,3,3.5533044303831565,8.106608860766313
485,8,10.136970397882868,3,3.5533044303831565,8.106608860766313
486,1,-0.31979463006636,3,1.8069082193814832,0.0
486,2,-0.6249282166595655,3,1.8069082193814832,0.0
486,3,5.547192704788252,3,1.8069082193814832,4.613816438762966
486,4,6.151759800407378,3,1.8069082193814832,4.613816438762966
486,5,7.416103092496921,3,1.8069082193814832,4.613816438762966
486,6,7.374561932748015,3,1.8069082193814832,4.613816438762966
486,7,7.942567420960426,3,1.8069082193814832,4.613816438762966
486,8,8.301712713607815,3,1.8069082193814832,4.613816438762966
487,1,1.042504962835605,3,0.89383461452547,0.0
487,2,1.0145083690162706,3,0.89383461452547,0.0
487,3,5.307235064837851,3,0.89383461452547,2.78766922905094
487,4,5.185271947294835,3,0.89383461452547,2.78766922905094
487,5,7.708219333619491,3,0.89383461452547,2.78766922905094
487,6,7.860579007951694,3,0.89383461452547,2.78766922905094
487,7,7.651235845530084,3,0.89383461452547,2.78766922905094
487,8,7.896863652471461,3,0.89383461452547,2.78766922905094
488,1,1.6379717099680209,3,0.8318695846860106,0.0
488,2,0.9648070296020628,3,0.8318695846860106,0.0
488,3,5.173497706999253,3,0.8318695846860106,2.663739169372021
488,4,5.991069963726476,3,0.8318695846860106,2.663739169372021
488,5,6.619126404765881,3,0.8318695846860106,2.663739169372021
488,6,7.359206297337045,3,0.8318695846860106,2.663739169372021
488,7,8.311000128198904,3,0.8318695846860106,2.663739169372021
488,8,7.197515858628352,3,0.8318695846860106,2.663739169372021
489,1,-0.4650514020978485,3,3.7639312865205437,0.0
489,2,2.1688808848543215,3,3.7639312865205437,0.0
489,3,10.516868367345399,3,3.7639312865205437,8.527862573041087
489,4,9.855115836018928,3,3.7639312865205437,8.527862573041087
489,5,10.638675609200014,3,3.7639312865205437,8.527862573041087
489,6,11.14317283147735,3,3.7639312865205437,8.527862573041087
489,7,11.777460900433633,3,3.7639312865205437,8.527862573041087
489,8,12.718569870390864,3,3.7639312865205437,8.527862573041087
490,1,6.098550527301937,3,3.903341028567935,0.0
490,2,4.2533143423647575,3,3.903341028567935,0.0
490,3,14.032837988763227,3,3.903341028567935,8.80668205713587
490,4,12.183763132147831,3,3.903341028567935,8.80668205713587
490,5,13.885339845559141,3,3.903341028567935,8.80668205713587
490,6,16.09905484105458,3,3.903341028567935,8.80668205713587
490,7,15.772555229694591,3,3.903341028567935,8.80668205713587
490,8,11.481125253473138,3,3.903341028567935,8.80668205713587
491,1,3.1890447442893146,3,1.5071800576433758,0.0
491,2,4.933185936601887,3,1.5071800576433758,0.0
491,3,5.533474071140076,3,1.5071800576433758,4.014360115286752
491,4,9.548769332905382,3,1.5071800576433758,4.014360115286752
491,5,5.757426026633942,3,1.5071800576433758,4.014360115286752
491,6,9.967380602313284,3,1.5071800576433758,4.014360115286752
491,7,9.52073303124763,3,1.5071800576433758,4.014360115286752
491,8,7.679410442015254,3,1.5071800576433758,4.014360115286752
492,1,0.43282959444028085,3,1.3612540077531916,0.0
492,2,1.6375315163525528,3,1.3612540077531916,0.0
492,3,5.073086786528451,3,1.3612540077531916,3.722508015506383
492,4,5.794027419766491,3,1.3612540077531916,3.722508015506383
492,5,5.297523670367816,3,1.3612540077531916,3.722508015506383
492,6,4.347810027485855,3,1.3612540077531916,3.722508015506383
492,7,7.4010638050439415,3,1.3612540077531916,3.722508015506383
492,8,8.958953702153174,3,1.3612540077531916,3.722508015506383
493,1,3.129824478501348,3,3.42370105622056,0.0
493,2,0.5123677946725427,3,3.42370105622056,0.0
493,3,9.332751329504076,3,3.42370105622056,7.84740211244112
493,4,10.501677994917669,3,3.42370105622056,7.84740211244112
493,5,10.254670285434866,3,3.42370105622056,7.84740211244112
493,6,12.391835656271049,3,3.42370105622056,7.84740211244112
493,7,13.241061541895533,3,3.42370105622056,7.84740211244112
493,8,11.91739245347264,3,3.42370105622056,7.84740211244112
494,1,5.144715429651902,3,0.9478842901108586,0.0
494,2,5.468690914396388,3,0.9478842901108586,0.0
494,3,7.715196425754388,3,0.9478842901108586,2.8957685802217172
494,4,8.590833564614108,3,0.9478842901108586,2.8957685802217172
494,5,7.31355437494506,3,0.9478842901108586,2.8957685802217172
494,6,9.431093394311016,3,0.9478842901108586,2.8957685802217172
494,7,10.270740524728417,3,0.9478842901108586,2.8957685802217172
494,8,10.932103145826282,3,0.9478842901108586,2.8957685802217172
495,1,4.799846113586228,3,1.0540464196068353,0.0
495,2,5.165210944796626,3,1.0540464196068353,0.0
495,3,8.264718343514055,3,1.0540464196068353,3.1080928392136706
495,4,9.315256983334042,3,1.0540464196068353,3.1080928392136706
495,5,10.531094034089973,3,1.0540464196068353,3.1080928392136706
495,6,9.93356396747008,3,1.0540464196068353,3.1080928392136706
495,7,10.8466569316114,3,1.0540464196068353,3.1080928392136706
495,8,10.842890978115607,3,1.0540464196068353,3.1080928392136706
496,1,-2.602758678124566,3,2.274279723787731,0.0
496,2,-0.9331200947273907,3,2.274279723787731,0.0
496,3,4.037333741760262,3,2.274279723787731,5.548559447575462
496,4,5.478706586922658,3,2.274279723787731,5.548559447575462
496,5,5.620815057440512,3,2.274279723787731,5.548559447575462
496,6,5.788625009410324,3,2.274279723787731,5.548559447575462
496,7,6.264416853783807,3,2.274279723787731,5.548559447575462
496,8,6.58443869351478,3,2.274279723787731,5.548559447575462
497,1,-2.998867394403315,3,1.3535048841108368,0.0
497,2,-0.4701711271526092,3,1.3535048841108368,0.0
497,3,3.585490371185693,3,1.3535048841108368,3.7070097682216736
497,4,4.703613798355866,3,1.3535048841108368,3.7070097682216736
497,5,3.8224866436005773,3,1.3535048841108368,3.7070097682216736
497,6,6.74932717138404,3,1.3535048841108368,3.7070097682216736
497,7,4.974207598057739,3,1.3535048841108368,3.7070097682216736
497,8,4.978833903712676,3,1.3535048841108368,3.7070097682216736
498,1,2.476152653625037,3,1.6445044072543773,0.0
498,2,2.2359151702380395,3,1.6445044072543773,0.0
498,3,10.291474280369584,3,1.6445044072543773,4.289008814508755
498,4,10.629913778745118,3,1.6445044072543773,4.289008814508755
498,5,10.359591550861214,3,1.6445044072543773,4.289008814508755
498,6,9.362757580200677,3,1.6445044072543773,4.289008814508755
498,7,12.570114069535576,3,1.6445044072543773,4.289008814508755
498,8,10.9071272264548,3,1.6445044072543773,4.289008814508755
499,1,-1.885587932901927,3,1.5193438298090582,0.0
499,2,0.3206969787608016,3,1.5193438298090582,0.0
499,3,4.081036142423714,3,1.5193438298090582,4.038687659618116
499,4,6.123228696697435,3,1.5193438298090582,4.038687659618116
499,5,4.670847818261861,3,1.5193438298090582,4.038687659618116
499,6,4.525094758364117,3,1.5193438298090582,4.038687659618116
499,7,4.810320674483046,3,1.5193438298090582,4.038687659618116
499,8,4.075129380752214,3,1.5193438298090582,4.038687659618116
500,1,-2.4236780393895625,3,1.9518688034786649,0.0
500,2,-0.5004889277559774,3,1.9518688034786649,0.0
500,3,4.357489513030042,3,1.9518688034786649,4.90373760695733
500,4,4.278963346934378,3,1.9518688034786649,4.90373760695733
500,5,3.763720896557643,3,1.9518688034786649,4.90373760695733
500,6,5.485528358386709,3,1.9518688034786649,4.90373760695733
500,7,6.771469045569345,3,1.9518688034786649,4.90373760695733
500,8,6.689374596843956,3,1.9518688034786649,4.90373760695733
501,1,-0.3056530917647346,3,3.3325605107051466,0.0
501,2,-0.7693459146792998,3,3.3325605107051466,0.0
501,3,9.059914574124212,3,3.3325605107051466,7.665121021410293
501,4,5.560827941268018,3,3.3325605107051466,7.665121021410293
501,5,9.575578468877344,3,3.3325605107051466,7.665121021410293
501,6,12.263054740956798,3,3.3325605107051466,7.665121021410293
501,7,8.684359372680353,3,3.3325605107051466,7.665121021410293
501,8,10.451363305310833,3,3.3325605107051466,7.665121021410293
502,1,1.332542428824445,3,1.725112823808489,0.0
502,2,1.3778706048925944,3,1.725112823808489,0.0
502,3,7.827053309125129,3,1.725112823808489,4.450225647616978
502,4,7.763130080921451,3,1.725112823808489,4.450225647616978
502,5,7.9429794391134685,3,1.725112823808489,4.450225647616978
502,6,9.08795162773543,3,1.725112823808489,4.450225647616978
502,7,8.807429775637893,3,1.725112823808489,4.450225647616978
502,8,12.470543555389664,3,1.725112823808489,4.450225647616978
503,1,0.4465535204345484,3,2.2749757582649544,0.0
503,2,0.9904886852675117,3,2.2749757582649544,0.0
503,3,5.134690053734441,3,2.2749757582649544,5.549951516529909
503,4,6.801707776004292,3,2.2749757582649544,5.549951516529909
503,5,8.992535785107526,3,2.2749757582649544,5.549951516529909
503,6,7.009701252947844,3,2.2749757582649544,5.549951516529909
503,7,6.687600929005761,3,2.2749757582649544,5.549951516529909
503,8,9.37747357449529,3,2.2749757582649544,5.549951516529909
504,1,0.5696172666637938,3,0.5915044629128374,0.0
504,2,-0.2587460121150586,3,0.5915044629128374,0.0
504,3,2.045757082388147,3,0.5915044629128374,2.183008925825675
504,4,1.0233937472735106,3,0.5915044629128374,2.183008925825675
504,5,3.834135807716684,3,0.5915044629128374,2.183008925825675
504,6,4.543156793897536,3,0.5915044629128374,2.183008925825675
504,7,2.60014918591339,3,0.5915044629128374,2.183008925825675
504,8,6.016414133711709,3,0.5915044629128374,2.183008925825675
505,1,-0.08272939755690889,3,1.6090449416463644,0.0
505,2,0.7838910190983275,3,1.6090449416463644,0.0
505,3,4.953190051677053,3,1.6090449416463644,4.218089883292729
505,4,5.523347668655029,3,1.6090449416463644,4.218089883292729
505,5,5.89038585854545,3,1.6090449416463644,4.218089883292729
505,6,6.7381372813449065,3,1.6090449416463644,4.218089883292729
505,7,4.550907190719792,3,1.6090449416463644,4.218089883292729
505,8,5.368605526222196,3,1.6090449416463644,4.218089883292729
506,1,-1.6606820290151891,3,1.0815388248625308,0.0
506,2,-0.5544943004979707,3,1.0815388248625308,0.0
506,3,3.6265404442078237,3,1.0815388248625308,3.1630776497250617
506,4,4.063085174128494,3,1.0815388248625308,3.1630776497250617
506,5,5.355509332355675,3,1.0815388248625308,3.1630776497250617
506,6,5.886898819479995,3,1.0815388248625308,3.1630776497250617
506,7,4.366018412605851,3,1.0815388248625308,3.1630776497250617
506,8,5.976979630950115,3,1.0815388248625308,3.1630776497250617
507,1,-2.1068508050397234,3,0.8963659435815188,0.0
507,2,-0.9472662956714517,3,0.8963659435815188,0.0
507,3,2.855503998893647,3,0.8963659435815188,2.7927318871630376
507,4,-0.3749994466265383,3,0.8963659435815188,2.7927318871630376
507,5,5.944956669484837,3,0.8963659435815188,2.7927318871630376
507,6,4.6001213072426275,3,0.8963659435815188,2.7927318871630376
507,7,3.9380093544317463,3,0.8963659435815188,2.7927318871630376
507,8,6.961082385075381,3,0.8963659435815188,2.7927318871630376
508,1,4.715834584065929,3,1.0628179419500436,0.0
508,2,5.695785140380181,3,1.0628179419500436,0.0
508,3,8.701785828054582,3,1.0628179419500436,3.1256358839000873
508,4,11.340893475895552,3,1.0628179419500436,3.1256358839000873
508,5,10.08391693214633,3,1.0628179419500436,3.1256358839000873
508,6,10.83838573919172,3,1.0628179419500436,3.1256358839000873
508,7,12.392683791477658,3,1.0628179419500436,3.1256358839000873
508,8,12.274041095913287,3,1.0628179419500436,3.1256358839000873
509,1,1.0406740772370378,3,1.3950611921469576,0.0
509,2,2.7054131147285725,3,1.3950611921469576,0.0
509,3,8.423627756092976,3,1.3950611921469576,3.790122384293915
509,4,6.702554975464446,3,1.3950611921469576,3.790122384293915
509,5,7.001904614537591,3,1.3950611921469576,3.790122384293915
509,6,7.555771610284106,3,1.3950611921469576,3.790122384293915
509,7,9.195574027496543,3,1.3950611921469576,3.790122384293915
509,8,7.785946791632103,3,1.3950611921469576,3.790122384293915
510,1,1.9952005490978162,3,2.606351292866056,0.0
510,2,1.2360751596828359,3,2.606351292866056,0.0
510,3,8.302352831901615,3,2.606351292866056,6.212702585732112
510,4,9.468420691843619,3,2.606351292866056,6.212702585732112
510,5,10.430283700481166,3,2.606351292866056,6.212702585732112
510,6,12.755304020311709,3,2.606351292866056,6.212702585732112
510,7,12.022213499466814,3,2.606351292866056,6.212702585732112
510,8,11.074142184351796,3,2.606351292866056,6.212702585732112
511,1,-1.2061354216019629,3,0.8494243800267456,0.0
511,2,1.396593746992807,3,0.8494243800267456,0.0
511,3,4.3473041724448365,3,0.8494243800267456,2.698848760053491
511,4,3.7488437340398466,3,0.8494243800267456,2.698848760053491
511,5,3.7781673582768116,3,0.8494243800267456,2.698848760053491
511,6,5.845626659520287,3,0.8494243800267456,2.698848760053491
511,7,4.227366697090957,3,0.8494243800267456,2.698848760053491
511,8,6.112724221873167,3,0.8494243800267456,2.698848760053491
512,1,2.4007456365212336,3,1.6741670303934206,0.0
512,2,0.8334423278793598,3,1.6741670303934206,0.0
512,3,4.70081122715314,3,1.6741670303934206,4.348334060786842
512,4,6.386789409086282,3,1.6741670303934206,4.348334060786842
512,5,6.006411987399396,3,1.6741670303934206,4.348334060786842
512,6,5.58230486266133,3,1.6741670303934206,4.348334060786842
512,7,8.177456733286851,3,1.6741670303934206,4.348334060786842
512,8,9.094255106964466,3,1.6741670303934206,4.348334060786842
513,1,-1.2380146348132826,3,1.2942291711983758,0.0
513,2,-0.8043436368369833,3,1.2942291711983758,0.0
513,3,2.699784988534212,3,1.2942291711983758,3.5884583423967515
513,4,4.011414779188475,3,1.2942291711983758,3.5884583423967515
513,5,4.098981996732851,3,1.2942291711983758,3.5884583423967515
513,6,4.150317692952786,3,1.2942291711983758,3.5884583423967515
513,7,7.553519210055647,3,1.2942291711983758,3.5884583423967515
513,8,6.627843196405549,3,1.2942291711983758,3.5884583423967515
514,1,-4.231021561809051,3,1.3995677694132658,0.0
514,2,-3.4200171009059765,3,1.3995677694132658,0.0
514,3,0.766755085747933,3,1.3995677694132658,3.7991355388265315
514,4,0.08260891619141297,3,1.3995677694132658,3.7991355388265315
514,5,1.2682714919595952,3,1.3995677694132658,3.7991355388265315
514,6,1.2266883847274674,3,1.3995677694132658,3.7991355388265315
514,7,2.434182493764788,3,1.3995677694132658,3.7991355388265315
514,8,2.837409754946292,3,1.3995677694132658,3.7991355388265315
515,1,-2.6386788145599342,3,2.7220326871237415,0.0
515,2,-3.0853172766175314,3,2.7220326871237415,0.0
515,3,5.334283877517258,3,2.7220326871237415,6.444065374247483
515,4,5.4837773327444514,3,2.7220326871237415,6.444065374247483
515,5,4.297674572842992,3,2.7220326871237415,6.444065374247483
515,6,7.195708589440468,3,2.7220326871237415,6.444065374247483
515,7,8.153388932794526,3,2.7220326871237415,6.444065374247483
515,8,10.216403295760701,3,2.7220326871237415,6.444065374247483
516,1,-3.5124348632814506,3,2.157732104525004,0.0
516,2,-3.159949256509857,3,2.157732104525004,0.0
516,3,2.0848058186499774,3,2.157732104525004,5.315464209050008
516,4,3.9028687555762254,3,2.157732104525004,5.315464209050008
516,5,4.396545029647574,3,2.157732104525004,5.315464209050008
516,6,3.8829305143024695,3,2.157732104525004,5.315464209050008
516,7,5.019296967085379,3,2.157732104525004,5.315464209050008
516,8,3.7155611821998615,3,2.157732104525004,5.315464209050008
517,1,-3.0731908080699686,3,3.217803724562455,0.0
517,2,-4.270246815575382,3,3.217803724562455,0.0
517,3,4.401383541808716,3,3.217803724562455,7.43560744912491
517,4,3.509346471923916,3,3.217803724562455,7.43560744912491
517,5,4.853686293760122,3,3.217803724562455,7.43560744912491
517,6,5.656448739704167,3,3.217803724562455,7.43560744912491
517,7,6.424749046260865,3,3.217803724562455,7.43560744912491
517,8,7.415772408744207,3,3.217803724562455,7.43560744912491
518,1,-0.4516428651099853,3,1.5261483763975263,0.0
518,2,-0.6580070058268493,3,1.5261483763975263,0.0
518,3,4.123743347345092,3,1.5261483763975263,4.052296752795053
518,4,5.107682914141986,3,1.5261483763975263,4.052296752795053
518,5,4.731286685721545,3,1.5261483763975263,4.052296752795053
518,6,4.624871608579852,3,1.5261483763975263,4.052296752795053
518,7,6.170690710453902,3,1.5261483763975263,4.052296752795053
518,8,6.734588090160504,3,1.5261483763975263,4.052296752795053
519,1,3.798477196729297,3,1.164193641516877,0.0
519,2,2.1952837617271586,3,1.164193641516877,0.0
519,3,6.636838488702368,3,1.164193641516877,3.328387283033754
519,4,7.703444537766532,3,1.164193641516877,3.328387283033754
519,5,9.257919662532915,3,1.164193641516877,3.328387283033754
519,6,8.956952222726457,3,1.164193641516877,3.328387283033754
519,7,10.615167275247579,3,1.164193641516877,3.328387283033754
519,8,11.293535270541298,3,1.164193641516877,3.328387283033754
520,1,1.6102981332684974,3,1.4741338420224885,0.0
520,2,2.116668229071578,3,1.4741338420224885,0.0
520,3,4.32240144397755,3,1.4741338420224885,3.948267684044977
520,4,6.342030848092044,3,1.4741338420224885,3.948267684044977
520,5,5.751866307680852,3,1.4741338420224885,3.948267684044977
520,6,5.21032901727707,3,1.4741338420224885,3.948267684044977
520,7,7.071924216580433,3,1.4741338420224885,3.948267684044977
520,8,9.18413231426352,3,1.4741338420224885,3.948267684044977
521,1,3.541869534760812,3,1.861250168665606,0.0
521,2,5.59893689624824,3,1.861250168665606,0.0
521,3,8.980858007241672,3,1.861250168665606,4.722500337331212
521,4,11.751430615566466,3,1.861250168665606,4.722500337331212
521,5,9.98114908749061,3,1.861250168665606,4.722500337331212
521,6,10.326108158127296,3,1.861250168665606,4.722500337331212
521,7,9.524237774052065,3,1.861250168665606,4.722500337331212
521,8,12.414190602266327,3,1.861250168665606,4.722500337331212
522,1,0.8198400248612716,3,1.800900250834926,0.0
522,2,1.1749175143930235,3,1.800900250834926,0.0
522,3,8.204996219234175,3,1.800900250834926,4.601800501669852
522,4,8.58198832426756,3,1.800900250834926,4.601800501669852
522,5,9.05581702268228,3,1.800900250834926,4.601800501669852
522,6,8.061574521416622,3,1.800900250834926,4.601800501669852
522,7,8.872789790166351,3,1.800900250834926,4.601800501669852
522,8,9.36391125777575,3,1.800900250834926,4.601800501669852
523,1,2.8476358321027164,3,0.9586837432534205,0.0
523,2,4.118682319924549,3,0.9586837432534205,0.0
523,3,6.350631693135567,3,0.9586837432534205,2.917367486506841
523,4,8.457376223294517,3,0.9586837432534205,2.917367486506841
523,5,7.87967955597022,3,0.9586837432534205,2.917367486506841
523,6,7.247685743822741,3,0.9586837432534205,2.917367486506841
523,7,8.811196544066135,3,0.9586837432534205,2.917367486506841
523,8,10.188425416645932,3,0.9586837432534205,2.917367486506841
524,1,0.6964949927321842,3,1.725030774844825,0.0
524,2,0.3850973539899305,3,1.725030774844825,0.0
524,3,4.173942012738499,3,1.725030774844825,4.45006154968965
524,4,4.431574305024579,3,1.725030774844825,4.45006154968965
524,5,5.72433706264189,3,1.725030774844825,4.45006154968965
524,6,7.3222420543515465,3,1.725030774844825,4.45006154968965
524,7,6.582036681294952,3,1.725030774844825,4.45006154968965
524,8,7.102799430949311,3,1.725030774844825,4.45006154968965
525,1,1.599299762702434,3,1.8480188346347062,0.0
525,2,1.7200108457541292,3,1.8480188346347062,0.0
525,3,7.081805071010836,3,1.8480188346347062,4.696037669269412
525,4,7.879365562900284,3,1.8480188346347062,4.696037669269412
525,5,9.962039573894575,3,1.8480188346347062,4.696037669269412
525,6,8.504225799123951,3,1.8480188346347062,4.696037669269412
525,7,9.296551653566134,3,1.8480188346347062,4.696037669269412
525,8,8.878561917248245,3,1.8480188346347062,4.696037669269412
526,1,2.674059534621847,3,5.805101028876428,0.0
526,2,3.824107646866974,3,5.805101028876428,0.0
526,3,17.192128371858303,3,5.805101028876428,12.610202057752856
526,4,16.270995050597257,3,5.805101028876428,12.610202057752856
526,5,17.141984809180784,3,5.805101028876428,12.610202057752856
526,6,16.91408020373151,3,5.805101028876428,12.610202057752856
526,7,18.095649205596068,3,5.805101028876428,12.610202057752856
526,8,18.381595678400764,3,5.805101028876428,12.610202057752856
527,1,-0.5950301972158986,3,4.214042099161032,0.0
527,2,-0.015540892190256395,3,4.214042099161032,0.0
527,3,10.226711897248327,3,4.214042099161032,9.428084198322065
527,4,9.980637179009115,3,4.214042099161032,9.428084198322065
527,5,10.532292821776645,3,4.214042099161032,9.428084198322065
527,6,12.982151627526232,3,4.214042099161032,9.428084198322065
527,7,14.485336382701062,3,4.214042099161032,9.428084198322065
527,8,11.070422665320635,3,4.214042099161032,9.428084198322065
528,1,0.35960953685627395,3,1.0761375893636587,0.0
528,2,1.161927913424183,3,1.0761375893636587,0.0
528,3,5.668067504921095,3,1.0761375893636587,3.1522751787273173
528,4,7.167136430996907,3,1.0761375893636587,3.1522751787273173
528,5,7.362608862007923,3,1.0761375893636587,3.1522751787273173
528,6,7.443387056740118,3,1.0761375893636587,3.1522751787273173
528,7,8.30029146691755,3,1.0761375893636587,3.1522751787273173
528,8,7.579269763331281,3,1.0761375893636587,3.1522751787273173
529,1,1.388252745397047,3,1.4280477749790104,0.0
529,2,2.1122809687738693,3,1.4280477749790104,0.0
529,3,4.904254728235834,3,1.4280477749790104,3.8560955499580207
529,4,5.827160862385091,3,1.4280477749790104,3.8560955499580207
529,5,6.366905005830027,3,1.4280477749790104,3.8560955499580207
529,6,8.752579290791461,3,1.4280477749790104,3.8560955499580207
529,7,8.733826015680103,3,1.4280477749790104,3.8560955499580207
529,8,9.59953226718163,3,1.4280477749790104,3.8560955499580207
530,1,-2.43876023206263,3,0.7931673854112907,0.0
530,2,-1.582671928311769,3,0.7931673854112907,0.0
530,3,3.6504449688189116,3,0.7931673854112907,2.5863347708225817
530,4,0.7085598868963652,3,0.7931673854112907,2.5863347708225817
530,5,5.21185888616222,3,0.7931673854112907,2.5863347708225817
530,6,2.663912385039626,3,0.7931673854112907,2.5863347708225817
530,7,5.830574420487395,3,0.7931673854112907,2.5863347708225817
530,8,4.598644903805454,3,0.7931673854112907,2.5863347708225817
531,1,-0.6966331493704074,3,1.2270912029735879,0.0
531,2,1.9626240493745049,3,1.2270912029735879,0.0
531,3,0.43546791128406026,3,1.2270912029735879,3.4541824059471757
531,4,3.904022689265834,3,1.2270912029735879,3.4541824059471757
531,5,1.900482827811446,3,1.2270912029735879,3.4541824059471757
531,6,4.6354144636226895,3,1.2270912029735879,3.4541824059471757
531,7,4.501873377853292,3,1.2270912029735879,3.4541824059471757
531,8,5.338427863867029,3,1.2270912029735879,3.4541824059471757
532,1,-2.7799429401247817,3,1.9305452998549382,0.0
532,2,-0.5877155543000442,3,1.9305452998549382,0.0
532,3,2.544476097942951,3,1.9305452998549382,4.861090599709876
532,4,5.734471198812072,3,1.9305452998549382,4.861090599709876
532,5,4.583583629303149,3,1.9305452998549382,4.861090599709876
532,6,4.090143258510242,3,1.9305452998549382,4.861090599709876
532,7,7.58777075925403,3,1.9305452998549382,4.861090599709876
532,8,6.425491283104178,3,1.9305452998549382,4.861090599709876
533,1,2.58064705428495,3,3.0129715281762306,0.0
533,2,2.394367213156266,3,3.0129715281762306,0.0
533,3,7.900808435408949,3,3.0129715281762306,7.025943056352461
533,4,9.113964339258636,3,3.0129715281762306,7.025943056352461
533,5,9.81999207985896,3,3.0129715281762306,7.025943056352461
533,6,11.725257340181823,3,3.0129715281762306,7.025943056352461
533,7,11.136471853562501,3,3.0129715281762306,7.025943056352461
533,8,11.375246761291844,3,3.0129715281762306,7.025943056352461
534,1,0.954140150480322,3,1.1450611951549279,0.0
534,2,1.6034627017239906,3,1.1450611951549279,0.0
534,3,6.748734213566809,3,1.1450611951549279,3.2901223903098558
534,4,5.94784747868596,3,1.1450611951549279,3.2901223903098558
534,5,6.049144856590311,3,1.1450611951549279,3.2901223903098558
534,6,6.379634962274799,3,1.1450611951549279,3.2901223903098558
534,7,6.890376974052323,3,1.1450611951549279,3.2901223903098558
534,8,6.54204613184572,3,1.1450611951549279,3.2901223903098558
535,1,-1.835426969242308,3,1.1887790594542984,0.0
535,2,0.9133686147344942,3,1.1887790594542984,0.0
535,3,3.0859071974252714,3,1.1887790594542984,3.377558118908597
535,4,4.4969181265488665,3,1.1887790594542984,3.377558118908597
535,5,1.8137499400919335,3,1.1887790594542984,3.377558118908597
535,6,5.360817766958647,3,1.1887790594542984,3.377558118908597
535,7,5.1311537536236544,3,1.1887790594542984,3.377558118908597
535,8,5.311066435102259,3,1.1887790594542984,3.377558118908597
536,1,0.734130640073329,3,0.5634681240632927,0.0
536,2,0.5573454288401696,3,0.5634681240632927,0.0
536,3,1.556232010890427,3,0.5634681240632927,2.1269362481265857
536,4,5.10235487195072,3,0.5634681240632927,2.1269362481265857
536,5,4.923124492126975,3,0.5634681240632927,2.1269362481265857
536,6,4.8661644760309315,3,0.5634681240632927,2.1269362481265857
536,7,4.713921558706345,3,0.5634681240632927,2.1269362481265857
536,8,4.710249414671648,3,0.5634681240632927,2.1269362481265857
537,1,1.8649667793450284,3,1.5199341928260044,0.0
537,2,3.7545150325023298,3,1.5199341928260044,0.0
537,3,6.884108934670017,3,1.5199341928260044,4.039868385652008
537,4,5.798180851836153,3,1.5199341928260044,4.039868385652008
537,5,7.906059184967382,3,1.5199341928260044,4.039868385652008
537,6,8.12759949568225,3,1.5199341928260044,4.039868385652008
537,7,9.54498608400321,3,1.5199341928260044,4.039868385652008
537,8,9.787675635340705,3,1.5199341928260044,4.039868385652008
538,1,-1.249441104779322,3,0.9692747127989452,0.0
538,2,2.7816236337590587,3,0.9692747127989452,0.0
538,3,4.671451445424409,3,0.9692747127989452,2.9385494255978903
538,4,4.7532021134797935,3,0.9692747127989452,2.9385494255978903
538,5,6.486457444554929,3,0.9692747127989452,2.9385494255978903
538,6,7.585901963958504,3,0.9692747127989452,2.9385494255978903
538,7,6.034196244641668,3,0.9692747127989452,2.9385494255978903
538,8,8.879507271986043,3,0.9692747127989452,2.9385494255978903
539,1,4.367099087776577,3,1.2652633550434984,0.0
539,2,4.1507364365444746,3,1.2652633550434984,0.0
539,3,7.266663320104925,3,1.2652633550434984,3.530526710086997
539,4,7.654908946142681,3,1.2652633550434984,3.530526710086997
539,5,10.160219081912201,3,1.2652633550434984,3.530526710086997
539,6,8.123064263836069,3,1.2652633550434984,3.530526710086997
539,7,11.198757411151153,3,1.2652633550434984,3.530526710086997
539,8,10.469087791201538,3,1.2652633550434984,3.530526710086997
540,1,2.9581271647532295,3,1.0635045254765658,0.0
540,2,1.8458739589827617,3,1.0635045254765658,0.0
540,3,7.034254085220631,3,1.0635045254765658,3.1270090509531316
540,4,8.294556231360595,3,1.0635045254765658,3.1270090509531316
540,5,6.844560627497238,3,1.0635045254765658,3.1270090509531316
540,6,9.179606582601064,3,1.0635045254765658,3.1270090509531316
540,7,9.269982969028241,3,1.0635045254765658,3.1270090509531316
540,8,9.03721510151691,3,1.0635045254765658,3.1270090509531316
541,1,-0.6479097790217838,3,1.5728176979733106,0.0
541,2,-3.2048396344916443,3,1.5728176979733106,0.0
541,3,3.9897332791772424,3,1.5728176979733106,4.145635395946622
541,4,5.762487688506826,3,1.5728176979733106,4.145635395946622
541,5,6.082995669534196,3,1.5728176979733106,4.145635395946622
541,6,5.532859250972056,3,1.5728176979733106,4.145635395946622
541,7,5.3413717543026875,3,1.5728176979733106,4.145635395946622
541,8,5.507249973885902,3,1.5728176979733106,4.145635395946622
542,1,3.564246625170403,3,0.6846385832316277,0.0
542,2,4.910979666993951,3,0.6846385832316277,0.0
542,3,6.429205780079885,3,0.6846385832316277,2.3692771664632555
542,4,8.493873403589681,3,0.6846385832316277,2.3692771664632555
542,5,10.369610103542625,3,0.6846385832316277,2.3692771664632555
542,6,8.674566350411906,3,0.6846385832316277,2.3692771664632555
542,7,7.892054782255995,3,0.6846385832316277,2.3692771664632555
542,8,8.391704839222887,3,0.6846385832316277,2.3692771664632555
543,1,0.21461254260014595,3,0.7917396842518567,0.0
543,2,-0.12169918807187315,3,0.7917396842518567,0.0
543,3,3.898357255456337,3,0.7917396842518567,2.5834793685037134
543,4,2.9878921102329343,3,0.7917396842518567,2.5834793685037134
543,5,4.852149906932116,3,0.7917396842518567,2.5834793685037134
543,6,4.363227185942558,3,0.7917396842518567,2.5834793685037134
543,7,4.289022304068334,3,0.7917396842518567,2.5834793685037134
543,8,5.120527880589899,3,0.7917396842518567,2.5834793685037134
544,1,1.3926912694856186,3,4.7808748655134625,0.0
544,2,5.079105183490467,3,4.7808748655134625,0.0
544,3,14.055113542377294,3,4.7808748655134625,10.561749731026925
544,4,15.296009444617976,3,4.7808748655134625,10.561749731026925
544,5,14.614626223064981,3,4.7808748655134625,10.561749731026925
544,6,14.599567533955957,3,4.7808748655134625,10.561749731026925
544,7,15.917614845017845,3,4.7808748655134625,10.561749731026925
544,8,17.752687889314977,3,4.7808748655134625,10.561749731026925
545,1,0.11524146070389407,3,0.8661377740500489,0.0
545,2,0.2654412793727623,3,0.8661377740500489,0.0
545,3,4.523713044571419,3,0.8661377740500489,2.7322755481000978
545,4,5.3672714009200195,3,0.8661377740500489,2.7322755481000978
545,5,7.011096969055458,3,0.8661377740500489,2.7322755481000978
545,6,6.221999278574771,3,0.8661377740500489,2.7322755481000978
545,7,7.012241478733511,3,0.8661377740500489,2.7322755481000978
545,8,7.587524037122597,3,0.8661377740500489,2.7322755481000978
546,1,-1.4773141388465656,3,0.95275947991047,0.0
546,2,-0.7876308273834794,3,0.95275947991047,0.0
546,3,2.4973239133013543,3,0.95275947991047,2.90551895982094
546,4,2.749074447215359,3,0.95275947991047,2.90551895982094
546,5,5.376680077777408,3,0.95275947991047,2.90551895982094
546,6,5.37127029457076,3,0.95275947991047,2.90551895982094
546,7,5.660716265998454,3,0.95275947991047,2.90551895982094
546,8,3.488503687504736,3,0.95275947991047,2.90551895982094
547,1,-1.059916860931247,3,4.130740811618224,0.0
547,2,-3.5096657237034212,3,4.130740811618224,0.0
547,3,9.197900659625539,3,4.130740811618224,9.261481623236447
547,4,6.196846423035265,3,4.130740811618224,9.261481623236447
547,5,7.333686745130045,3,4.130740811618224,9.261481623236447
547,6,6.443238521176951,3,4.130740811618224,9.261481623236447
547,7,9.50821287962928,3,4.130740811618224,9.261481623236447
547,8,8.54483108287535,3,4.130740811618224,9.261481623236447
548,1,-0.9161291745310507,3,7.046517933159384,0.0
548,2,-0.7156432376070938,3,7.046517933159384,0.0
548,3,17.027261908623935,3,7.046517933159384,15.093035866318768
548,4,17.46137049745362,3,7.046517933159384,15.093035866318768
548,5,19.061940736964857,3,7.046517933159384,15.093035866318768
548,6,17.0642002248131,3,7.046517933159384,15.093035866318768
548,7,18.468726216932872,3,7.046517933159384,15.093035866318768
548,8,17.46057164848412,3,7.046517933159384,15.093035866318768
549,1,-2.953805493346536,3,0.9177930822083663,0.0
549,2,-2.6376117838923956,3,0.9177930822083663,0.0
549,3,1.6812696513009358,3,0.9177930822083663,2.835586164416733
549,4,2.733841500223706,3,0.9177930822083663,2.835586164416733
549,5,3.207886384637015,3,0.9177930822083663,2.835586164416733
549,6,1.8740074215879041,3,0.9177930822083663,2.835586164416733
549,7,4.215287598428514,3,0.9177930822083663,2.835586164416733
549,8,3.672734556697718,3,0.9177930822083663,2.835586164416733
550,1,2.1100015757885298,3,1.3714595279208155,0.0
550,2,2.226086984866626,3,1.3714595279208155,0.0
550,3,6.617581733165624,3,1.3714595279208155,3.742919055841631
550,4,9.419831373723408,3,1.3714595279208155,3.742919055841631
550,5,8.4849282940212,3,1.3714595279208155,3.742919055841631
550,6,8.852129375028381,3,1.3714595279208155,3.742919055841631
550,7,8.91527066899023,3,1.3714595279208155,3.742919055841631
550,8,12.123496138965203,3,1.3714595279208155,3.742919055841631
551,1,4.838595803124921,3,1.9557578697332283,0.0
551,2,3.3125231994797035,3,1.9557578697332283,0.0
551,3,9.171485999040328,3,1.9557578697332283,4.911515739466457
551,4,9.730856510374043,3,1.9557578697332283,4.911515739466457
551,5,10.590973032027552,3,1.9557578697332283,4.911515739466457
551,6,10.243875061113517,3,1.9557578697332283,4.911515739466457
551,7,11.883917577106649,3,1.9557578697332283,4.911515739466457
551,8,13.397189185784267,3,1.9557578697332283,4.911515739466457
552,1,-2.4074500875975438,3,3.913174050098056,0.0
552,2,-1.7219687156854475,3,3.913174050098056,0.0
552,3,8.249367566305425,3,3.913174050098056,8.826348100196112
552,4,8.795730561494903,3,3.913174050098056,8.826348100196112
552,5,11.730991996348664,3,3.913174050098056,8.826348100196112
552,6,11.23423534161757,3,3.913174050098056,8.826348100196112
552,7,11.676848473720996,3,3.913174050098056,8.826348100196112
552,8,10.96816042808933,3,3.913174050098056,8.826348100196112
553,1,0.8176280782517282,3,1.0065931002092163,0.0
553,2,0.15223607127314365,3,1.0065931002092163,0.0
553,3,5.898867913504793,3,1.0065931002092163,3.0131862004184327
553,4,6.108182290265761,3,1.0065931002092163,3.0131862004184327
553,5,7.403125050135259,3,1.0065931002092163,3.0131862004184327
553,6,6.406297972100807,3,1.0065931002092163,3.0131862004184327
553,7,6.975348539256578,3,1.0065931002092163,3.0131862004184327
553,8,7.787173214017612,3,1.0065931002092163,3.0131862004184327
554,1,-0.05888546850885534,3,1.4584308201774985,0.0
554,2,-1.9209986661134297,3,1.4584308201774985,0.0
554,3,4.702134730077421,3,1.4584308201774985,3.916861640354997
554,4,4.445583034166216,3,1.4584308201774985,3.916861640354997
554,5,3.9074413283853495,3,1.4584308201774985,3.916861640354997
554,6,3.3814728436849797,3,1.4584308201774985,3.916861640354997
554,7,5.829604884460693,3,1.4584308201774985,3.916861640354997
554,8,7.913791579613116,3,1.4584308201774985,3.916861640354997
555,1,0.9177152064678158,3,2.431890134272016,0.0
555,2,0.09840675039651714,3,2.431890134272016,0.0
555,3,8.068816472112701,3,2.431890134272016,5.863780268544032
555,4,6.563869725313707,3,2.431890134272016,5.863780268544032
555,5,8.060114359913234,3,2.431890134272016,5.863780268544032
555,6,7.155579919364025,3,2.431890134272016,5.863780268544032
555,7,7.5922119689863035,3,2.431890134272016,5.863780268544032
555,8,7.929301691389816,3,2.431890134272016,5.863780268544032
556,1,-0.011539539393569775,3,2.0490638641791974,0.0
556,2,3.8360816676776546,3,2.0490638641791974,0.0
556,3,7.505484696951122,3,2.0490638641791974,5.098127728358395
556,4,7.845678356333941,3,2.0490638641791974,5.098127728358395
556,5,7.967145454476461,3,2.0490638641791974,5.098127728358395
556,6,9.442757699552853,3,2.0490638641791974,5.098127728358395
556,7,11.91060944664888,3,2.0490638641791974,5.098127728358395
556,8,12.740895986911855,3,2.0490638641791974,5.098127728358395
557,1,-1.2379433994889082,3,1.3660480884672868,0.0
557,2,0.5684754803368925,3,1.3660480884672868,0.0
557,3,4.12066188315405,3,1.3660480884672868,3.7320961769345735
557,4,6.643357394459269,3,1.3660480884672868,3.7320961769345735
557,5,6.441613200541676,3,1.3660480884672868,3.7320961769345735
557,6,6.018450325867914,3,1.3660480884672868,3.7320961769345735
557,7,7.227592733838767,3,1.3660480884672868,3.7320961769345735
557,8,7.17760103184004,3,1.3660480884672868,3.7320961769345735
558,1,5.59354217823692,3,1.5420127101428802,0.0
558,2,5.026255598878061,3,1.5420127101428802,0.0
558,3,9.73314492506422,3,1.5420127101428802,4.08402542028576
558,4,6.896404026114886,3,1.5420127101428802,4.08402542028576
558,5,9.996532825318972,3,1.5420127101428802,4.08402542028576
558,6,12.646532463206817,3,1.5420127101428802,4.08402542028576
558,7,12.389450574184467,3,1.5420127101428802,4.08402542028576
558,8,9.71623191822748,3,1.5420127101428802,4.08402542028576
559,1,-0.7778907900894361,3,0.8290723082529795,0.0
559,2,-1.1659844233245633,3,0.8290723082529795,0.0
559,3,4.904781219462988,3,0.8290723082529795,2.6581446165059592
559,4,3.9379579413760255,3,0.8290723082529795,2.6581446165059592
559,5,3.425884099368681,3,0.8290723082529795,2.6581446165059592
559,6,4.727837602640906,3,0.8290723082529795,2.6581446165059592
559,7,2.5863141300316332,3,0.8290723082529795,2.6581446165059592
559,8,4.608718355643541,3,0.8290723082529795,2.6581446165059592
560,1,2.535116390775288,3,1.4636204522693963,0.0
560,2,3.844348033402301,3,1.4636204522693963,0.0
560,3,5.48459944889043,3,1.4636204522693963,3.9272409045387926
560,4,7.544758261785342,3,1.4636204522693963,3.9272409045387926
560,5,9.435599308006594,3,1.4636204522693963,3.9272409045387926
560,6,7.474460245114499,3,1.4636204522693963,3.9272409045387926
560,7,9.655096404271944,3,1.4636204522693963,3.9272409045387926
560,8,9.991888072593774,3,1.4636204522693963,3.9272409045387926
561,1,2.4092071462721663,3,1.4431182950676318,0.0
561,2,0.9646906328039262,3,1.4431182950676318,0.0
561,3,5.409462817675757,3,1.4431182950676318,3.8862365901352636
561,4,6.936023169215516,3,1.4431182950676318,3.8862365901352636
561,5,5.254714748001483,3,1.4431182950676318,3.8862365901352636
561,6,6.860180209499969,3,1.4431182950676318,3.8862365901352636
561,7,7.125338405210317,3,1.4431182950676318,3.8862365901352636
561,8,7.942151603345728,3,1.4431182950676318,3.8862365901352636
562,1,2.939962468451305,3,1.851664463906135,0.0
562,2,3.14571750457064,3,1.851664463906135,0.0
562,3,7.046202638772061,3,1.851664463906135,4.7033289278122705
562,4,8.43158415062795,3,1.851664463906135,4.7033289278122705
562,5,10.285326561401261,3,1.851664463906135,4.7033289278122705
562,6,8.463519248503431,3,1.851664463906135,4.7033289278122705
562,7,9.94005172769775,3,1.851664463906135,4.7033289278122705
562,8,10.101724270362109,3,1.851664463906135,4.7033289278122705
563,1,-0.4573203304966704,3,1.2489914561785893,0.0
563,2,-1.5249729369092941,3,1.2489914561785893,0.0
563,3,5.514430452009489,3,1.2489914561785893,3.4979829123571786
563,4,3.8293156968091018,3,1.2489914561785893,3.4979829123571786
563,5,6.129739567850818,3,1.2489914561785893,3.4979829123571786
563,6,4.9822909896497745,3,1.2489914561785893,3.4979829123571786
563,7,5.478162945801525,3,1.2489914561785893,3.4979829123571786
563,8,7.816790848162752,3,1.2489914561785893,3.4979829123571786
564,1,1.3947669283747588,3,2.0870868902502004,0.0
564,2,1.1095482238608174,3,2.0870868902502004,0.0
564,3,7.336206655203555,3,2.0870868902502004,5.174173780500401
564,4,6.786503325140835,3,2.0870868902502004,5.174173780500401
564,5,7.566688477678346,3,2.0870868902502004,5.174173780500401
564,6,7.413431712933416,3,2.0870868902502004,5.174173780500401
564,7,9.479121054697494,3,2.0870868902502004,5.174173780500401
564,8,8.381642774229883,3,2.0870868902502004,5.174173780500401
565,1,1.7541585863399833,3,2.735619473897797,0.0
565,2,0.4531680730823061,3,2.735619473897797,0.0
565,3,7.760749753214059,3,2.735619473897797,6.471238947795594
565,4,8.998969209852058,3,2.735619473897797,6.471238947795594
565,5,8.764105610387306,3,2.735619473897797,6.471238947795594
565,6,8.942332874912413,3,2.735619473897797,6.471238947795594
565,7,9.710217741389252,3,2.735619473897797,6.471238947795594
565,8,11.134059542755308,3,2.735619473897797,6.471238947795594
566,1,-1.8349664518282798,3,1.7819613930061826,0.0
566,2,-0.7983512369648391,3,1.7819613930061826,0.0
566,3,4.402095283658266,3,1.7819613930061826,4.563922786012365
566,4,5.756393751848448,3,1.7819613930061826,4.563922786012365
566,5,5.291963182449354,3,1.7819613930061826,4.563922786012365
566,6,7.7001076508145125,3,1.7819613930061826,4.563922786012365
566,7,6.235269978605696,3,1.7819613930061826,4.563922786012365
566,8,6.654124917915511,3,1.7819613930061826,4.563922786012365
567,1,1.6531309475457736,3,1.9657585555722237,0.0
567,2,1.0075216405054954,3,1.9657585555722237,0.0
567,3,6.718953333549268,3,1.9657585555722237,4.931517111144448
567,4,7.72501329056886,3,1.9657585555722237,4.931517111144448
567,5,9.891510029158084,3,1.9657585555722237,4.931517111144448
567,6,9.222554120945944,3,1.9657585555722237,4.931517111144448
567,7,9.271035990692248,3,1.9657585555722237,4.931517111144448
567,8,11.482214925914548,3,1.9657585555722237,4.931517111144448
568,1,3.351675144048989,3,1.6931279459244415,0.0
568,2,3.5558804720644885,3,1.6931279459244415,0.0
568,3,6.333663905770454,3,1.6931279459244415,4.386255891848883
568,4,7.1915052828119554,3,1.6931279459244415,4.386255891848883
568,5,10.000489973320331,3,1.6931279459244415,4.386255891848883
568,6,8.927893595005633,3,1.6931279459244415,4.386255891848883
568,7,8.919126838109532,3,1.6931279459244415,4.386255891848883
568,8,10.405101864336448,3,1.6931279459244415,4.386255891848883
569,1,2.6944084571692457,3,1.6487908425104203,0.0
569,2,1.6156598188828686,3,1.6487908425104203,0.0
569,3,7.2041310334519055,3,1.6487908425104203,4.297581685020841
569,4,8.411251144049032,3,1.6487908425104203,4.297581685020841
569,5,6.824403928872121,3,1.6487908425104203,4.297581685020841
569,6,8.497036532258115,3,1.6487908425104203,4.297581685020841
569,7,7.870301421781258,3,1.6487908425104203,4.297581685020841
569,8,8.501110577905163,3,1.6487908425104203,4.297581685020841
570,1,3.0108312303549853,3,1.1493780652172516,0.0
570,2,4.5510508457147605,3,1.1493780652172516,0.0
570,3,7.550664809631658,3,1.1493780652172516,3.298756130434503
570,4,7.724269313301387,3,1.1493780652172516,3.298756130434503
570,5,8.924242001594752,3,1.1493780652172516,3.298756130434503
570,6,8.225724710003362,3,1.1493780652172516,3.298756130434503
570,7,10.301490656103702,3,1.1493780652172516,3.298756130434503
570,8,11.504074200228104,3,1.1493780652172516,3.298756130434503
571,1,3.3194855614845955,3,1.931403867219001,0.0
571,2,3.6960406091723987,3,1.931403867219001,0.0
571,3,9.63493769012618,3,1.931403867219001,4.862807734438002
571,4,7.733027918079064,3,1.931403867219001,4.862807734438002
571,5,10.798314793508476,3,1.931403867219001,4.862807734438002
571,6,13.863383140655472,3,1.931403867219001,4.862807734438002
571,7,11.138821115795889,3,1.931403867219001,4.862807734438002
571,8,11.642372303194279,3,1.931403867219001,4.862807734438002
572,1,0.49371762040141265,3,1.5704413598759979,0.0
572,2,1.8954432884996915,3,1.5704413598759979,0.0
572,3,5.86596118448786,3,1.5704413598759979,4.140882719751996
572,4,3.235386461470175,3,1.5704413598759979,4.140882719751996
572,5,6.454392177716473,3,1.5704413598759979,4.140882719751996
572,6,8.9629234852954,3,1.5704413598759979,4.140882719751996
572,7,7.5134343868131905,3,1.5704413598759979,4.140882719751996
572,8,6.236391426781976,3,1.5704413598759979,4.140882719751996
573,1,1.5279342612869706,3,4.695403983654301,0.0
573,2,0.4654173855272896,3,4.695403983654301,0.0
573,3,13.86971629344582,3,4.695403983654301,10.390807967308602
573,4,12.181030016149034,3,4.695403983654301,10.390807967308602
573,5,13.71115623886898,3,4.695403983654301,10.390807967308602
573,6,13.279132602185111,3,4.695403983654301,10.390807967308602
573,7,14.090464546628967,3,4.695403983654301,10.390807967308602
573,8,16.623063250037454,3,4.695403983654301,10.390807967308602
574,1,-0.643744213622728,3,3.6207364748540942,0.0
574,2,-0.8064038522421454,3,3.6207364748540942,0.0
574,3,7.349043600305041,3,3.6207364748540942,8.24147294970819
574,4,7.1225700847923274,3,3.6207364748540942,8.24147294970819
574,5,8.242990937669077,3,3.6207364748540942,8.24147294970819
574,6,10.106230812636142,3,3.6207364748540942,8.24147294970819
574,7,11.474505339914428,3,3.6207364748540942,8.24147294970819
574,8,10.433920078769564,3,3.6207364748540942,8.24147294970819
575,1,2.1172542329481256,3,1.999552241565996,0.0
575,2,0.329210210000884,3,1.999552241565996,0.0
575,3,6.307803392481224,3,1.999552241565996,4.999104483131992
575,4,5.966238395023851,3,1.999552241565996,4.999104483131992
575,5,8.53657684992896,3,1.999552241565996,4.999104483131992
575,6,10.143325729405671,3,1.999552241565996,4.999104483131992
575,7,6.783998154424905,3,1.999552241565996,4.999104483131992
575,8,8.699653046726404,3,1.999552241565996,4.999104483131992
576,1,0.5652809488123056,3,1.1257746710287524,0.0
576,2,-1.6464444196633308,3,1.1257746710287524,0.0
576,3,4.118734350790862,3,1.1257746710287524,3.251549342057505
576,4,5.273522644027346,3,1.1257746710287524,3.251549342057505
576,5,4.630279258176612,3,1.1257746710287524,3.251549342057505
576,6,5.602313514759908,3,1.1257746710287524,3.251549342057505
576,7,7.312952829947383,3,1.1257746710287524,3.251549342057505
576,8,8.000476997920922,3,1.1257746710287524,3.251549342057505
577,1,3.678173405237619,3,0.9453446244682605,0.0
577,2,3.707762768972869,3,0.9453446244682605,0.0
577,3,6.710849756134927,3,0.9453446244682605,2.8906892489365212
577,4,9.107794017637335,3,0.9453446244682605,2.8906892489365212
577,5,7.259054309417655,3,0.9453446244682605,2.8906892489365212
577,6,8.878255829217421,3,0.9453446244682605,2.8906892489365212
577,7,9.73351963816309,3,0.9453446244682605,2.8906892489365212
577,8,9.627827354489868,3,0.9453446244682605,2.8906892489365212
578,1,1.5072165657050496,3,2.9908914193887135,0.0
578,2,4.291909618978684,3,2.9908914193887135,0.0
578,3,9.08758054911681,3,2.9908914193887135,6.981782838777427
578,4,9.273773512035962,3,2.9908914193887135,6.981782838777427
578,5,11.224510963845205,3,2.9908914193887135,6.981782838777427
578,6,10.948762783608874,3,2.9908914193887135,6.981782838777427
578,7,12.648514910674729,3,2.9908914193887135,6.981782838777427
578,8,11.873866759283072,3,2.9908914193887135,6.981782838777427
579,1,-0.18448146417987754,3,1.8801933411166347,0.0
579,2,-1.2197831443033995,3,1.8801933411166347,0.0
579,3,4.204593732212685,3,1.8801933411166347,4.760386682233269
579,4,4.488629735597323,3,1.8801933411166347,4.760386682233269
579,5,7.203667592308665,3,1.8801933411166347,4.760386682233269
579,6,5.962078946156965,3,1.8801933411166347,4.760386682233269
579,7,9.079905791943808,3,1.8801933411166347,4.760386682233269
579,8,8.354574990880378,3,1.8801933411166347,4.760386682233269
580,1,2.643050224611085,3,2.096085802012923,0.0
580,2,2.543382068508416,3,2.096085802012923,0.0
580,3,9.701667496008806,3,2.096085802012923,5.192171604025846
580,4,8.774910928196189,3,2.096085802012923,5.192171604025846
580,5,9.09403074366872,3,2.096085802012923,5.192171604025846
580,6,11.76775866834395,3,2.096085802012923,5.192171604025846
580,7,11.434029908513622,3,2.096085802012923,5.192171604025846
580,8,11.344479319490329,3,2.096085802012923,5.192171604025846
581,1,-3.1997978348571063,3,0.6891522958068418,0.0
581,2,-3.3322989464801247,3,0.6891522958068418,0.0
581,3,-0.07991307752545618,3,0.6891522958068418,2.3783045916136833
581,4,-0.7797741303525947,3,0.6891522958068418,2.3783045916136833
581,5,2.6074723809334825,3,0.6891522958068418,2.3783045916136833
581,6,0.4574538043466352,3,0.6891522958068418,2.3783045916136833
581,7,3.093090098972837,3,0.6891522958068418,2.3783045916136833
581,8,1.8482049227183839,3,0.6891522958068418,2.3783045916136833
582,1,-2.7211080740756173,3,2.6214280873394276,0.0
582,2,-2.293981690704443,3,2.6214280873394276,0.0
582,3,4.861502740098321,3,2.6214280873394276,6.242856174678855
582,4,3.3740272777841307,3,2.6214280873394276,6.242856174678855
582,5,5.790286386227137,3,2.6214280873394276,6.242856174678855
582,6,7.061090835859716,3,2.6214280873394276,6.242856174678855
582,7,5.455958005706418,3,2.6214280873394276,6.242856174678855
582,8,6.249357052090398,3,2.6214280873394276,6.242856174678855
583,1,1.5682306679593934,3,2.069299551523837,0.0
583,2,2.2452410582544475,3,2.069299551523837,0.0
583,3,9.941699212419712,3,2.069299551523837,5.138599103047674
583,4,7.726041887357017,3,2.069299551523837,5.138599103047674
583,5,8.288157591636448,3,2.069299551523837,5.138599103047674
583,6,11.3411773499016,3,2.069299551523837,5.138599103047674
583,7,10.854824839375585,3,2.069299551523837,5.138599103047674
583,8,12.850646662529744,3,2.069299551523837,5.138599103047674
584,1,0.17049825840888289,3,0.9462813516963601,0.0
584,2,1.2472180334723055,3,0.9462813516963601,0.0
584,3,3.8528226558556518,3,0.9462813516963601,2.89256270339272
584,4,5.156800768275152,3,0.9462813516963601,2.89256270339272
584,5,3.7394029023431523,3,0.9462813516963601,2.89256270339272
584,6,6.698454156282464,3,0.9462813516963601,2.89256270339272
584,7,6.836973683119794,3,0.9462813516963601,2.89256270339272
584,8,6.9559449371615365,3,0.9462813516963601,2.89256270339272
585,1,0.6105282759218565,3,1.3024376138667157,0.0
585,2,0.6061386131534218,3,1.3024376138667157,0.0
585,3,6.333480740287714,3,1.3024376138667157,3.6048752277334315
585,4,4.9346778425515465,3,1.3024376138667157,3.6048752277334315
585,5,7.117663740304196,3,1.3024376138667157,3.6048752277334315
585,6,9.18021922306441,3,1.3024376138667157,3.6048752277334315
585,7,9.091289316899251,3,1.3024376138667157,3.6048752277334315
585,8,6.6006398855842985,3,1.3024376138667157,3.6048752277334315
586,1,-2.6895302669804004,3,1.8811035553979005,0.0
586,2,-1.2313414660817599,3,1.8811035553979005,0.0
586,3,3.5391329821443533,3,1.8811035553979005,4.762207110795801
586,4,2.7100091858762827,3,1.8811035553979005,4.762207110795801
586,5,4.994730855632195,3,1.8811035553979005,4.762207110795801
586,6,5.099398009042404,3,1.8811035553979005,4.762207110795801
586,7,7.523740312762485,3,1.8811035553979005,4.762207110795801
586,8,5.856186201541257,3,1.8811035553979005,4.762207110795801
587,1,1.6215359636258586,3,1.6925451452872913,0.0
587,2,-0.313555824830708,3,1.6925451452872913,0.0
587,3,4.810613570977342,3,1.6925451452872913,4.385090290574583
587,4,7.060284828683341,3,1.6925451452872913,4.385090290574583
587,5,7.9223536494812254,3,1.6925451452872913,4.385090290574583
587,6,6.381230142799458,3,1.6925451452872913,4.385090290574583
587,7,7.862700275357762,3,1.6925451452872913,4.385090290574583
587,8,6.9570436953447725,3,1.6925451452872913,4.385090290574583
588,1,4.325798994497204,3,1.4246332427679875,0.0
588,2,5.84394160642681,3,1.4246332427679875,0.0
588,3,8.921326807202515,3,1.4246332427679875,3.849266485535975
588,4,9.607250600394856,3,1.4246332427679875,3.849266485535975
588,5,9.226489908042607,3,1.4246332427679875,3.849266485535975
588,6,10.207926892713733,3,1.4246332427679875,3.849266485535975
588,7,13.114396222552998,3,1.4246332427679875,3.849266485535975
588,8,11.929210198055792,3,1.4246332427679875,3.849266485535975
589,1,1.1460914729411273,3,1.5655792228524978,0.0
589,2,2.333627289673734,3,1.5655792228524978,0.0
589,3,5.682130064130159,3,1.5655792228524978,4.131158445704996
589,4,6.765397993156509,3,1.5655792228524978,4.131158445704996
589,5,9.639897424343175,3,1.5655792228524978,4.131158445704996
589,6,8.637075260910116,3,1.5655792228524978,4.131158445704996
589,7,11.170287861397927,3,1.5655792228524978,4.131158445704996
589,8,9.684209846800666,3,1.5655792228524978,4.131158445704996
590,1,0.8034343940941283,3,1.453553591358184,0.0
590,2,1.9803072488277476,3,1.453553591358184,0.0
590,3,3.0739326907825912,3,1.453553591358184,3.907107182716368
590,4,6.4514595966555675,3,1.453553591358184,3.907107182716368
590,5,6.69753378494104,3,1.453553591358184,3.907107182716368
590,6,8.73255916651714,3,1.453553591358184,3.907107182716368
590,7,8.711199667165609,3,1.453553591358184,3.907107182716368
590,8,7.1128285874551915,3,1.453553591358184,3.907107182716368
591,1,0.8640307984177051,3,1.7794089454625655,0.0
591,2,-0.14042234579087048,3,1.7794089454625655,0.0
591,3,4.27625684441921,3,1.7794089454625655,4.5588178909251305
591,4,5.877813321586458,3,1.7794089454625655,4.5588178909251305
591,5,5.977940715051437,3,1.7794089454625655,4.5588178909251305
591,6,8.219175384743778,3,1.7794089454625655,4.5588178909251305
591,7,7.521332099206465,3,1.7794089454625655,4.5588178909251305
591,8,7.886368991601261,3,1.7794089454625655,4.5588178909251305
592,1,0.6115013791166521,3,3.440944461611335,0.0
592,2,1.3037259143539244,3,3.440944461611335,0.0
592,3,9.37634831378118,3,3.440944461611335,7.88188892322267
592,4,10.512206692298836,3,3.440944461611335,7.88188892322267
592,5,10.20142563239767,3,3.440944461611335,7.88188892322267
592,6,10.260394684210585,3,3.440944461611335,7.88188892322267
592,7,11.831915281571911,3,3.440944461611335,7.88188892322267
592,8,11.001847079401744,3,3.440944461611335,7.88188892322267
593,1,-3.725149262055374,3,0.4568824142333449,0.0
593,2,-1.5368188611031206,3,0.4568824142333449,0.0
593,3,0.7772931780218859,3,0.4568824142333449,1.91376482846669
593,4,-0.3528067568566682,3,0.4568824142333449,1.91376482846669
593,5,-0.298182527238962,3,0.4568824142333449,1.91376482846669
593,6,2.118542550275153,3,0.4568824142333449,1.91376482846669
593,7,1.9557874079818687,3,0.4568824142333449,1.91376482846669
593,8,1.9709503042640177,3,0.4568824142333449,1.91376482846669
594,1,0.6934081316523766,3,1.4645893086059598,0.0
594,2,1.846977420556915,3,1.4645893086059598,0.0
594,3,5.922750999166538,3,1.4645893086059598,3.9291786172119196
594,4,5.780121279481245,3,1.4645893086059598,3.9291786172119196
594,5,7.073501787641476,3,1.4645893086059598,3.9291786172119196
594,6,7.709883504693848,3,1.4645893086059598,3.9291786172119196
594,7,7.56906439213401,3,1.4645893086059598,3.9291786172119196
594,8,9.348285147663757,3,1.4645893086059598,3.9291786172119196
595,1,3.479798609274697,3,1.8008453808683673,0.0
595,2,3.6608639106191205,3,1.8008453808683673,0.0
595,3,7.516408593486448,3,1.8008453808683673,4.601690761736735
595,4,9.048478482888815,3,1.8008453808683673,4.601690761736735
595,5,8.870618376160483,3,1.8008453808683673,4.601690761736735
595,6,8.056911000134491,3,1.8008453808683673,4.601690761736735
595,7,10.465386357198188,3,1.8008453808683673,4.601690761736735
595,8,10.438788619657391,3,1.8008453808683673,4.601690761736735
596,1,-0.057690652271922715,3,1.911707830894997,0.0
596,2,-0.6939677910626703,3,1.911707830894997,0.0
596,3,3.883327164383288,3,1.911707830894997,4.823415661789994
596,4,3.9213475087369436,3,1.911707830894997,4.823415661789994
596,5,4.335899262506782,3,1.911707830894997,4.823415661789994
596,6,3.668487603815656,3,1.911707830894997,4.823415661789994
596,7,3.433189780248853,3,1.911707830894997,4.823415661789994
596,8,4.799617898367199,3,1.911707830894997,4.823415661789994
597,1,-0.8705508027840624,3,1.3689482021721786,0.0
597,2,-2.428373062822616,3,1.3689482021721786,0.0
597,3,3.370740827457976,3,1.3689482021721786,3.737896404344357
597,4,4.167449586606299,3,1.3689482021721786,3.737896404344357
597,5,4.699636066245267,3,1.3689482021721786,3.737896404344357
597,6,4.753339021542581,3,1.3689482021721786,3.737896404344357
597,7,5.573548805349325,3,1.3689482021721786,3.737896404344357
597,8,8.138956447854586,3,1.3689482021721786,3.737896404344357
598,1,-1.1527839829762412,3,0.6849832515989794,0.0
598,2,-1.8752300413649938,3,0.6849832515989794,0.0
598,3,1.486689450369151,3,0.6849832515989794,2.3699665031979587
598,4,2.0267239030788478,3,0.6849832515989794,2.3699665031979587
598,5,1.7870818049909634,3,0.6849832515989794,2.3699665031979587
598,6,2.28590702098726,3,0.6849832515989794,2.3699665031979587
598,7,4.565561259057827,3,0.6849832515989794,2.3699665031979587
598,8,3.6352528612142985,3,0.6849832515989794,2.3699665031979587
599,1,-2.5253987766483985,3,1.942542616192897,0.0
599,2,-0.9738427336869697,3,1.942542616192897,0.0
599,3,4.572392595897391,3,1.942542616192897,4.885085232385794
599,4,2.981678618574432,3,1.942542616192897,4.885085232385794
599,5,5.413636484951074,3,1.942542616192897,4.885085232385794
599,6,6.822362777116528,3,1.942542616192897,4.885085232385794
599,7,6.9056122282901,3,1.942542616192897,4.885085232385794
599,8,9.18417795796324,3,1.942542616192897,4.885085232385794
600,1,1.8580727359559797,3,3.9105385734504785,0.0
600,2,2.555897278394654,3,3.9105385734504785,0.0
600,3,13.228126336459084,3,3.9105385734504785,8.821077146900958
600,4,11.686196662319357,3,3.9105385734504785,8.821077146900958
600,5,11.591110608477459,3,3.9105385734504785,8.821077146900958
600,6,12.90178069397609,3,3.9105385734504785,8.821077146900958
600,7,11.868803967149764,3,3.9105385734504785,8.821077146900958
600,8,13.035726720039728,3,3.9105385734504785,8.821077146900958
601,1,-4.316531953055263,3,0.76572613256563,0.0
601,2,-2.770819752414067,3,0.76572613256563,0.0
601,3,-0.789261132865509,3,0.76572613256563,2.53145226513126
601,4,-0.32428054470740664,3,0.76572613256563,2.53145226513126
601,5,1.2761212482598157,3,0.76572613256563,2.53145226513126
601,6,1.224936514373744,3,0.76572613256563,2.53145226513126
601,7,-0.06487318056243563,3,0.76572613256563,2.53145226513126
601,8,0.9070910338422216,3,0.76572613256563,2.53145226513126
602,1,0.5812743852526645,3,2.53936489099486,0.0
602,2,1.3455689706001532,3,2.53936489099486,0.0
602,3,9.221693988182487,3,2.53936489099486,6.07872978198972
602,4,9.526209505775483,3,2.53936489099486,6.07872978198972
602,5,10.872550030403048,3,2.53936489099486,6.07872978198972
602,6,11.06007248164562,3,2.53936489099486,6.07872978198972
602,7,11.879173614886506,3,2.53936489099486,6.07872978198972
602,8,11.915666850162971,3,2.53936489099486,6.07872978198972
603,1,2.217389448958854,3,1.398971590452998,0.0
603,2,3.60706188215502,3,1.398971590452998,0.0
603,3,7.72506611251346,3,1.398971590452998,3.797943180905996
603,4,7.681748688327351,3,1.398971590452998,3.797943180905996
603,5,9.076725191633503,3,1.398971590452998,3.797943180905996
603,6,5.959865078269964,3,1.398971590452998,3.797943180905996
603,7,8.51519014663291,3,1.398971590452998,3.797943180905996
603,8,8.999862855121629,3,1.398971590452998,3.797943180905996
604,1,1.1504777014077452,3,1.5989350710990662,0.0
604,2,2.0691898208769444,3,1.5989350710990662,0.0
604,3,3.7454855959140447,3,1.5989350710990662,4.197870142198132
604,4,7.106832140273584,3,1.5989350710990662,4.197870142198132
604,5,5.024219780098038,3,1.5989350710990662,4.197870142198132
604,6,5.554449720563484,3,1.5989350710990662,4.197870142198132
604,7,6.9613792637969425,3,1.5989350710990662,4.197870142198132
604,8,7.377458493991723,3,1.5989350710990662,4.197870142198132
605,1,-6.01983429968596,3,0.9738974626656097,0.0
605,2,-3.311539046476516,3,0.9738974626656097,0.0
605,3,0.16578033008873838,3,0.9738974626656097,2.9477949253312197
605,4,1.040419501525807,3,0.9738974626656097,2.9477949253312197
605,5,0.05292257558427149,3,0.9738974626656097,2.9477949253312197
605,6,0.9467951903896878,3,0.9738974626656097,2.9477949253312197
605,7,1.4559507404594938,3,0.9738974626656097,2.9477949253312197
605,8,3.674373346830601,3,0.9738974626656097,2.9477949253312197
606,1,-4.327082034637997,3,1.3948291209421622,0.0
606,2,-1.9497816009938826,3,1.3948291209421622,0.0
606,3,3.302361832671343,3,1.3948291209421622,3.7896582418843243
606,4,2.711250754964042,3,1.3948291209421622,3.7896582418843243
606,5,4.038500632608428,3,1.3948291209421622,3.7896582418843243
606,6,4.670745453509635,3,1.3948291209421622,3.7896582418843243
606,7,4.6391348810870765,3,1.3948291209421622,3.7896582418843243
606,8,5.861289915982217,3,1.3948291209421622,3.7896582418843243
607,1,3.5939531459632064,3,3.1582633298058855,0.0
607,2,3.229537423174391,3,3.1582633298058855,0.0
607,3,10.82913579384843,3,3.1582633298058855,7.316526659611771
607,4,11.616565611163292,3,3.1582633298058855,7.316526659611771
607,5,12.274894181171575,3,3.1582633298058855,7.316526659611771
607,6,11.042010962482742,3,3.1582633298058855,7.316526659611771
607,7,13.743884445778443,3,3.1582633298058855,7.316526659611771
607,8,13.33132929837037,3,3.1582633298058855,7.316526659611771
608,1,-3.794453486646094,3,2.2063236442973246,0.0
608,2,-3.96493508581467,3,2.2063236442973246,0.0
608,3,2.5267251313571597,3,2.2063236442973246,5.412647288594649
608,4,0.8456549334225958,3,2.2063236442973246,5.412647288594649
608,5,1.9852720859500779,3,2.2063236442973246,5.412647288594649
608,6,1.6142002396800952,3,2.2063236442973246,5.412647288594649
608,7,2.6514675182081784,3,2.2063236442973246,5.412647288594649
608,8,5.1087641516460955,3,2.2063236442973246,5.412647288594649
609,1,1.2924437535354567,3,3.9202514717639283,0.0
609,2,-0.8431801191914983,3,3.9202514717639283,0.0
609,3,9.187178450823534,3,3.9202514717639283,8.840502943527856
609,4,10.069260447116868,3,3.9202514717639283,8.840502943527856
609,5,11.231061760950599,3,3.9202514717639283,8.840502943527856
609,6,9.385645855604325,3,3.9202514717639283,8.840502943527856
609,7,10.042456037612379,3,3.9202514717639283,8.840502943527856
609,8,12.63508226301322,3,3.9202514717639283,8.840502943527856
610,1,-3.8090401258524427,3,2.9704276860633656,0.0
610,2,-1.8067989630733883,3,2.9704276860633656,0.0
610,3,6.242945623751054,3,2.9704276860633656,6.940855372126731
610,4,6.99651978512533,3,2.9704276860633656,6.940855372126731
610,5,6.939135719648381,3,2.9704276860633656,6.940855372126731
610,6,7.2150970961446825,3,2.9704276860633656,6.940855372126731
610,7,8.925424674908692,3,2.9704276860633656,6.940855372126731
610,8,8.86605974155797,3,2.9704276860633656,6.940855372126731
611,1,1.4621239812182134,3,2.053495246256318,0.0
611,2,2.6468634998519116,3,2.053495246256318,0.0
611,3,8.599300118338501,3,2.053495246256318,5.106990492512636
611,4,10.43436833713369,3,2.053495246256318,5.106990492512636
611,5,10.002454763973887,3,2.053495246256318,5.106990492512636
611,6,10.930687951636251,3,2.053495246256318,5.106990492512636
611,7,9.60552369938268,3,2.053495246256318,5.106990492512636
611,8,10.191948189427308,3,2.053495246256318,5.106990492512636
612,1,-1.0856078970999128,3,3.943100185759649,0.0
612,2,-0.49380055092508673,3,3.943100185759649,0.0
612,3,8.027947509429485,3,3.943100185759649,8.886200371519298
612,4,10.801906093789192,3,3.943100185759649,8.886200371519298
612,5,10.919324104991167,3,3.943100185759649,8.886200371519298
612,6,10.230294605930867,3,3.943100185759649,8.886200371519298
612,7,11.677683116246229,3,3.943100185759649,8.886200371519298
612,8,11.758871630236213,3,3.943100185759649,8.886200371519298
613,1,2.027736022402598,3,2.0533992268671644,0.0
613,2,0.4636009179455931,3,2.0533992268671644,0.0
613,3,7.2690454220081175,3,2.0533992268671644,5.106798453734329
613,4,7.856667967299757,3,2.0533992268671644,5.106798453734329
613,5,9.038348594817203,3,2.0533992268671644,5.106798453734329
613,6,8.286268894023419,3,2.0533992268671644,5.106798453734329
613,7,6.914775771123155,3,2.0533992268671644,5.106798453734329
613,8,8.83300677752263,3,2.0533992268671644,5.106798453734329
614,1,1.5698728526272787,3,2.4942649794804796,0.0
614,2,2.1948050638415175,3,2.4942649794804796,0.0
614,3,10.30319891992413,3,2.4942649794804796,5.988529958960959
614,4,9.702197237957245,3,2.4942649794804796,5.988529958960959
614,5,9.700981076530635,3,2.4942649794804796,5.988529958960959
614,6,10.087059520517709,3,2.4942649794804796,5.988529958960959
614,7,11.723634179468839,3,2.4942649794804796,5.988529958960959
614,8,10.529340345141708,3,2.4942649794804796,5.988529958960959
615,1,4.032167891719441,3,1.4215026598048683,0.0
615,2,3.5831935593217383,3,1.4215026598048683,0.0
615,3,10.434363047765082,3,1.4215026598048683,3.8430053196097367
615,4,9.90795593607139,3,1.4215026598048683,3.8430053196097367
615,5,9.307933703065832,3,1.4215026598048683,3.8430053196097367
615,6,10.401001988751469,3,1.4215026598048683,3.8430053196097367
615,7,11.525107762276058,3,1.4215026598048683,3.8430053196097367
615,8,11.264738086347501,3,1.4215026598048683,3.8430053196097367
616,1,-0.4403545090633413,3,1.7045018669974532,0.0
616,2,-0.06015757333507188,3,1.7045018669974532,0.0
616,3,5.84208174588528,3,1.7045018669974532,4.409003733994906
616,4,5.64506556743348,3,1.7045018669974532,4.409003733994906
616,5,6.049362111881419,3,1.7045018669974532,4.409003733994906
616,6,5.66705809158876,3,1.7045018669974532,4.409003733994906
616,7,7.580760423171335,3,1.7045018669974532,4.409003733994906
616,8,7.8218964078522575,3,1.7045018669974532,4.409003733994906
617,1,0.930440390603258,3,1.1633317521359705,0.0
617,2,1.950859416733941,3,1.1633317521359705,0.0
617,3,6.326754506253062,3,1.1633317521359705,3.326663504271941
617,4,6.780317715457633,3,1.1633317521359705,3.326663504271941
617,5,7.131480744416926,3,1.1633317521359705,3.326663504271941
617,6,6.838081964881443,3,1.1633317521359705,3.326663504271941
617,7,7.0117539075759225,3,1.1633317521359705,3.326663504271941
617,8,7.034836602194726,3,1.1633317521359705,3.326663504271941
618,1,-3.063267465592954,3,2.7041617286879576,0.0
618,2,-1.9504608631183022,3,2.7041617286879576,0.0
618,3,4.151926377468561,3,2.7041617286879576,6.408323457375915
618,4,5.534269638238486,3,2.7041617286879576,6.408323457375915
618,5,4.972755821209179,3,2.7041617286879576,6.408323457375915
618,6,4.777220610114021,3,2.7041617286879576,6.408323457375915
618,7,7.757618619985838,3,2.7041617286879576,6.408323457375915
618,8,6.963797903755198,3,2.7041617286879576,6.408323457375915
619,1,2.043793473363597,3,0.9147066999846919,0.0
619,2,2.2869799852900496,3,0.9147066999846919,0.0
619,3,7.1332765012872725,3,0.9147066999846919,2.8294133999693836
619,4,8.58514823802484,3,0.9147066999846919,2.8294133999693836
619,5,7.307166665550727,3,0.9147066999846919,2.8294133999693836
619,6,7.99467715189429,3,0.9147066999846919,2.8294133999693836
619,7,9.781872366445944,3,0.9147066999846919,2.8294133999693836
619,8,7.399794822198559,3,0.9147066999846919,2.8294133999693836
620,1,0.9458509467699376,3,2.4379930276950628,0.0
620,2,1.9230826061836401,3,2.4379930276950628,0.0
620,3,3.1486308298273133,3,2.4379930276950628,5.8759860553901255
620,4,6.2574651303306394,3,2.4379930276950628,5.8759860553901255
620,5,6.136021327377833,3,2.4379930276950628,5.8759860553901255
620,6,7.090196588342662,3,2.4379930276950628,5.8759860553901255
620,7,7.436583289631473,3,2.4379930276950628,5.8759860553901255
620,8,9.166727457726754,3,2.4379930276950628,5.8759860553901255
621,1,-0.734078235143482,3,1.4988145134153343,0.0
621,2,-1.0324155423754477,3,1.4988145134153343,0.0
621,3,4.203935537360053,3,1.4988145134153343,3.9976290268306687
621,4,5.390904935617588,3,1.4988145134153343,3.9976290268306687
621,5,4.192399370889896,3,1.4988145134153343,3.9976290268306687
621,6,4.229887009685197,3,1.4988145134153343,3.9976290268306687
621,7,8.368863499490498,3,1.4988145134153343,3.9976290268306687
621,8,6.233694018946741,3,1.4988145134153343,3.9976290268306687
622,1,0.3181514233820557,3,2.96128574322221,0.0
622,2,0.5577090044760058,3,2.96128574322221,0.0
622,3,8.92616360082814,3,2.96128574322221,6.92257148644442
622,4,10.650865819837042,3,2.96128574322221,6.92257148644442
622,5,9.958009738475283,3,2.96128574322221,6.92257148644442
622,6,8.359710749206007,3,2.96128574322221,6.92257148644442
622,7,8.993952469737469,3,2.96128574322221,6.92257148644442
622,8,10.479111121419082,3,2.96128574322221,6.92257148644442
623,1,-2.894001890212966,3,2.3999178182352345,0.0
623,2,-3.8477199602263,3,2.3999178182352345,0.0
623,3,4.99340786596521,3,2.3999178182352345,5.799835636470469
623,4,3.5877463879092915,3,2.3999178182352345,5.799835636470469
623,5,6.6673685079165255,3,2.3999178182352345,5.799835636470469
623,6,7.494699542996491,3,2.3999178182352345,5.799835636470469
623,7,5.9258134131585924,3,2.3999178182352345,5.799835636470469
623,8,7.113039586208955,3,2.3999178182352345,5.799835636470469
624,1,-0.2744071642263256,3,4.09727893431461,0.0
624,2,2.0812163843369906,3,4.09727893431461,0.0
624,3,10.653905503052727,3,4.09727893431461,9.19455786862922
624,4,10.564862604898742,3,4.09727893431461,9.19455786862922
624,5,11.862762938234113,3,4.09727893431461,9.19455786862922
624,6,12.186349918081733,3,4.09727893431461,9.19455786862922
624,7,12.826938523483342,3,4.09727893431461,9.19455786862922
624,8,14.601777829303455,3,4.09727893431461,9.19455786862922
625,1,1.6496249532142888,3,2.3759262122535425,0.0
625,2,4.669955545623898,3,2.3759262122535425,0.0
625,3,7.861725337531753,3,2.3759262122535425,5.751852424507085
625,4,11.302215243535702,3,2.3759262122535425,5.751852424507085
625,5,9.170274348450413,3,2.3759262122535425,5.751852424507085
625,6,10.685771737820492,3,2.3759262122535425,5.751852424507085
625,7,10.696588856879085,3,2.3759262122535425,5.751852424507085
625,8,11.343056298819253,3,2.3759262122535425,5.751852424507085
626,1,1.887224883350132,3,0.7512474948153842,0.0
626,2,3.085694444223394,3,0.7512474948153842,0.0
626,3,5.778887341580994,3,0.7512474948153842,2.5024949896307684
626,4,4.683506304283504,3,0.7512474948153842,2.5024949896307684
626,5,5.772617859029905,3,0.7512474948153842,2.5024949896307684
626,6,5.30628476295699,3,0.7512474948153842,2.5024949896307684
626,7,5.596812324050656,3,0.7512474948153842,2.5024949896307684
626,8,5.9420617308966825,3,0.7512474948153842,2.5024949896307684
627,1,-3.1153684353415794,3,1.5944413331785205,0.0
627,2,-1.9281894973425082,3,1.5944413331785205,0.0
627,3,0.5992723782480862,3,1.5944413331785205,4.188882666357041
627,4,2.9647338354188255,3,1.5944413331785205,4.188882666357041
627,5,5.027112662549116,3,1.5944413331785205,4.188882666357041
627,6,5.132998607073716,3,1.5944413331785205,4.188882666357041
627,7,3.925903461472925,3,1.5944413331785205,4.188882666357041
627,8,3.614214628716805,3,1.5944413331785205,4.188882666357041
628,1,0.7122117178055074,3,0.9175909312843294,0.0
628,2,-1.5650468388668193,3,0.9175909312843294,0.0
628,3,5.197717389792016,3,0.9175909312843294,2.8351818625686587
628,4,4.373975816026099,3,0.9175909312843294,2.8351818625686587
628,5,6.918863594486741,3,0.9175909312843294,2.8351818625686587
628,6,3.860597788332874,3,0.9175909312843294,2.8351818625686587
628,7,7.005709499117173,3,0.9175909312843294,2.8351818625686587
628,8,6.487054437095141,3,0.9175909312843294,2.8351818625686587
629,1,1.6530072744869009,3,1.2723429951154892,0.0
629,2,1.1142143407468368,3,1.2723429951154892,0.0
629,3,7.124491702901676,3,1.2723429951154892,3.5446859902309784
629,4,7.704881180966818,3,1.2723429951154892,3.5446859902309784
629,5,9.313871598155849,3,1.2723429951154892,3.5446859902309784
629,6,9.036794059050553,3,1.2723429951154892,3.5446859902309784
629,7,7.934848467234224,3,1.2723429951154892,3.5446859902309784
629,8,8.024881212572446,3,1.2723429951154892,3.5446859902309784
630,1,-4.624468965454202,3,3.5099936088594768,0.0
630,2,-1.2827531862923454,3,3.5099936088594768,0.0
630,3,4.985835401509271,3,3.5099936088594768,8.019987217718953
630,4,7.744239554758444,3,3.5099936088594768,8.019987217718953
630,5,7.289081726649203,3,3.5099936088594768,8.019987217718953
630,6,7.593912567381097,3,3.5099936088594768,8.019987217718953
630,7,7.457141373226839,3,3.5099936088594768,8.019987217718953
630,8,8.924682598789389,3,3.5099936088594768,8.019987217718953
631,1,-1.66500279047223,3,2.2677018220177327,0.0
631,2,-1.5187453191042384,3,2.2677018220177327,0.0
631,3,5.581876403048238,3,2.2677018220177327,5.5354036440354655
631,4,5.241899507178907,3,2.2677018220177327,5.5354036440354655
631,5,5.087536837661211,3,2.2677018220177327,5.5354036440354655
631,6,6.985698391860689,3,2.2677018220177327,5.5354036440354655
631,7,6.821885960771472,3,2.2677018220177327,5.5354036440354655
631,8,7.874781628157843,3,2.2677018220177327,5.5354036440354655
632,1,1.7992273498088536,3,1.162455741248863,0.0
632,2,1.543965903482084,3,1.162455741248863,0.0
632,3,8.313072653175041,3,1.162455741248863,3.324911482497726
632,4,8.62461010142434,3,1.162455741248863,3.324911482497726
632,5,8.461783651922726,3,1.162455741248863,3.324911482497726
632,6,7.690188005286492,3,1.162455741248863,3.324911482497726
632,7,8.277680717499694,3,1.162455741248863,3.324911482497726
632,8,10.46032613655723,3,1.162455741248863,3.324911482497726
633,1,0.6863608308271598,3,0.9931647838658044,0.0
633,2,0.9076348320472756,3,0.9931647838658044,0.0
633,3,6.898755111762635,3,0.9931647838658044,2.986329567731609
633,4,5.47884275451231,3,0.9931647838658044,2.986329567731609
633,5,7.794945764640028,3,0.9931647838658044,2.986329567731609
633,6,5.12812852543618,3,0.9931647838658044,2.986329567731609
633,7,7.544705318910684,3,0.9931647838658044,2.986329567731609
633,8,9.597603035342797,3,0.9931647838658044,2.986329567731609
634,1,1.3536939089123694,3,1.6759682306790333,0.0
634,2,1.5599386719857113,3,1.6759682306790333,0.0
634,3,5.508127708013155,3,1.6759682306790333,4.351936461358067
634,4,8.25822268004682,3,1.6759682306790333,4.351936461358067
634,5,6.9057515429708864,3,1.6759682306790333,4.351936461358067
634,6,8.081071066221586,3,1.6759682306790333,4.351936461358067
634,7,7.441377345818963,3,1.6759682306790333,4.351936461358067
634,8,10.732774225709008,3,1.6759682306790333,4.351936461358067
635,1,5.373874925972306,3,0.8973762288616132,0.0
635,2,4.687404866033492,3,0.8973762288616132,0.0
635,3,6.859593137382921,3,0.8973762288616132,2.7947524577232263
635,4,10.049649122212482,3,0.8973762288616132,2.7947524577232263
635,5,8.647810345922704,3,0.8973762288616132,2.7947524577232263
635,6,8.40853723215233,3,0.8973762288616132,2.7947524577232263
635,7,8.251624060497306,3,0.8973762288616132,2.7947524577232263
635,8,9.867776941076073,3,0.8973762288616132,2.7947524577232263
636,1,-0.01753256551753446,3,1.1787208927031556,0.0
636,2,1.3142847204895807,3,1.1787208927031556,0.0
636,3,6.538956076116431,3,1.1787208927031556,3.357441785406311
636,4,5.919147178443483,3,1.1787208927031556,3.357441785406311
636,5,7.150240724532427,3,1.1787208927031556,3.357441785406311
636,6,6.571212682886484,3,1.1787208927031556,3.357441785406311
636,7,7.859716408782948,3,1.1787208927031556,3.357441785406311
636,8,10.215448164504737,3,1.1787208927031556,3.357441785406311
637,1,1.4672899428394621,3,1.9270777489721502,0.0
637,2,2.7002054584860176,3,1.9270777489721502,0.0
637,3,6.104404291342221,3,1.9270777489721502,4.8541554979443005
637,4,9.69003764122753,3,1.9270777489721502,4.8541554979443005
637,5,8.192724889865794,3,1.9270777489721502,4.8541554979443005
637,6,10.22046516871716,3,1.9270777489721502,4.8541554979443005
637,7,9.546751223051753,3,1.9270777489721502,4.8541554979443005
637,8,10.781510883831466,3,1.9270777489721502,4.8541554979443005
638,1,6.592503481647653,3,2.9377853584472033,0.0
638,2,5.969050714923935,3,2.9377853584472033,0.0
638,3,14.88896820709291,3,2.9377853584472033,6.875570716894407
638,4,13.53807690733796,3,2.9377853584472033,6.875570716894407
638,5,15.574995991358602,3,2.9377853584472033,6.875570716894407
638,6,14.906856477164528,3,2.9377853584472033,6.875570716894407
638,7,16.14661971996312,3,2.9377853584472033,6.875570716894407
638,8,15.835068768976798,3,2.9377853584472033,6.875570716894407
639,1,0.12236685852561417,3,2.235311822234697,0.0
639,2,-0.5023028178727484,3,2.235311822234697,0.0
639,3,6.790571512977207,3,2.235311822234697,5.470623644469394
639,4,7.087202363247998,3,2.235311822234697,5.470623644469394
639,5,7.00286097421594,3,2.235311822234697,5.470623644469394
639,6,7.987986561898117,3,2.235311822234697,5.470623644469394
639,7,8.677019004456323,3,2.235311822234697,5.470623644469394
639,8,8.426657475023301,3,2.235311822234697,5.470623644469394
640,1,-1.2245241029666594,3,0.5243243727068213,0.0
640,2,-1.6013174681319111,3,0.5243243727068213,0.0
640,3,4.29861625713766,3,0.5243243727068213,2.048648745413643
640,4,3.5120018783848375,3,0.5243243727068213,2.048648745413643
640,5,3.2259773238082037,3,0.5243243727068213,2.048648745413643
640,6,4.6249961456533475,3,0.5243243727068213,2.048648745413643
640,7,1.9736307414928749,3,0.5243243727068213,2.048648745413643
640,8,1.8952034803426465,3,0.5243243727068213,2.048648745413643
641,1,0.9563017347443592,3,1.9197277219807425,0.0
641,2,0.47702865289215635,3,1.9197277219807425,0.0
641,3,6.958442716007422,3,1.9197277219807425,4.839455443961485
641,4,7.9007048810506495,3,1.9197277219807425,4.839455443961485
641,5,9.115462738796362,3,1.9197277219807425,4.839455443961485
641,6,7.556784256180537,3,1.9197277219807425,4.839455443961485
641,7,9.594678926615824,3,1.9197277219807425,4.839455443961485
641,8,9.709437933607983,3,1.9197277219807425,4.839455443961485
642,1,1.7254913687108744,3,1.7091852357011363,0.0
642,2,1.35821010802419,3,1.7091852357011363,0.0
642,3,8.179487670042183,3,1.7091852357011363,4.418370471402273
642,4,7.192843881750337,3,1.7091852357011363,4.418370471402273
642,5,9.570534753683832,3,1.7091852357011363,4.418370471402273
642,6,7.505963876497839,3,1.7091852357011363,4.418370471402273
642,7,9.539179870135616,3,1.7091852357011363,4.418370471402273
642,8,9.236684049619534,3,1.7091852357011363,4.418370471402273
643,1,-0.8811732005591801,3,2.0277871866764614,0.0
643,2,0.5788845565751302,3,2.0277871866764614,0.0
643,3,5.2029701102709165,3,2.0277871866764614,5.055574373352923
643,4,3.340178252303178,3,2.0277871866764614,5.055574373352923
643,5,3.439275466286199,3,2.0277871866764614,5.055574373352923
643,6,8.274565749744555,3,2.0277871866764614,5.055574373352923
643,7,8.732402047340202,3,2.0277871866764614,5.055574373352923
643,8,9.889484535716452,3,2.0277871866764614,5.055574373352923
644,1,-1.5823222873918725,3,3.6991565744943022,0.0
644,2,-2.3574288411075863,3,3.6991565744943022,0.0
644,3,7.413935267227908,3,3.6991565744943022,8.398313148988604
644,4,8.344943625240223,3,3.6991565744943022,8.398313148988604
644,5,7.8264808855938,3,3.6991565744943022,8.398313148988604
644,6,10.982093832852776,3,3.6991565744943022,8.398313148988604
644,7,12.073021989522646,3,3.6991565744943022,8.398313148988604
644,8,10.811799810609088,3,3.6991565744943022,8.398313148988604
645,1,5.10882509748196,3,0.5876527078979693,0.0
645,2,4.324721865705724,3,0.5876527078979693,0.0
645,3,9.841428156132146,3,0.5876527078979693,2.175305415795939
645,4,8.87130107082514,3,0.5876527078979693,2.175305415795939
645,5,9.005829861565482,3,0.5876527078979693,2.175305415795939
645,6,10.276168348650632,3,0.5876527078979693,2.175305415795939
645,7,9.70928273098691,3,0.5876527078979693,2.175305415795939
645,8,10.941869433097914,3,0.5876527078979693,2.175305415795939
646,1,-0.288779910069614,3,1.2268480107103341,0.0
646,2,2.74077413002848,3,1.2268480107103341,0.0
646,3,5.502971921061041,3,1.2268480107103341,3.4536960214206682
646,4,7.266183822830726,3,1.2268480107103341,3.4536960214206682
646,5,6.406246784355094,3,1.2268480107103341,3.4536960214206682
646,6,6.971183253412736,3,1.2268480107103341,3.4536960214206682
646,7,6.395065533904757,3,1.2268480107103341,3.4536960214206682
646,8,8.867139935214857,3,1.2268480107103341,3.4536960214206682
647,1,-1.8404107168272428,3,2.215444723386939,0.0
647,2,-0.9509931360033799,3,2.215444723386939,0.0
647,3,5.467365870052263,3,2.215444723386939,5.430889446773878
647,4,6.087542867659083,3,2.215444723386939,5.430889446773878
647,5,4.760221743751968,3,2.215444723386939,5.430889446773878
647,6,6.73551281848171,3,2.215444723386939,5.430889446773878
647,7,8.26154890261344,3,2.215444723386939,5.430889446773878
647,8,7.587980649445823,3,2.215444723386939,5.430889446773878
648,1,2.107128850345876,3,0.7476672897746196,0.0
648,2,2.994266655401924,3,0.7476672897746196,0.0
648,3,5.701234751561437,3,0.7476672897746196,2.4953345795492394
648,4,5.296679681720832,3,0.7476672897746196,2.4953345795492394
648,5,6.790849060441532,3,0.7476672897746196,2.4953345795492394
648,6,8.321268354114332,3,0.7476672897746196,2.4953345795492394
648,7,6.776019236841346,3,0.7476672897746196,2.4953345795492394
648,8,7.952713294622619,3,0.7476672897746196,2.4953345795492394
649,1,-1.0999216270577463,3,3.4486212863521417,0.0
649,2,1.723091647367676,3,3.4486212863521417,0.0
649,3,9.086594062743735,3,3.4486212863521417,7.897242572704283
649,4,8.828752635975752,3,3.4486212863521417,7.897242572704283
649,5,10.271217869724792,3,3.4486212863521417,7.897242572704283
649,6,9.475352054686162,3,3.4486212863521417,7.897242572704283
649,7,10.145456738121208,3,3.4486212863521417,7.897242572704283
649,8,10.218818739729834,3,3.4486212863521417,7.897242572704283
650,1,-1.0725421301930624,5,1.982142452336095,0.0
650,2,1.8515746913641438,5,1.982142452336095,0.0
650,3,0.2611187760817415,5,1.982142452336095,0.0
650,4,1.9604622300158163,5,1.982142452336095,0.0
650,5,6.122220592080606,5,1.982142452336095,4.964284904672191
650,6,8.218055757799746,5,1.982142452336095,4.964284904672191
650,7,6.9324400111052125,5,1.982142452336095,4.964284904672191
650,8,8.497749939798284,5,1.982142452336095,4.964284904672191
651,1,1.6773970536979352,5,2.5175645679337424,0.0
651,2,4.452351080255578,5,2.5175645679337424,0.0
651,3,3.254971031809151,5,2.5175645679337424,0.0
651,4,2.5316417294997127,5,2.5175645679337424,0.0
651,5,10.344723843346985,5,2.5175645679337424,6.035129135867485
651,6,12.297849350181679,5,2.5175645679337424,6.035129135867485
651,7,9.030038789212176,5,2.5175645679337424,6.035129135867485
651,8,10.317192837127745,5,2.5175645679337424,6.035129135867485
652,1,-2.3206620955766737,5,1.2392770299737783,0.0
652,2,-2.000852763605331,5,1.2392770299737783,0.0
652,3,-1.4165212347932545,5,1.2392770299737783,0.0
652,4,-1.887996802056623,5,1.2392770299737783,0.0
652,5,4.798745577034189,5,1.2392770299737783,3.4785540599475566
652,6,2.4721809250075575,5,1.2392770299737783,3.4785540599475566
652,7,4.194576713861678,5,1.2392770299737783,3.4785540599475566
652,8,5.940620115244874,5,1.2392770299737783,3.4785540599475566
653,1,1.175069550688492,5,2.4765880954687107,0.0
653,2,0.7258602409315758,5,2.4765880954687107,0.0
653,3,0.8565787514603873,5,2.4765880954687107,0.0
653,4,2.4752552118065627,5,2.4765880954687107,0.0
653,5,8.4014010329213,5,2.4765880954687107,5.9531761909374215
653,6,9.863661690474745,5,2.4765880954687107,5.9531761909374215
653,7,8.756979451047588,5,2.4765880954687107,5.9531761909374215
653,8,11.47146633565939,5,2.4765880954687107,5.9531761909374215
654,1,4.441459138627969,5,2.812955691342332,0.0
654,2,5.015746009815981,5,2.812955691342332,0.0
654,3,6.7669863937035215,5,2.812955691342332,0.0
654,4,5.3881141170916385,5,2.812955691342332,0.0
654,5,12.226004303414944,5,2.812955691342332,6.625911382684664
654,6,12.904057369801295,5,2.812955691342332,6.625911382684664
654,7,13.75929442862491,5,2.812955691342332,6.625911382684664
654,8,14.36085610335684,5,2.812955691342332,6.625911382684664
655,1,0.6016575877928485,5,1.8523201900356365,0.0
655,2,-0.09072992863843732,5,1.8523201900356365,0.0
655,3,1.8714263235155835,5,1.8523201900356365,0.0
655,4,3.2921809906815116,5,1.8523201900356365,0.0
655,5,8.273254010719388,5,1.8523201900356365,4.7046403800712735
655,6,9.836550174291723,5,1.8523201900356365,4.7046403800712735
655,7,11.092482248429683,5,1.8523201900356365,4.7046403800712735
655,8,10.396329475924365,5,1.8523201900356365,4.7046403800712735
656,1,1.130096434841297,5,1.8537311509421623,0.0
656,2,1.014350084696191,5,1.8537311509421623,0.0
656,3,2.457475048360455,5,1.8537311509421623,0.0
656,4,3.098429426724339,5,1.8537311509421623,0.0
656,5,7.406203265096323,5,1.8537311509421623,4.707462301884325
656,6,7.661418240741981,5,1.8537311509421623,4.707462301884325
656,7,7.249805922380029,5,1.8537311509421623,4.707462301884325
656,8,7.913700813353486,5,1.8537311509421623,4.707462301884325
657,1,-0.852047892206746,5,1.887346019312061,0.0
657,2,0.6070410500385718,5,1.887346019312061,0.0
657,3,-0.23455859821583247,5,1.887346019312061,0.0
657,4,0.7946832293636061,5,1.887346019312061,0.0
657,5,3.9053115925893387,5,1.887346019312061,4.7746920386241225
657,6,8.483571372540148,5,1.887346019312061,4.7746920386241225
657,7,7.040006895181319,5,1.887346019312061,4.7746920386241225
657,8,8.216061915104216,5,1.887346019312061,4.7746920386241225
658,1,1.1371067480211838,5,1.070715768794928,0.0
658,2,0.4796134907509611,5,1.070715768794928,0.0
658,3,2.1236637554032125,5,1.070715768794928,0.0
658,4,-0.062417758841585735,5,1.070715768794928,0.0
658,5,7.21812818049734,5,1.070715768794928,3.141431537589856
658,6,6.407861789388403,5,1.070715768794928,3.141431537589856
658,7,6.029954083386278,5,1.070715768794928,3.141431537589856
658,8,7.745830923525083,5,1.070715768794928,3.141431537589856
659,1,-1.1765602420849341,5,1.5314816413902899,0.0
659,2,0.20345976513494407,5,1.5314816413902899,0.0
659,3,2.4363250403068175,5,1.5314816413902899,0.0
659,4,-0.37498553699052684,5,1.5314816413902899,0.0
659,5,6.615495701643822,5,1.5314816413902899,4.062963282780579
659,6,7.087214086530171,5,1.5314816413902899,4.062963282780579
659,7,9.02426374350718,5,1.5314816413902899,4.062963282780579
659,8,5.9720825069627805,5,1.5314816413902899,4.062963282780579
660,1,1.3540179915150894,5,1.5276624150463114,0.0
660,2,-0.3150838086654467,5,1.5276624150463114,0.0
660,3,0.29737747457160124,5,1.5276624150463114,0.0
660,4,0.022382547523662755,5,1.5276624150463114,0.0
660,5,4.711859727109154,5,1.5276624150463114,4.055324830092623
660,6,6.703234112030001,5,1.5276624150463114,4.055324830092623
660,7,5.687379849794723,5,1.5276624150463114,4.055324830092623
660,8,8.039996098228993,5,1.5276624150463114,4.055324830092623
661,1,1.6696568351793801,5,1.9971016054376154,0.0
661,2,1.6195890763004859,5,1.9971016054376154,0.0
661,3,2.804813735789239,5,1.9971016054376154,0.0
661,4,4.1693300739054395,5,1.9971016054376154,0.0
661,5,9.049472831093343,5,1.9971016054376154,4.994203210875231
661,6,9.861036211357163,5,1.9971016054376154,4.994203210875231
661,7,11.023033554860447,5,1.9971016054376154,4.994203210875231
661,8,11.909247544641312,5,1.9971016054376154,4.994203210875231
662,1,-3.276513515007397,5,2.7180429657393934,0.0
662,2,-3.510640221994125,5,2.7180429657393934,0.0
662,3,-1.89032372749545,5,2.7180429657393934,0.0
662,4,-0.9957686203138945,5,2.7180429657393934,0.0
662,5,4.00894241908887,5,2.7180429657393934,6.436085931478787
662,6,5.0790594280532355,5,2.7180429657393934,6.436085931478787
662,7,5.75048082909788,5,2.7180429657393934,6.436085931478787
662,8,6.761845536340444,5,2.7180429657393934,6.436085931478787
663,1,1.4629661971974826,5,0.9711561199296018,0.0
663,2,3.4310408259211678,5,0.9711561199296018,0.0
663,3,1.6188668993658508,5,0.9711561199296018,0.0
663,4,2.1442814036298437,5,0.9711561199296018,0.0
663,5,6.83242352917201,5,0.9711561199296018,2.942312239859204
663,6,7.490659536543616,5,0.9711561199296018,2.942312239859204
663,7,6.711668467825368,5,0.9711561199296018,2.942312239859204
663,8,8.059563498035907,5,0.9711561199296018,2.942312239859204
664,1,-0.6604168677042115,5,1.5488233054336367,0.0
664,2,-0.15267099730726785,5,1.5488233054336367,0.0
664,3,0.8925084330041692,5,1.5488233054336367,0.0
664,4,0.5790480652913157,5,1.5488233054336367,0.0
664,5,7.316109860590425,5,1.5488233054336367,4.097646610867273
664,6,6.826478200315723,5,1.5488233054336367,4.097646610867273
664,7,6.031160039940829,5,1.5488233054336367,4.097646610867273
664,8,7.432785053949724,5,1.5488233054336367,4.097646610867273
665,1,1.3779108899963495,5,3.4581292851702345,0.0
665,2,2.9686170458885255,5,3.4581292851702345,0.0
665,3,1.6535131424743934,5,3.4581292851702345,0.0
665,4,3.521234269111318,5,3.4581292851702345,0.0
665,5,11.21200861751369,5,3.4581292851702345,7.916258570340469
665,6,13.16172065817998,5,3.4581292851702345,7.916258570340469
665,7,13.46104559437062,5,3.4581292851702345,7.916258570340469
665,8,12.867133446323814,5,3.4581292851702345,7.916258570340469
666,1,-2.016258441417788,5,1.1367870266770688,0.0
666,2,-0.7473699107222718,5,1.1367870266770688,0.0
666,3,-0.9344258475288936,5,1.1367870266770688,0.0
666,4,1.4263312855766075,5,1.1367870266770688,0.0
666,5,3.5980683111294223,5,1.1367870266770688,3.2735740533541375
666,6,3.613955600439573,5,1.1367870266770688,3.2735740533541375
666,7,4.059983146878484,5,1.1367870266770688,3.2735740533541375
666,8,3.8065626477537027,5,1.1367870266770688,3.2735740533541375
667,1,3.7138212617921953,5,1.09294402033495,0.0
667,2,2.8372509310593697,5,1.09294402033495,0.0
667,3,5.255410385886619,5,1.09294402033495,0.0
667,4,3.364327079697299,5,1.09294402033495,0.0
667,5,8.470391623342023,5,1.09294402033495,3.1858880406699
667,6,9.993373932866225,5,1.09294402033495,3.1858880406699
667,7,7.190903109745136,5,1.09294402033495,3.1858880406699
667,8,11.861415718160957,5,1.09294402033495,3.1858880406699
668,1,2.5659847231456365,5,1.824221089974799,0.0
668,2,3.6323653025058853,5,1.824221089974799,0.0
668,3,4.56271914586009,5,1.824221089974799,0.0
668,4,5.217398976459299,5,1.824221089974799,0.0
668,5,9.913596038553026,5,1.824221089974799,4.648442179949598
668,6,11.137096683999712,5,1.824221089974799,4.648442179949598
668,7,11.158782813215156,5,1.824221089974799,4.648442179949598
668,8,12.900593240325648,5,1.824221089974799,4.648442179949598
669,1,2.9415085943547448,5,2.514798284192508,0.0
669,2,4.883816571383234,5,2.514798284192508,0.0
669,3,4.320259891737804,5,2.514798284192508,0.0
669,4,2.1134309257318846,5,2.514798284192508,0.0
669,5,13.059880298273004,5,2.514798284192508,6.029596568385016
669,6,10.374433511407943,5,2.514798284192508,6.029596568385016
669,7,12.944321635086897,5,2.514798284192508,6.029596568385016
669,8,11.975571063004601,5,2.514798284192508,6.029596568385016
670,1,-1.468419293984499,5,1.6581674184815305,0.0
670,2,-2.7179884624528725,5,1.6581674184815305,0.0
670,3,-0.9037650084974908,5,1.6581674184815305,0.0
670,4,-1.2827000969814841,5,1.6581674184815305,0.0
670,5,5.36582839696587,5,1.6581674184815305,4.316334836963061
670,6,4.725493452792992,5,1.6581674184815305,4.316334836963061
670,7,5.722767926677548,5,1.6581674184815305,4.316334836963061
670,8,3.122748413902912,5,1.6581674184815305,4.316334836963061
671,1,2.0726694623434803,5,3.2042571826250454,0.0
671,2,3.0687937771904013,5,3.2042571826250454,0.0
671,3,3.381857048571813,5,3.2042571826250454,0.0
671,4,4.619399355849956,5,3.2042571826250454,0.0
671,5,11.200852262244743,5,3.2042571826250454,7.408514365250091
671,6,12.115543612416827,5,3.2042571826250454,7.408514365250091
671,7,13.747983271797189,5,3.2042571826250454,7.408514365250091
671,8,10.78806750393684,5,3.2042571826250454,7.408514365250091
672,1,1.8990606769097589,5,2.530449591958389,0.0
672,2,1.4758253492778644,5,2.530449591958389,0.0
672,3,1.3973920507177964,5,2.530449591958389,0.0
672,4,3.1462543995473977,5,2.530449591958389,0.0
672,5,10.59806065599685,5,2.530449591958389,6.060899183916778
672,6,10.909753190672376,5,2.530449591958389,6.060899183916778
672,7,10.235496328281567,5,2.530449591958389,6.060899183916778
672,8,11.746350322949144,5,2.530449591958389,6.060899183916778
673,1,-1.842474595819291,5,2.511574967477753,0.0
673,2,-2.2979137647583023,5,2.511574967477753,0.0
673,3,-2.403623046253343,5,2.511574967477753,0.0
673,4,-1.8457765253874652,5,2.511574967477753,0.0
673,5,6.150460789558508,5,2.511574967477753,6.023149934955506
673,6,5.77046062697768,5,2.511574967477753,6.023149934955506
673,7,5.266425220959782,5,2.511574967477753,6.023149934955506
673,8,5.127744605181245,5,2.511574967477753,6.023149934955506
674,1,1.2832366845547485,5,2.1750643507659837,0.0
674,2,0.40462681019414526,5,2.1750643507659837,0.0
674,3,1.7817929881143508,5,2.1750643507659837,0.0
674,4,3.1911121395274926,5,2.1750643507659837,0.0
674,5,6.492609457136851,5,2.1750643507659837,5.350128701531967
674,6,8.256396553477492,5,2.1750643507659837,5.350128701531967
674,7,8.630839787771468,5,2.1750643507659837,5.350128701531967
674,8,9.681276809618296,5,2.1750643507659837,5.350128701531967
675,1,2.4682289764869596,5,5.279474415122502,0.0
675,2,0.399617163404117,5,5.279474415122502,0.0
675,3,2.798866926772292,5,5.279474415122502,0.0
675,4,3.7605927530602266,5,5.279474415122502,0.0
675,5,14.601640744354746,5,5.279474415122502,11.558948830245004
675,6,15.150570815418405,5,5.279474415122502,11.558948830245004
675,7,16.206467177296453,5,5.279474415122502,11.558948830245004
675,8,16.632834886201316,5,5.279474415122502,11.558948830245004
676,1,2.1945031550134244,5,1.4879794942455373,0.0
676,2,2.6734310740475182,5,1.4879794942455373,0.0
676,3,1.63017824203065,5,1.4879794942455373,0.0
676,4,4.1024170453512445,5,1.4879794942455373,0.0
676,5,8.754892698327614,5,1.4879794942455373,3.9759589884910747
676,6,8.274192429827675,5,1.4879794942455373,3.9759589884910747
676,7,7.093954229587709,5,1.4879794942455373,3.9759589884910747
676,8,8.973363830137286,5,1.4879794942455373,3.9759589884910747
677,1,1.0489286108382798,5,0.6054634107137536,0.0
677,2,0.2099224961108943,5,0.6054634107137536,0.0
677,3,1.494384670320698,5,0.6054634107137536,0.0
677,4,0.9451533463391695,5,0.6054634107137536,0.0
677,5,5.672741780311663,5,0.6054634107137536,2.210926821427507
677,6,5.731404870227269,5,0.6054634107137536,2.210926821427507
677,7,4.419666390510974,5,0.6054634107137536,2.210926821427507
677,8,6.9169144169072,5,0.6054634107137536,2.210926821427507
678,1,1.0259538863044682,5,3.677110232374093,0.0
678,2,2.0988771164491644,5,3.677110232374093,0.0
678,3,1.6909303999393317,5,3.677110232374093,0.0
678,4,1.7809834329517353,5,3.677110232374093,0.0
678,5,10.665838671985139,5,3.677110232374093,8.354220464748186
678,6,11.398513081894542,5,3.677110232374093,8.354220464748186
678,7,12.455508395023992,5,3.677110232374093,8.354220464748186
678,8,13.084641763867737,5,3.677110232374093,8.354220464748186
679,1,3.2565029066980884,5,1.3114721495398123,0.0
679,2,3.523903235509672,5,1.3114721495398123,0.0
679,3,4.095819516500709,5,1.3114721495398123,0.0
679,4,7.4549475700131245,5,1.3114721495398123,0.0
679,5,8.299441932087607,5,1.3114721495398123,3.6229442990796246
679,6,9.012195075039624,5,1.3114721495398123,3.6229442990796246
679,7,13.364021191953963,5,1.3114721495398123,3.6229442990796246
679,8,10.99118038604637,5,1.3114721495398123,3.6229442990796246
680,1,1.572087153917664,5,1.740095892206672,0.0
680,2,4.294755023798623,5,1.740095892206672,0.0
680,3,3.042028930620212,5,1.740095892206672,0.0
680,4,5.361129327626457,5,1.740095892206672,0.0
680,5,9.221297324864022,5,1.740095892206672,4.4801917844133445
680,6,9.492463754745298,5,1.740095892206672,4.4801917844133445
680,7,12.041424573062287,5,1.740095892206672,4.4801917844133445
680,8,11.49866095689395,5,1.740095892206672,4.4801917844133445
681,1,-4.261120470116279,5,3.1733104292324397,0.0
681,2,-4.299190228045541,5,3.1733104292324397,0.0
681,3,-4.678554431358585,5,3.1733104292324397,0.0
681,4,-3.1227554873072787,5,3.1733104292324397,0.0
681,5,5.321726343583853,5,3.1733104292324397,7.346620858464879
681,6,4.747248994416946,5,3.1733104292324397,7.346620858464879
681,7,6.914153555245899,5,3.1733104292324397,7.346620858464879
681,8,6.462998154101301,5,3.1733104292324397,7.346620858464879
682,1,0.07710544009624787,5,0.7399817386936245,0.0
682,2,0.6166094213424538,5,0.7399817386936245,0.0
682,3,1.0023600192922606,5,0.7399817386936245,0.0
682,4,0.11388410472964439,5,0.7399817386936245,0.0
682,5,4.25501417190328,5,0.7399817386936245,2.479963477387249
682,6,5.066272853053052,5,0.7399817386936245,2.479963477387249
682,7,4.929001246445356,5,0.7399817386936245,2.479963477387249
682,8,6.18276338641658,5,0.7399817386936245,2.479963477387249
683,1,0.19200543526720854,5,0.8817703711405942,0.0
683,2,1.444389836010866,5,0.8817703711405942,0.0
683,3,1.8338103259778287,5,0.8817703711405942,0.0
683,4,1.8378512324969387,5,0.8817703711405942,0.0
683,5,3.5670257958912877,5,0.8817703711405942,2.7635407422811884
683,6,7.224961425874456,5,0.8817703711405942,2.7635407422811884
683,7,5.792347688622143,5,0.8817703711405942,2.7635407422811884
683,8,6.353352233498154,5,0.8817703711405942,2.7635407422811884
684,1,-3.34671799415333,5,0.7403450123291815,0.0
684,2,-2.992608801519479,5,0.7403450123291815,0.0
684,3,-0.4601390974534183,5,0.7403450123291815,0.0
684,4,-0.11815282506786251,5,0.7403450123291815,0.0
684,5,1.9208862827820916,5,0.7403450123291815,2.480690024658363
684,6,1.8689927247736953,5,0.7403450123291815,2.480690024658363
684,7,3.095610864218174,5,0.7403450123291815,2.480690024658363
684,8,3.0502898609737934,5,0.7403450123291815,2.480690024658363
685,1,0.4981431981415254,5,1.1084158734885607,0.0
685,2,1.5264720379709547,5,1.1084158734885607,0.0
685,3,1.2472083695191796,5,1.1084158734885607,0.0
685,4,2.4406303804680567,5,1.1084158734885607,0.0
685,5,6.1094187890633815,5,1.1084158734885607,3.2168317469771215
685,6,7.008133884699671,5,1.1084158734885607,3.2168317469771215
685,7,6.286060905966137,5,1.1084158734885607,3.2168317469771215
685,8,8.115334216318287,5,1.1084158734885607,3.2168317469771215
686,1,2.091204051870508,5,2.054059960220536,0.0
686,2,2.9249488931997742,5,2.054059960220536,0.0
686,3,3.468590485675269,5,2.054059960220536,0.0
686,4,3.425463772447335,5,2.054059960220536,0.0
686,5,11.121297748647748,5,2.054059960220536,5.108119920441072
686,6,9.636582989072288,5,2.054059960220536,5.108119920441072
686,7,10.406719127855414,5,2.054059960220536,5.108119920441072
686,8,12.861043175748726,5,2.054059960220536,5.108119920441072
687,1,-2.2437184210348313,5,2.142758293764622,0.0
687,2,-1.3612784043192774,5,2.142758293764622,0.0
687,3,-1.6851647200977165,5,2.142758293764622,0.0
687,4,0.659815488441504,5,2.142758293764622,0.0
687,5,6.459117112539129,5,2.142758293764622,5.285516587529244
687,6,6.85132677247151,5,2.142758293764622,5.285516587529244
687,7,7.149910696542007,5,2.142758293764622,5.285516587529244
687,8,7.18596997936754,5,2.142758293764622,5.285516587529244
688,1,0.6484252104417602,5,1.892951194237585,0.0
688,2,0.8578325707137237,5,1.892951194237585,0.0
688,3,3.462707404141415,5,1.892951194237585,0.0
688,4,3.4376061491063346,5,1.892951194237585,0.0
688,5,7.265400038654491,5,1.892951194237585,4.78590238847517
688,6,8.49853603407805,5,1.892951194237585,4.78590238847517
688,7,8.658589172869902,5,1.892951194237585,4.78590238847517
688,8,8.330493560149165,5,1.892951194237585,4.78590238847517
689,1,-1.1539955779715731,5,0.8135214851252905,0.0
689,2,-1.2471396188320714,5,0.8135214851252905,0.0
689,3,-1.284183620888561,5,0.8135214851252905,0.0
689,4,-1.3107795087346374,5,0.8135214851252905,0.0
689,5,1.7315925154520344,5,0.8135214851252905,2.627042970250581
689,6,3.4239698879630662,5,0.8135214851252905,2.627042970250581
689,7,4.21030104523279,5,0.8135214851252905,2.627042970250581
689,8,3.9200952054953895,5,0.8135214851252905,2.627042970250581
690,1,-0.19308461970212598,5,0.51941519861283,0.0
690,2,-0.409370589142316,5,0.51941519861283,0.0
690,3,0.7330612632392964,5,0.51941519861283,0.0
690,4,0.47326516245293854,5,0.51941519861283,0.0
690,5,2.407888714659201,5,0.51941519861283,2.0388303972256603
690,6,3.809123921004921,5,0.51941519861283,2.0388303972256603
690,7,2.9323318378479843,5,0.51941519861283,2.0388303972256603
690,8,5.234444870502955,5,0.51941519861283,2.0388303972256603
691,1,2.5176380618269363,5,1.6941426348168558,0.0
691,2,4.873019794873519,5,1.6941426348168558,0.0
691,3,4.116331522098155,5,1.6941426348168558,0.0
691,4,6.0173207846499865,5,1.6941426348168558,0.0
691,5,8.720449349385465,5,1.6941426348168558,4.388285269633712
691,6,9.665302837244962,5,1.6941426348168558,4.388285269633712
691,7,11.224007484822351,5,1.6941426348168558,4.388285269633712
691,8,12.513569631400536,5,1.6941426348168558,4.388285269633712
692,1,1.0814932680912723,5,1.3022740209229673,0.0
692,2,-0.043749476542777145,5,1.3022740209229673,0.0
692,3,2.252629990563106,5,1.3022740209229673,0.0
692,4,0.6252198099509195,5,1.3022740209229673,0.0
692,5,6.118200023985257,5,1.3022740209229673,3.6045480418459346
692,6,4.577251404662979,5,1.3022740209229673,3.6045480418459346
692,7,6.439632908485539,5,1.3022740209229673,3.6045480418459346
692,8,4.177739360765839,5,1.3022740209229673,3.6045480418459346
693,1,0.30283396636812565,5,2.0744434189241967,0.0
693,2,2.391101776102014,5,2.0744434189241967,0.0
693,3,1.111986125820726,5,2.0744434189241967,0.0
693,4,3.351374588810434,5,2.0744434189241967,0.0
693,5,9.479769936682008,5,2.0744434189241967,5.148886837848393
693,6,8.571991623151366,5,2.0744434189241967,5.148886837848393
693,7,8.604358860195443,5,2.0744434189241967,5.148886837848393
693,8,9.599125200014903,5,2.0744434189241967,5.148886837848393
694,1,-4.20824855130616,5,2.3419333662119652,0.0
694,2,-2.8436497901378917,5,2.3419333662119652,0.0
694,3,-2.1403456072338924,5,2.3419333662119652,0.0
694,4,-2.048446355218783,5,2.3419333662119652,0.0
694,5,6.115789740488778,5,2.3419333662119652,5.6838667324239305
694,6,4.222026680614981,5,2.3419333662119652,5.6838667324239305
694,7,6.832863679557269,5,2.3419333662119652,5.6838667324239305
694,8,4.900191263989843,5,2.3419333662119652,5.6838667324239305
695,1,4.297412692731309,5,1.7667129259185217,0.0
695,2,5.907740531337829,5,1.7667129259185217,0.0
695,3,6.355992275043078,5,1.7667129259185217,0.0
695,4,5.3043772250895245,5,1.7667129259185217,0.0
695,5,11.313130694698149,5,1.7667129259185217,4.533425851837043
695,6,11.679240058291029,5,1.7667129259185217,4.533425851837043
695,7,11.218121796034062,5,1.7667129259185217,4.533425851837043
695,8,12.874010911774876,5,1.7667129259185217,4.533425851837043
696,1,3.5677970646653705,5,2.411060139501762,0.0
696,2,2.677005557675628,5,2.411060139501762,0.0
696,3,3.2716612716836684,5,2.411060139501762,0.0
696,4,3.877459870813705,5,2.411060139501762,0.0
696,5,8.066448564261382,5,2.411060139501762,5.822120279003524
696,6,10.487649844822812,5,2.411060139501762,5.822120279003524
696,7,9.510665596777994,5,2.411060139501762,5.822120279003524
696,8,10.437538230918722,5,2.411060139501762,5.822120279003524
697,1,2.2969420958879794,5,1.8489273997979039,0.0
697,2,0.3817387050406667,5,1.8489273997979039,0.0
697,3,0.39482621040524946,5,1.8489273997979039,0.0
697,4,2.787582893600869,5,1.8489273997979039,0.0
697,5,5.885178111452907,5,1.8489273997979039,4.697854799595808
697,6,6.885435970105608,5,1.8489273997979039,4.697854799595808
697,7,9.08190728228145,5,1.8489273997979039,4.697854799595808
697,8,8.375622679603243,5,1.8489273997979039,4.697854799595808
698,1,0.08949597487326022,5,2.149063901766693,0.0
698,2,2.695082634322409,5,2.149063901766693,0.0
698,3,2.254627137953281,5,2.149063901766693,0.0
698,4,4.690944506530035,5,2.149063901766693,0.0
698,5,8.343033875899042,5,2.149063901766693,5.298127803533386
698,6,10.500446797259102,5,2.149063901766693,5.298127803533386
698,7,11.724918855898888,5,2.149063901766693,5.298127803533386
698,8,9.598277599721605,5,2.149063901766693,5.298127803533386
699,1,-2.512851878653813,5,1.159122633563887,0.0
699,2,-1.4310135837511702,5,1.159122633563887,0.0
699,3,-2.176984610449795,5,1.159122633563887,0.0
699,4,-0.54934391118779,5,1.159122633563887,0.0
699,5,2.773686121726161,5,1.159122633563887,3.318245267127774
699,6,3.253538837638788,5,1.159122633563887,3.318245267127774
699,7,4.047544801940265,5,1.159122633563887,3.318245267127774
699,8,4.569871124810717,5,1.159122633563887,3.318245267127774
700,1,3.0289422525813547,5,1.5071105778306362,0.0
700,2,2.76623513804853,5,1.5071105778306362,0.0
700,3,3.3098897591555607,5,1.5071105778306362,0.0
700,4,4.246473894680484,5,1.5071105778306362,0.0
700,5,8.834524997930792,5,1.5071105778306362,4.014221155661272
700,6,8.94043329921997,5,1.5071105778306362,4.014221155661272
700,7,10.203222281252605,5,1.5071105778306362,4.014221155661272
700,8,8.56452089049139,5,1.5071105778306362,4.014221155661272
701,1,-0.878435809901812,5,1.8191839989590248,0.0
701,2,0.07210262280428509,5,1.8191839989590248,0.0
701,3,-0.0040847380234653174,5,1.8191839989590248,0.0
701,4,2.9812284638160307,5,1.8191839989590248,0.0
701,5,6.50926029365014,5,1.8191839989590248,4.638367997918049
701,6,7.1671681251510915,5,1.8191839989590248,4.638367997918049
701,7,7.007167738959728,5,1.8191839989590248,4.638367997918049
701,8,7.974619526552228,5,1.8191839989590248,4.638367997918049
702,1,-1.1233924943996034,5,2.4849790718160185,0.0
702,2,0.42204393380805705,5,2.4849790718160185,0.0
702,3,0.1548525413073747,5,2.4849790718160185,0.0
702,4,1.314457385146968,5,2.4849790718160185,0.0
702,5,5.501902547232671,5,2.4849790718160185,5.969958143632037
702,6,7.433815905091642,5,2.4849790718160185,5.969958143632037
702,7,10.5257455180495,5,2.4849790718160185,5.969958143632037
702,8,10.39221686264271,5,2.4849790718160185,5.969958143632037
703,1,0.8357281059842624,5,1.3540896911149018,0.0
703,2,1.4044100397399548,5,1.3540896911149018,0.0
703,3,1.1896761942335083,5,1.3540896911149018,0.0
703,4,0.563820084689896,5,1.3540896911149018,0.0
703,5,4.187617206033212,5,1.3540896911149018,3.7081793822298037
703,6,6.871612757748531,5,1.3540896911149018,3.7081793822298037
703,7,6.289436126686225,5,1.3540896911149018,3.7081793822298037
703,8,9.218890968680743,5,1.3540896911149018,3.7081793822298037
704,1,-1.0264007815019236,5,2.1395245423266953,0.0
704,2,1.8115930492893106,5,2.1395245423266953,0.0
704,3,0.18190540381307538,5,2.1395245423266953,0.0
704,4,2.1747457917675312,5,2.1395245423266953,0.0
704,5,8.314438016394675,5,2.1395245423266953,5.279049084653391
704,6,6.094796350981509,5,2.1395245423266953,5.279049084653391
704,7,7.132748200871353,5,2.1395245423266953,5.279049084653391
704,8,7.084767053463691,5,2.1395245423266953,5.279049084653391
705,1,0.6593967349985936,5,1.4435142675111337,0.0
705,2,3.0564080737817676,5,1.4435142675111337,0.0
705,3,2.6927128530077957,5,1.4435142675111337,0.0
705,4,3.4417075464469535,5,1.4435142675111337,0.0
705,5,8.332608893252365,5,1.4435142675111337,3.8870285350222673
705,6,6.41898292456417,5,1.4435142675111337,3.8870285350222673
705,7,10.06313576223614,5,1.4435142675111337,3.8870285350222673
705,8,8.927275594939168,5,1.4435142675111337,3.8870285350222673
706,1,1.5442150064463032,5,1.5546165387342012,0.0
706,2,2.1325265394369928,5,1.5546165387342012,0.0
706,3,3.3826102609722866,5,1.5546165387342012,0.0
706,4,2.4069563124254123,5,1.5546165387342012,0.0
706,5,4.997409318633919,5,1.5546165387342012,4.109233077468403
706,6,7.67817439113041,5,1.5546165387342012,4.109233077468403
706,7,8.32175363583845,5,1.5546165387342012,4.109233077468403
706,8,7.586785918536732,5,1.5546165387342012,4.109233077468403
707,1,1.9509869372390185,5,2.4961749021077866,0.0
707,2,1.942477848079788,5,2.4961749021077866,0.0
707,3,1.4607423335235694,5,2.4961749021077866,0.0
707,4,3.974981177815364,5,2.4961749021077866,0.0
707,5,9.232120936123856,5,2.4961749021077866,5.992349804215573
707,6,9.889466872284583,5,2.4961749021077866,5.992349804215573
707,7,10.333267239734568,5,2.4961749021077866,5.992349804215573
707,8,12.5313246844858,5,2.4961749021077866,5.992349804215573
708,1,0.4414944592554648,5,0.6086388639976822,0.0
708,2,1.0615104415746786,5,0.6086388639976822,0.0
708,3,1.04177446664246,5,0.6086388639976822,0.0
708,4,2.4452774432837625,5,0.6086388639976822,0.0
708,5,6.049006397474893,5,0.6086388639976822,2.2172777279953646
708,6,5.847549166510728,5,0.6086388639976822,2.2172777279953646
708,7,6.3865553103590775,5,0.6086388639976822,2.2172777279953646
708,8,6.805918554908567,5,0.6086388639976822,2.2172777279953646
709,1,0.1461569788431989,5,0.8622274637764654,0.0
709,2,1.150280790455224,5,0.8622274637764654,0.0
709,3,2.321412228555236,5,0.8622274637764654,0.0
709,4,2.300535579661137,5,0.8622274637764654,0.0
709,5,5.186317524951296,5,0.8622274637764654,2.724454927552931
709,6,4.878678808836719,5,0.8622274637764654,2.724454927552931
709,7,5.9043253365731525,5,0.8622274637764654,2.724454927552931
709,8,7.494328992364693,5,0.8622274637764654,2.724454927552931
710,1,-0.40712385466896117,5,0.7857687832506333,0.0
710,2,-0.6307512639806522,5,0.7857687832506333,0.0
710,3,0.7412277248331492,5,0.7857687832506333,0.0
710,4,0.728468871241547,5,0.7857687832506333,0.0
710,5,5.324413666025038,5,0.7857687832506333,2.5715375665012665
710,6,4.572214314626352,5,0.7857687832506333,2.5715375665012665
710,7,5.930170960052905,5,0.7857687832506333,2.5715375665012665
710,8,5.937053840945882,5,0.7857687832506333,2.5715375665012665
711,1,3.557392643575042,5,0.5133445304455724,0.0
711,2,5.368805507081921,5,0.5133445304455724,0.0
711,3,4.723839583490413,5,0.5133445304455724,0.0
711,4,6.351342844602176,5,0.5133445304455724,0.0
711,5,8.241021926479553,5,0.5133445304455724,2.0266890608911448
711,6,9.868115777195051,5,0.5133445304455724,2.0266890608911448
711,7,8.643798406244041,5,0.5133445304455724,2.0266890608911448
711,8,10.500854568989677,5,0.5133445304455724,2.0266890608911448
712,1,-2.063445250297803,5,1.1745296621437094,0.0
712,2,-1.228265263552002,5,1.1745296621437094,0.0
712,3,-2.40002859074522,5,1.1745296621437094,0.0
712,4,-1.118109860653822,5,1.1745296621437094,0.0
712,5,2.8973454643379952,5,1.1745296621437094,3.3490593242874187
712,6,4.76032477096919,5,1.1745296621437094,3.3490593242874187
712,7,2.2318684306762844,5,1.1745296621437094,3.3490593242874187
712,8,3.3020959463553727,5,1.1745296621437094,3.3490593242874187
713,1,5.826337139862049,5,2.3981963880753177,0.0
713,2,3.248777363169994,5,2.3981963880753177,0.0
713,3,2.1308808372226946,5,2.3981963880753177,0.0
713,4,3.939324503777803,5,2.3981963880753177,0.0
713,5,8.049394201812243,5,2.3981963880753177,5.796392776150635
713,6,11.559188135732757,5,2.3981963880753177,5.796392776150635
713,7,12.628052183554823,5,2.3981963880753177,5.796392776150635
713,8,11.406605047107853,5,2.3981963880753177,5.796392776150635
714,1,2.765090979190435,5,1.4298334469277902,0.0
714,2,4.659469056810854,5,1.4298334469277902,0.0
714,3,2.4855994365958707,5,1.4298334469277902,0.0
714,4,3.4142436892423955,5,1.4298334469277902,0.0
714,5,8.867366613581883,5,1.4298334469277902,3.8596668938555805
714,6,8.843146957830703,5,1.4298334469277902,3.8596668938555805
714,7,9.801614897823935,5,1.4298334469277902,3.8596668938555805
714,8,9.331731475891,5,1.4298334469277902,3.8596668938555805
715,1,-0.9900041260096799,5,1.8201065457042003,0.0
715,2,-0.8535506971111763,5,1.8201065457042003,0.0
715,3,0.3448728823018452,5,1.8201065457042003,0.0
715,4,0.49608188854910484,5,1.8201065457042003,0.0
715,5,5.6425855519732355,5,1.8201065457042003,4.6402130914084
715,6,4.489588124947099,5,1.8201065457042003,4.6402130914084
715,7,6.928487031122085,5,1.8201065457042003,4.6402130914084
715,8,6.6050290776727705,5,1.8201065457042003,4.6402130914084
716,1,4.791948913462329,5,2.842286256905412,0.0
716,2,6.5068115975027565,5,2.842286256905412,0.0
716,3,5.239111664595051,5,2.842286256905412,0.0
716,4,7.809731549570947,5,2.842286256905412,0.0
716,5,15.087595034295864,5,2.842286256905412,6.684572513810824
716,6,14.895904172287143,5,2.842286256905412,6.684572513810824
716,7,13.662498924155349,5,2.842286256905412,6.684572513810824
716,8,12.956826489295839,5,2.842286256905412,6.684572513810824
717,1,3.5698154801505773,5,3.202215987177206,0.0
717,2,3.1023656272217157,5,3.202215987177206,0.0
717,3,2.7457830950691737,5,3.202215987177206,0.0
717,4,5.164542909646238,5,3.202215987177206,0.0
717,5,11.033853659367239,5,3.202215987177206,7.404431974354412
717,6,11.971257282014104,5,3.202215987177206,7.404431974354412
717,7,13.420302904562043,5,3.202215987177206,7.404431974354412
717,8,12.28180970863017,5,3.202215987177206,7.404431974354412
718,1,2.3327971040387556,5,1.592700546871687,0.0
718,2,4.031415197559184,5,1.592700546871687,0.0
718,3,3.6533887572669532,5,1.592700546871687,0.0
718,4,5.189704350469504,5,1.592700546871687,0.0
718,5,9.761281465395196,5,1.592700546871687,4.1854010937433745
718,6,9.135417441810816,5,1.592700546871687,4.1854010937433745
718,7,7.290937731031809,5,1.592700546871687,4.1854010937433745
718,8,9.021906812173892,5,1.592700546871687,4.1854010937433745
719,1,1.3193784864362428,5,3.2439539632029564,0.0
719,2,-0.49420704623353373,5,3.2439539632029564,0.0
719,3,1.2293517854648033,5,3.2439539632029564,0.0
719,4,2.3945249877407857,5,3.2439539632029564,0.0
719,5,11.513522996219177,5,3.2439539632029564,7.487907926405913
719,6,9.968932604003253,5,3.2439539632029564,7.487907926405913
719,7,10.400464591374536,5,3.2439539632029564,7.487907926405913
719,8,11.491506533962166,5,3.2439539632029564,7.487907926405913
720,1,0.4164606533727495,5,1.7264431841836987,0.0
720,2,0.4113008561665531,5,1.7264431841836987,0.0
720,3,2.1148160324484575,5,1.7264431841836987,0.0
720,4,0.7664038505341753,5,1.7264431841836987,0.0
720,5,6.638594985309088,5,1.7264431841836987,4.452886368367397
720,6,7.4636467621770635,5,1.7264431841836987,4.452886368367397
720,7,7.118201242024188,5,1.7264431841836987,4.452886368367397
720,8,8.85814398849001,5,1.7264431841836987,4.452886368367397
721,1,0.2301408871631333,5,1.08469721994158,0.0
721,2,1.3700280590730576,5,1.08469721994158,0.0
721,3,1.2752864539696156,5,1.08469721994158,0.0
721,4,1.9575869174080116,5,1.08469721994158,0.0
721,5,4.6181850289545885,5,1.08469721994158,3.16939443988316
721,6,5.11980508061272,5,1.08469721994158,3.16939443988316
721,7,7.47497326573272,5,1.08469721994158,3.16939443988316
721,8,7.386087230324277,5,1.08469721994158,3.16939443988316
722,1,0.25809602641663254,5,1.2248272625623404,0.0
722,2,1.9619246172938658,5,1.2248272625623404,0.0
722,3,-0.09271486089639147,5,1.2248272625623404,0.0
722,4,2.2071210289396177,5,1.2248272625623404,0.0
722,5,7.6917433943836215,5,1.2248272625623404,3.449654525124681
722,6,7.1055701290525555,5,1.2248272625623404,3.449654525124681
722,7,7.848628387429747,5,1.2248272625623404,3.449654525124681
722,8,5.214334471243504,5,1.2248272625623404,3.449654525124681
723,1,2.9101189319316405,5,0.7864168715017298,0.0
723,2,4.140644773895005,5,0.7864168715017298,0.0
723,3,4.767662425466132,5,0.7864168715017298,0.0
723,4,5.764728261402157,5,0.7864168715017298,0.0
723,5,7.664948541297824,5,0.7864168715017298,2.57283374300346
723,6,8.209550480447103,5,0.7864168715017298,2.57283374300346
723,7,7.5430888636613895,5,0.7864168715017298,2.57283374300346
723,8,9.170684753898055,5,0.7864168715017298,2.57283374300346
724,1,-0.3989466266749594,5,1.057526904405822,0.0
724,2,-0.48524168408257773,5,1.057526904405822,0.0
724,3,0.7774490656122608,5,1.057526904405822,0.0
724,4,3.8713133435268103,5,1.057526904405822,0.0
724,5,5.707121043021207,5,1.057526904405822,3.115053808811644
724,6,6.697559607557849,5,1.057526904405822,3.115053808811644
724,7,6.464185993336427,5,1.057526904405822,3.115053808811644
724,8,5.687131225082585,5,1.057526904405822,3.115053808811644
725,1,-0.3867741213448733,5,1.378494078639874,0.0
725,2,-2.995085386130169,5,1.378494078639874,0.0
725,3,-0.8776799230662391,5,1.378494078639874,0.0
725,4,0.12249787287535824,5,1.378494078639874,0.0
725,5,4.664590554435023,5,1.378494078639874,3.756988157279748
725,6,4.207631306476298,5,1.378494078639874,3.756988157279748
725,7,3.596139427950193,5,1.378494078639874,3.756988157279748
725,8,5.133007618669729,5,1.378494078639874,3.756988157279748
726,1,1.4000961371502973,5,2.464015927391897,0.0
726,2,1.8757606296148794,5,2.464015927391897,0.0
726,3,4.118912714977563,5,2.464015927391897,0.0
726,4,2.4352513466308174,5,2.464015927391897,0.0
726,5,10.377865253991914,5,2.464015927391897,5.928031854783794
726,6,10.73518301677167,5,2.464015927391897,5.928031854783794
726,7,12.037341057025422,5,2.464015927391897,5.928031854783794
726,8,11.443754107816822,5,2.464015927391897,5.928031854783794
727,1,3.1334324599871426,5,3.8976932959784722,0.0
727,2,2.670081354695486,5,3.8976932959784722,0.0
727,3,3.7766940193743848,5,3.8976932959784722,0.0
727,4,2.339360405542344,5,3.8976932959784722,0.0
727,5,10.49941000845542,5,3.8976932959784722,8.795386591956944
727,6,14.015234938312382,5,3.8976932959784722,8.795386591956944
727,7,14.568871210785758,5,3.8976932959784722,8.795386591956944
727,8,15.113190417898412,5,3.8976932959784722,8.795386591956944
728,1,1.284386542140893,5,0.826057613669389,0.0
728,2,3.7990413091059447,5,0.826057613669389,0.0
728,3,2.34944124115855,5,0.826057613669389,0.0
728,4,3.730198076567942,5,0.826057613669389,0.0
728,5,7.056070509238429,5,0.826057613669389,2.6521152273387782
728,6,8.68017444398346,5,0.826057613669389,2.6521152273387782
728,7,7.144404664444517,5,0.826057613669389,2.6521152273387782
728,8,7.308241378005198,5,0.826057613669389,2.6521152273387782
729,1,0.49285242863464207,5,2.0065437891401956,0.0
729,2,4.043364819712439,5,2.0065437891401956,0.0
729,3,3.4124087200985054,5,2.0065437891401956,0.0
729,4,3.9440589189442674,5,2.0065437891401956,0.0
729,5,12.120789632654276,5,2.0065437891401956,5.013087578280391
729,6,9.829130132516656,5,2.0065437891401956,5.013087578280391
729,7,8.701763986230324,5,2.0065437891401956,5.013087578280391
729,8,10.308181816337381,5,2.0065437891401956,5.013087578280391
730,1,-1.0166386691642693,5,0.9799321253345807,0.0
730,2,0.06227534510161142,5,0.9799321253345807,0.0
730,3,0.5555541369297765,5,0.9799321253345807,0.0
730,4,0.8711193486173342,5,0.9799321253345807,0.0
730,5,3.5247254849981484,5,0.9799321253345807,2.9598642506691615
730,6,7.0105096240258415,5,0.9799321253345807,2.9598642506691615
730,7,6.216856034791939,5,0.9799321253345807,2.9598642506691615
730,8,6.192535955653307,5,0.9799321253345807,2.9598642506691615
731,1,-0.6003405047454161,5,2.090385595118566,0.0
731,2,-0.3869110594117681,5,2.090385595118566,0.0
731,3,-0.08228760151911158,5,2.090385595118566,0.0
731,4,0.8270197385056677,5,2.090385595118566,0.0
731,5,5.956727599734629,5,2.090385595118566,5.180771190237132
731,6,6.993014312967564,5,2.090385595118566,5.180771190237132
731,7,7.575905156853748,5,2.090385595118566,5.180771190237132
731,8,7.485511591008775,5,2.090385595118566,5.180771190237132
732,1,-1.4567813547776753,5,1.5441238693632076,0.0
732,2,0.7940109401723492,5,1.5441238693632076,0.0
732,3,-0.7142884010549932,5,1.5441238693632076,0.0
732,4,0.6549267391457863,5,1.5441238693632076,0.0
732,5,5.265769288183922,5,1.5441238693632076,4.088247738726415
732,6,4.74230302518122,5,1.5441238693632076,4.088247738726415
732,7,5.044038492133362,5,1.5441238693632076,4.088247738726415
732,8,5.998008856575005,5,1.5441238693632076,4.088247738726415
733,1,-3.263143350091324,5,0.6600412717753844,0.0
733,2,-3.7290570585545812,5,0.6600412717753844,0.0
733,3,-2.4224215794349915,5,0.6600412717753844,0.0
733,4,-1.0047035122811536,5,0.6600412717753844,0.0
733,5,2.815099630783652,5,0.6600412717753844,2.320082543550769
733,6,2.6035473818086863,5,0.6600412717753844,2.320082543550769
733,7,-0.05037845173518507,5,0.6600412717753844,2.320082543550769
733,8,3.690459761392381,5,0.6600412717753844,2.320082543550769
734,1,0.41574543719618173,5,2.622553590013109,0.0
734,2,1.9269772977796626,5,2.622553590013109,0.0
734,3,1.9597619638812716,5,2.622553590013109,0.0
734,4,2.2812095970050716,5,2.622553590013109,0.0
734,5,9.116768675155976,5,2.622553590013109,6.245107180026218
734,6,9.696580094848338,5,2.622553590013109,6.245107180026218
734,7,11.563409375208362,5,2.622553590013109,6.245107180026218
734,8,10.69934421603303,5,2.622553590013109,6.245107180026218
735,1,1.418638566728013,5,1.2183526307433656,0.0
735,2,1.7730082993924698,5,1.2183526307433656,0.0
735,3,2.000147981130466,5,1.2183526307433656,0.0
735,4,0.04648361341713514,5,1.2183526307433656,0.0
735,5,6.8864403511951515,5,1.2183526307433656,3.4367052614867313
735,6,5.811906400897956,5,1.2183526307433656,3.4367052614867313
735,7,7.485534976108317,5,1.2183526307433656,3.4367052614867313
735,8,6.297274861793131,5,1.2183526307433656,3.4367052614867313
736,1,-1.5650494523626732,5,1.2624444495125364,0.0
736,2,2.096413327771782,5,1.2624444495125364,0.0
736,3,-0.3369584758975318,5,1.2624444495125364,0.0
736,4,2.2661312299923297,5,1.2624444495125364,0.0
736,5,5.263333811402177,5,1.2624444495125364,3.524888899025073
736,6,5.224793431605484,5,1.2624444495125364,3.524888899025073
736,7,6.100084605635448,5,1.2624444495125364,3.524888899025073
736,8,5.343818993434344,5,1.2624444495125364,3.524888899025073
737,1,-5.42499202829937,5,0.9657249601566836,0.0
737,2,-5.993977962586099,5,0.9657249601566836,0.0
737,3,-4.806681443004125,5,0.9657249601566836,0.0
737,4,-2.985938084720564,5,0.9657249601566836,0.0
737,5,-0.22559705181911482,5,0.9657249601566836,2.9314499203133675
737,6,-1.461958227257294,5,0.9657249601566836,2.9314499203133675
737,7,1.3717003985370977,5,0.9657249601566836,2.9314499203133675
737,8,1.0131125097140852,5,0.9657249601566836,2.9314499203133675
738,1,-2.5368202077976765,5,1.188697727982543,0.0
738,2,-0.7479586354794068,5,1.188697727982543,0.0
738,3,-1.1618417763653401,5,1.188697727982543,0.0
738,4,-1.6602962792940505,5,1.188697727982543,0.0
738,5,5.230570228026353,5,1.188697727982543,3.377395455965086
738,6,3.8654730736857603,5,1.188697727982543,3.377395455965086
738,7,4.301375312094531,5,1.188697727982543,3.377395455965086
738,8,4.477655344846158,5,1.188697727982543,3.377395455965086
739,1,3.921647042263923,5,2.0420316524806945,0.0
739,2,2.7168027946642934,5,2.0420316524806945,0.0
739,3,2.196701443994729,5,2.0420316524806945,0.0
739,4,3.563003640910355,5,2.0420316524806945,0.0
739,5,11.152519208222515,5,2.0420316524806945,5.084063304961389
739,6,11.15787676922484,5,2.0420316524806945,5.084063304961389
739,7,10.57072895510786,5,2.0420316524806945,5.084063304961389
739,8,12.698999749408197,5,2.0420316524806945,5.084063304961389
740,1,-0.08130977130437944,5,1.4998690878484455,0.0
740,2,-0.5958413637608687,5,1.4998690878484455,0.0
740,3,0.004838144772658287,5,1.4998690878484455,0.0
740,4,1.0000657318191721,5,1.4998690878484455,0.0
740,5,4.338599225906814,5,1.4998690878484455,3.999738175696891
740,6,5.67499124107998,5,1.4998690878484455,3.999738175696891
740,7,6.478999540183919,5,1.4998690878484455,3.999738175696891
740,8,4.9835199369620895,5,1.4998690878484455,3.999738175696891
741,1,1.031863032745785,5,1.9431900944377454,0.0
741,2,1.4181271699479945,5,1.9431900944377454,0.0
741,3,3.2492513752740053,5,1.9431900944377454,0.0
741,4,0.8766863615026488,5,1.9431900944377454,0.0
741,5,7.726057524485462,5,1.9431900944377454,4.88638018887549
741,6,8.125808896824587,5,1.9431900944377454,4.88638018887549
741,7,10.067634508110773,5,1.9431900944377454,4.88638018887549
741,8,9.56401697482428,5,1.9431900944377454,4.88638018887549
742,1,-0.48527621429814305,5,1.9757753961800268,0.0
742,2,-1.119157478044126,5,1.9757753961800268,0.0
742,3,-1.6915938541400315,5,1.9757753961800268,0.0
742,4,-0.5417121633915536,5,1.9757753961800268,0.0
742,5,4.316111123040083,5,1.9757753961800268,4.951550792360054
742,6,6.0295760228999615,5,1.9757753961800268,4.951550792360054
742,7,4.33798221911853,5,1.9757753961800268,4.951550792360054
742,8,5.346483955838208,5,1.9757753961800268,4.951550792360054
743,1,3.8331008832733833,5,3.1909887691930785,0.0
743,2,5.103167413442083,5,3.1909887691930785,0.0
743,3,2.175442368579264,5,3.1909887691930785,0.0
743,4,6.251882180708878,5,3.1909887691930785,0.0
743,5,12.619253374676614,5,3.1909887691930785,7.381977538386157
743,6,11.375513541167457,5,3.1909887691930785,7.381977538386157
743,7,10.757660661215281,5,3.1909887691930785,7.381977538386157
743,8,12.73000243729634,5,3.1909887691930785,7.381977538386157
744,1,0.19223982404524545,5,1.389031754008053,0.0
744,2,0.6460466420817627,5,1.389031754008053,0.0
744,3,1.8451451145999571,5,1.389031754008053,0.0
744,4,1.1624575023296837,5,1.389031754008053,0.0
744,5,4.881967641460582,5,1.389031754008053,3.778063508016106
744,6,6.07692180024586,5,1.389031754008053,3.778063508016106
744,7,7.02361847481833,5,1.389031754008053,3.778063508016106
744,8,7.72078098286203,5,1.389031754008053,3.778063508016106
745,1,0.29091609369466453,5,0.7878646968101138,0.0
745,2,2.48152749330243,5,0.7878646968101138,0.0
745,3,1.458684021243037,5,0.7878646968101138,0.0
745,4,1.7103634306421664,5,0.7878646968101138,0.0
745,5,5.113418677119008,5,0.7878646968101138,2.575729393620228
745,6,7.230650362289905,5,0.7878646968101138,2.575729393620228
745,7,6.523013733646639,5,0.7878646968101138,2.575729393620228
745,8,6.461296683517526,5,0.7878646968101138,2.575729393620228
746,1,6.077667334211913,5,2.8111993529610584,0.0
746,2,7.794308123712116,5,2.8111993529610584,0.0
746,3,6.361242218072317,5,2.8111993529610584,0.0
746,4,7.885402044628803,5,2.8111993529610584,0.0
746,5,14.810036240260278,5,2.8111993529610584,6.622398705922117
746,6,13.668318538027155,5,2.8111993529610584,6.622398705922117
746,7,14.800592470161718,5,2.8111993529610584,6.622398705922117
746,8,13.991413659981498,5,2.8111993529610584,6.622398705922117
747,1,3.3279379348171725,5,1.3969005841837085,0.0
747,2,3.4066898320530834,5,1.3969005841837085,0.0
747,3,4.129994244003172,5,1.3969005841837085,0.0
747,4,4.28298516979847,5,1.3969005841837085,0.0
747,5,9.039584561350658,5,1.3969005841837085,3.793801168367417
747,6,10.35891405581114,5,1.3969005841837085,3.793801168367417
747,7,10.207189459106228,5,1.3969005841837085,3.793801168367417
747,8,8.962308171790838,5,1.3969005841837085,3.793801168367417
748,1,-0.8592518074726017,5,2.8785774245018003,0.0
748,2,-1.1325305951323679,5,2.8785774245018003,0.0
748,3,1.1309289834076521,5,2.8785774245018003,0.0
748,4,1.890186121480072,5,2.8785774245018003,0.0
748,5,8.900571828283649,5,2.8785774245018003,6.757154849003601
748,6,8.356619213130099,5,2.8785774245018003,6.757154849003601
748,7,9.890877535560701,5,2.8785774245018003,6.757154849003601
748,8,9.67390935066061,5,2.8785774245018003,6.757154849003601
749,1,-1.8246658194909708,5,1.9970848786123907,0.0
749,2,0.5554895499682119,5,1.9970848786123907,0.0
749,3,1.1315873839830535,5,1.9970848786123907,0.0
749,4,1.7624551113427875,5,1.9970848786123907,0.0
749,5,5.699380787451608,5,1.9970848786123907,4.994169757224782
749,6,7.987091700177142,5,1.9970848786123907,4.994169757224782
749,7,6.814147136155996,5,1.9970848786123907,4.994169757224782
749,8,8.461230709022576,5,1.9970848786123907,4.994169757224782
750,1,-0.6620026848057389,5,1.5440845877256033,0.0
750,2,0.12492781321516555,5,1.5440845877256033,0.0
750,3,-1.572267880428253,5,1.5440845877256033,0.0
750,4,1.0469967625440209,5,1.5440845877256033,0.0
750,5,6.02816911919717,5,1.5440845877256033,4.088169175451206
750,6,6.027029535048304,5,1.5440845877256033,4.088169175451206
750,7,8.693267220497283,5,1.5440845877256033,4.088169175451206
750,8,6.274613067086866,5,1.5440845877256033,4.088169175451206
751,1,0.9562152598491455,5,1.9628312515372912,0.0
751,2,1.1149238869672178,5,1.9628312515372912,0.0
751,3,1.9560195179575999,5,1.9628312515372912,0.0
751,4,4.051209559893776,5,1.9628312515372912,0.0
751,5,9.923490794354617,5,1.9628312515372912,4.925662503074582
751,6,8.244666389108712,5,1.9628312515372912,4.925662503074582
751,7,8.72245145730445,5,1.9628312515372912,4.925662503074582
751,8,8.78833035143374,5,1.9628312515372912,4.925662503074582
752,1,1.595837118017561,5,4.373249301482313,0.0
752,2,1.9105561384145604,5,4.373249301482313,0.0
752,3,1.183569931509471,5,4.373249301482313,0.0
752,4,0.3934525351913778,5,4.373249301482313,0.0
752,5,10.729387769006632,5,4.373249301482313,9.746498602964627
752,6,12.706679784847477,5,4.373249301482313,9.746498602964627
752,7,13.585388252909382,5,4.373249301482313,9.746498602964627
752,8,11.469905529441736,5,4.373249301482313,9.746498602964627
753,1,-0.611798200544826,5,4.657553286917284,0.0
753,2,1.8278075995504404,5,4.657553286917284,0.0
753,3,0.4920025033627712,5,4.657553286917284,0.0
753,4,2.6991498007836805,5,4.657553286917284,0.0
753,5,12.673664412783308,5,4.657553286917284,10.315106573834568
753,6,11.440338682992266,5,4.657553286917284,10.315106573834568
753,7,12.731946990475768,5,4.657553286917284,10.315106573834568
753,8,13.395924045282921,5,4.657553286917284,10.315106573834568
754,1,2.481850933324578,5,1.706919984123661,0.0
754,2,2.9644944786071434,5,1.706919984123661,0.0
754,3,5.941131093536645,5,1.706919984123661,0.0
754,4,3.9570018817251325,5,1.706919984123661,0.0
754,5,10.926638546074086,5,1.706919984123661,4.413839968247322
754,6,9.911717991300389,5,1.706919984123661,4.413839968247322
754,7,10.822563139782233,5,1.706919984123661,4.413839968247322
754,8,11.910046887903977,5,1.706919984123661,4.413839968247322
755,1,-0.32697845646035245,5,1.7862086423547134,0.0
755,2,1.3394845299388596,5,1.7862086423547134,0.0
755,3,-0.774849483104056,5,1.7862086423547134,0.0
755,4,2.211287604858963,5,1.7862086423547134,0.0
755,5,4.375467376582117,5,1.7862086423547134,4.572417284709427
755,6,7.117150774455296,5,1.7862086423547134,4.572417284709427
755,7,8.698240486472244,5,1.7862086423547134,4.572417284709427
755,8,8.96629280721213,5,1.7862086423547134,4.572417284709427
756,1,3.8007677071126977,5,2.8239033053600697,0.0
756,2,4.429513789981121,5,2.8239033053600697,0.0
756,3,5.410506145752004,5,2.8239033053600697,0.0
756,4,6.7853940484327735,5,2.8239033053600697,0.0
756,5,11.715051606751075,5,2.8239033053600697,6.6478066107201395
756,6,14.23376122094622,5,2.8239033053600697,6.6478066107201395
756,7,15.058414170594844,5,2.8239033053600697,6.6478066107201395
756,8,14.963947615923793,5,2.8239033053600697,6.6478066107201395
757,1,1.2068060955573978,5,1.0802251413423087,0.0
757,2,1.40520928583055,5,1.0802251413423087,0.0
757,3,1.1398308681054508,5,1.0802251413423087,0.0
757,4,0.2452957672448559,5,1.0802251413423087,0.0
757,5,5.975348491759787,5,1.0802251413423087,3.1604502826846175
757,6,5.388860044958985,5,1.0802251413423087,3.1604502826846175
757,7,6.263592785327418,5,1.0802251413423087,3.1604502826846175
757,8,7.8210596281520495,5,1.0802251413423087,3.1604502826846175
758,1,5.4879701718838065,5,1.9474779691211506,0.0
758,2,4.532576665007446,5,1.9474779691211506,0.0
758,3,5.624701624895326,5,1.9474779691211506,0.0
758,4,4.126157447296565,5,1.9474779691211506,0.0
758,5,11.21111630768679,5,1.9474779691211506,4.894955938242301
758,6,11.405686789014595,5,1.9474779691211506,4.894955938242301
758,7,13.194820307317938,5,1.9474779691211506,4.894955938242301
758,8,11.925134250663,5,1.9474779691211506,4.894955938242301
759,1,0.9730012282588828,5,1.627538215650011,0.0
759,2,2.7734533125540484,5,1.627538215650011,0.0
759,3,2.1226050530266045,5,1.627538215650011,0.0
759,4,1.6057974641339852,5,1.627538215650011,0.0
759,5,10.0213485500114,5,1.627538215650011,4.255076431300022
759,6,6.891122513384543,5,1.627538215650011,4.255076431300022
759,7,8.405015195171753,5,1.627538215650011,4.255076431300022
759,8,9.316403432746888,5,1.627538215650011,4.255076431300022
760,1,2.69353865553001,5,1.9289081274000819,0.0
760,2,2.7361774424924965,5,1.9289081274000819,0.0
760,3,3.2411607759725873,5,1.9289081274000819,0.0
760,4,3.69098928021094,5,1.9289081274000819,0.0
760,5,8.167803542707688,5,1.9289081274000819,4.857816254800164
760,6,11.933956615721787,5,1.9289081274000819,4.857816254800164
760,7,10.063746483585682,5,1.9289081274000819,4.857816254800164
760,8,11.380668394122154,5,1.9289081274000819,4.857816254800164
761,1,-1.2838749607170543,5,1.086884772027157,0.0
761,2,-0.8039857753909323,5,1.086884772027157,0.0
761,3,-0.40466576570509916,5,1.086884772027157,0.0
761,4,-0.9990678910246995,5,1.086884772027157,0.0
761,5,4.063926300898096,5,1.086884772027157,3.173769544054314
761,6,4.3175397866994345,5,1.086884772027157,3.173769544054314
761,7,6.396071950203643,5,1.086884772027157,3.173769544054314
761,8,4.52784732343435,5,1.086884772027157,3.173769544054314
762,1,-1.7846656227296784,5,0.7446926123229953,0.0
762,2,-1.6059589119289057,5,0.7446926123229953,0.0
762,3,1.2350119488369853,5,0.7446926123229953,0.0
762,4,-0.5769268900294948,5,0.7446926123229953,0.0
762,5,3.844166624197304,5,0.7446926123229953,2.4893852246459907
762,6,4.752028252877148,5,0.7446926123229953,2.4893852246459907
762,7,4.1357438680557586,5,0.7446926123229953,2.4893852246459907
762,8,3.4050557785306985,5,0.7446926123229953,2.4893852246459907
763,1,0.0552580512662848,5,0.5847962880235602,0.0
763,2,2.779175974826055,5,0.5847962880235602,0.0
763,3,1.1588178912301177,5,0.5847962880235602,0.0
763,4,3.3114385210898876,5,0.5847962880235602,0.0
763,5,5.703353595897692,5,0.5847962880235602,2.1695925760471204
763,6,6.466136970388122,5,0.5847962880235602,2.1695925760471204
763,7,7.060589293922984,5,0.5847962880235602,2.1695925760471204
763,8,6.155333701659194,5,0.5847962880235602,2.1695925760471204
764,1,1.501578305915889,5,0.9429971142866201,0.0
764,2,3.692033619031033,5,0.9429971142866201,0.0
764,3,2.847761874366234,5,0.9429971142866201,0.0
764,4,1.226957992925482,5,0.9429971142866201,0.0
764,5,8.011856011387735,5,0.9429971142866201,2.8859942285732405
764,6,6.826839425435102,5,0.9429971142866201,2.8859942285732405
764,7,8.830236591409124,5,0.9429971142866201,2.8859942285732405
764,8,10.255922562820839,5,0.9429971142866201,2.8859942285732405
765,1,0.5972754612628733,5,1.3108324029672767,0.0
765,2,2.0762788356644566,5,1.3108324029672767,0.0
765,3,1.734310684537128,5,1.3108324029672767,0.0
765,4,3.667942332142073,5,1.3108324029672767,0.0
765,5,5.140070701178373,5,1.3108324029672767,3.6216648059345533
765,6,6.6939628295189895,5,1.3108324029672767,3.6216648059345533
765,7,7.875339414976947,5,1.3108324029672767,3.6216648059345533
765,8,7.5117660529254335,5,1.3108324029672767,3.6216648059345533
766,1,-0.9205676735147246,5,1.4239065796731443,0.0
766,2,-2.004826209678175,5,1.4239065796731443,0.0
766,3,0.9965844814614941,5,1.4239065796731443,0.0
766,4,1.549410834104851,5,1.4239065796731443,0.0
766,5,4.057098485406194,5,1.4239065796731443,3.8478131593462885
766,6,4.827627669533511,5,1.4239065796731443,3.8478131593462885
766,7,5.9666979248035314,5,1.4239065796731443,3.8478131593462885
766,8,4.087829090211527,5,1.4239065796731443,3.8478131593462885
767,1,-3.5325167471564445,5,4.343218144214776,0.0
767,2,-0.4640978187210194,5,4.343218144214776,0.0
767,3,-0.9465282597056548,5,4.343218144214776,0.0
767,4,-0.9470219785584437,5,4.343218144214776,0.0
767,5,9.477042858732059,5,4.343218144214776,9.686436288429553
767,6,7.579878083486829,5,4.343218144214776,9.686436288429553
767,7,10.275357241393898,5,4.343218144214776,9.686436288429553
767,8,10.212872816657676,5,4.343218144214776,9.686436288429553
768,1,-1.4362011707573998,5,2.8662274420238933,0.0
768,2,-0.8592420259884762,5,2.8662274420238933,0.0
768,3,-0.7775925702425718,5,2.8662274420238933,0.0
768,4,-0.45881415557334077,5,2.8662274420238933,0.0
768,5,4.880835330955037,5,2.8662274420238933,6.732454884047787
768,6,7.468825159672178,5,2.8662274420238933,6.732454884047787
768,7,8.007580025198688,5,2.8662274420238933,6.732454884047787
768,8,9.123374733444034,5,2.8662274420238933,6.732454884047787
769,1,-0.9170344134485648,5,1.0191352176234338,0.0
769,2,-4.227804899450371,5,1.0191352176234338,0.0
769,3,-2.423721051496975,5,1.0191352176234338,0.0
769,4,-2.2775108630364067,5,1.0191352176234338,0.0
769,5,2.17553339775318,5,1.0191352176234338,3.0382704352468677
769,6,2.5164280675861446,5,1.0191352176234338,3.0382704352468677
769,7,2.76894413628796,5,1.0191352176234338,3.0382704352468677
769,8,4.530630570769279,5,1.0191352176234338,3.0382704352468677
770,1,-0.3824434922866087,5,1.9617839271902857,0.0
770,2,0.17784925150156883,5,1.9617839271902857,0.0
770,3,0.6947454477961328,5,1.9617839271902857,0.0
770,4,1.8586431314681882,5,1.9617839271902857,0.0
770,5,6.413948357362901,5,1.9617839271902857,4.923567854380572
770,6,8.093967084475477,5,1.9617839271902857,4.923567854380572
770,7,8.477048378643879,5,1.9617839271902857,4.923567854380572
770,8,8.356023459275667,5,1.9617839271902857,4.923567854380572
771,1,3.6238540974722464,5,1.3450899415041475,0.0
771,2,3.1905873151293136,5,1.3450899415041475,0.0
771,3,4.812735207447854,5,1.3450899415041475,0.0
771,4,4.055037992211618,5,1.3450899415041475,0.0
771,5,8.41607283819299,5,1.3450899415041475,3.690179883008295
771,6,8.377485321742634,5,1.3450899415041475,3.690179883008295
771,7,9.433221185888861,5,1.3450899415041475,3.690179883008295
771,8,10.652499032556392,5,1.3450899415041475,3.690179883008295
772,1,0.06183419388008443,5,1.4302054152448669,0.0
772,2,1.4915803886850467,5,1.4302054152448669,0.0
772,3,0.6604214651046414,5,1.4302054152448669,0.0
772,4,2.732218991672592,5,1.4302054152448669,0.0
772,5,5.753673429328189,5,1.4302054152448669,3.8604108304897338
772,6,7.685259129869166,5,1.4302054152448669,3.8604108304897338
772,7,7.394555799073782,5,1.4302054152448669,3.8604108304897338
772,8,9.35453299003118,5,1.4302054152448669,3.8604108304897338
773,1,-5.174897240929914,5,1.8087985217155158,0.0
773,2,-4.997006287987573,5,1.8087985217155158,0.0
773,3,-3.6370467606512715,5,1.8087985217155158,0.0
773,4,-3.905440462710018,5,1.8087985217155158,0.0
773,5,1.214032634327049,5,1.8087985217155158,4.617597043431031
773,6,3.7183182892152025,5,1.8087985217155158,4.617597043431031
773,7,3.592588735342668,5,1.8087985217155158,4.617597043431031
773,8,3.6170865520510675,5,1.8087985217155158,4.617597043431031
774,1,-0.2684835179745295,5,2.2469765533166117,0.0
774,2,0.021241415004563113,5,2.2469765533166117,0.0
774,3,2.768848247149946,5,2.2469765533166117,0.0
774,4,0.8829733716878658,5,2.2469765533166117,0.0
774,5,6.290298287880827,5,2.2469765533166117,5.4939531066332234
774,6,8.908482803450454,5,2.2469765533166117,5.4939531066332234
774,7,8.396676562616305,5,2.2469765533166117,5.4939531066332234
774,8,11.151205874782011,5,2.2469765533166117,5.4939531066332234
775,1,-0.3518036320593495,5,1.3914839367199436,0.0
775,2,1.5203861864915778,5,1.3914839367199436,0.0
775,3,2.256599337334091,5,1.3914839367199436,0.0
775,4,1.1530661745327822,5,1.3914839367199436,0.0
775,5,5.214449112265637,5,1.3914839367199436,3.7829678734398873
775,6,7.198736411105578,5,1.3914839367199436,3.7829678734398873
775,7,7.532261798088603,5,1.3914839367199436,3.7829678734398873
775,8,6.046759779463747,5,1.3914839367199436,3.7829678734398873
776,1,3.563561864146158,5,2.8064652303944415,0.0
776,2,2.6555674955028734,5,2.8064652303944415,0.0
776,3,6.2873843544296815,5,2.8064652303944415,0.0
776,4,5.930170307315133,5,2.8064652303944415,0.0
776,5,13.142777540264479,5,2.8064652303944415,6.612930460788883
776,6,12.113483863537908,5,2.8064652303944415,6.612930460788883
776,7,13.206825608150435,5,2.8064652303944415,6.612930460788883
776,8,14.326969048672193,5,2.8064652303944415,6.612930460788883
777,1,-3.0866014259869337,5,0.9314906625690453,0.0
777,2,-1.7964397503214813,5,0.9314906625690453,0.0
777,3,-0.8308076992072987,5,0.9314906625690453,0.0
777,4,1.3553367434460846,5,0.9314906625690453,0.0
777,5,2.4286884692680526,5,0.9314906625690453,2.8629813251380907
777,6,4.064108162395923,5,0.9314906625690453,2.8629813251380907
777,7,2.618732722319203,5,0.9314906625690453,2.8629813251380907
777,8,2.2737591843236222,5,0.9314906625690453,2.8629813251380907
778,1,-0.6336568519085161,5,1.6539552344005182,0.0
778,2,-1.379076923072633,5,1.6539552344005182,0.0
778,3,0.7333179619707118,5,1.6539552344005182,0.0
778,4,0.43819067029294345,5,1.6539552344005182,0.0
778,5,4.07228387684806,5,1.6539552344005182,4.307910468801037
778,6,8.262580409462823,5,1.6539552344005182,4.307910468801037
778,7,6.488993550497265,5,1.6539552344005182,4.307910468801037
778,8,5.888935960658448,5,1.6539552344005182,4.307910468801037
779,1,4.809877151596418,5,6.042614988070934,0.0
779,2,3.683090998549843,5,6.042614988070934,0.0
779,3,6.00187139477979,5,6.042614988070934,0.0
779,4,4.6783110264110785,5,6.042614988070934,0.0
779,5,18.4560376469682,5,6.042614988070934,13.085229976141868
779,6,19.841767046708043,5,6.042614988070934,13.085229976141868
779,7,20.590154717935107,5,6.042614988070934,13.085229976141868
779,8,21.265419074571597,5,6.042614988070934,13.085229976141868
780,1,1.3102155439637673,5,1.8432676094347733,0.0
780,2,2.42857340424768,5,1.8432676094347733,0.0
780,3,3.1455852896165166,5,1.8432676094347733,0.0
780,4,3.100525821259946,5,1.8432676094347733,0.0
780,5,7.943833788298347,5,1.8432676094347733,4.686535218869547
780,6,7.141196953331512,5,1.8432676094347733,4.686535218869547
780,7,9.685666058342632,5,1.8432676094347733,4.686535218869547
780,8,9.628665600703794,5,1.8432676094347733,4.686535218869547
781,1,1.213010294682142,5,3.375715336100299,0.0
781,2,3.4043925106245094,5,3.375715336100299,0.0
781,3,1.1987925141195337,5,3.375715336100299,0.0
781,4,4.770662462397736,5,3.375715336100299,0.0
781,5,11.355783540598981,5,3.375715336100299,7.751430672200598
781,6,12.195574997736347,5,3.375715336100299,7.751430672200598
781,7,11.983012704703178,5,3.375715336100299,7.751430672200598
781,8,11.21098390671012,5,3.375715336100299,7.751430672200598
782,1,0.5895589755819768,5,1.7259197366964647,0.0
782,2,1.563913780940549,5,1.7259197366964647,0.0
782,3,2.4053943204503505,5,1.7259197366964647,0.0
782,4,2.031135675608855,5,1.7259197366964647,0.0
782,5,4.988468506236268,5,1.7259197366964647,4.45183947339293
782,6,6.139347002858061,5,1.7259197366964647,4.45183947339293
782,7,10.233027971203981,5,1.7259197366964647,4.45183947339293
782,8,7.58847236366857,5,1.7259197366964647,4.45183947339293
783,1,2.5869365355537375,5,2.204252717136342,0.0
783,2,0.7258003398969336,5,2.204252717136342,0.0
783,3,1.9774311675866618,5,2.204252717136342,0.0
783,4,3.2850953369144333,5,2.204252717136342,0.0
783,5,7.74819806500634,5,2.204252717136342,5.408505434272684
783,6,10.660607647346268,5,2.204252717136342,5.408505434272684
783,7,9.644120869655625,5,2.204252717136342,5.408505434272684
783,8,10.529243357886884,5,2.204252717136342,5.408505434272684
784,1,1.7876120525379462,5,1.6025696990337222,0.0
784,2,3.2139393475741627,5,1.6025696990337222,0.0
784,3,4.634011800406935,5,1.6025696990337222,0.0
784,4,3.4239331229338577,5,1.6025696990337222,0.0
784,5,9.990071249373752,5,1.6025696990337222,4.205139398067445
784,6,8.148762650245398,5,1.6025696990337222,4.205139398067445
784,7,10.024454497976226,5,1.6025696990337222,4.205139398067445
784,8,10.249472794867566,5,1.6025696990337222,4.205139398067445
785,1,-2.187554710467902,5,1.5140621576415119,0.0
785,2,-0.4051629331482009,5,1.5140621576415119,0.0
785,3,-0.1116066999351599,5,1.5140621576415119,0.0
785,4,-0.47216481406237776,5,1.5140621576415119,0.0
785,5,5.267154111691617,5,1.5140621576415119,4.028124315283024
785,6,5.5554412236060084,5,1.5140621576415119,4.028124315283024
785,7,5.8365647301902746,5,1.5140621576415119,4.028124315283024
785,8,6.340574208438806,5,1.5140621576415119,4.028124315283024
786,1,2.1661068988927803,5,1.116567002437599,0.0
786,2,2.3884175365700724,5,1.116567002437599,0.0
786,3,3.3959512528313813,5,1.116567002437599,0.0
786,4,3.112202945452619,5,1.116567002437599,0.0
786,5,10.146060654161598,5,1.116567002437599,3.233134004875198
786,6,6.5799179172262825,5,1.116567002437599,3.233134004875198
786,7,7.904515085457138,5,1.116567002437599,3.233134004875198
786,8,8.483509058114658,5,1.116567002437599,3.233134004875198
787,1,-0.20551261944654087,5,2.0444947224494467,0.0
787,2,-3.0661406837485776,5,2.0444947224494467,0.0
787,3,-0.8200837357849685,5,2.0444947224494467,0.0
787,4,-0.49761196872453844,5,2.0444947224494467,0.0
787,5,5.176585715802363,5,2.0444947224494467,5.0889894448988935
787,6,6.579326573738755,5,2.0444947224494467,5.0889894448988935
787,7,7.058812770874903,5,2.0444947224494467,5.0889894448988935
787,8,5.892026584607698,5,2.0444947224494467,5.0889894448988935
788,1,1.3507533951570672,5,1.0770560132463294,0.0
788,2,-0.20736608648906785,5,1.0770560132463294,0.0
788,3,2.2558289541850054,5,1.0770560132463294,0.0
788,4,1.862746517831157,5,1.0770560132463294,0.0
788,5,6.124465546195218,5,1.0770560132463294,3.1541120264926588
788,6,5.12547610733904,5,1.0770560132463294,3.1541120264926588
788,7,7.715720258874811,5,1.0770560132463294,3.1541120264926588
788,8,6.1142792765801275,5,1.0770560132463294,3.1541120264926588
789,1,1.0057665333642407,5,2.299732054618466,0.0
789,2,0.13097633355010485,5,2.299732054618466,0.0
789,3,1.0078408914367696,5,2.299732054618466,0.0
789,4,3.5122140291178168,5,2.299732054618466,0.0
789,5,9.044863981723207,5,2.299732054618466,5.599464109236932
789,6,10.106149173480128,5,2.299732054618466,5.599464109236932
789,7,11.016673168310877,5,2.299732054618466,5.599464109236932
789,8,9.184107328669821,5,2.299732054618466,5.599464109236932
790,1,0.7663854860566559,5,2.836705949966071,0.0
790,2,-1.6980918325631174,5,2.836705949966071,0.0
790,3,1.0135141581606875,5,2.836705949966071,0.0
790,4,0.27407610901581264,5,2.836705949966071,0.0
790,5,7.0105255809086096,5,2.836705949966071,6.673411899932142
790,6,9.055295590852369,5,2.836705949966071,6.673411899932142
790,7,9.885777248717138,5,2.836705949966071,6.673411899932142
790,8,10.356094110194471,5,2.836705949966071,6.673411899932142
791,1,0.6694893382434985,5,1.9803343688758865,0.0
791,2,1.0865867506779456,5,1.9803343688758865,0.0
791,3,1.9814960350486088,5,1.9803343688758865,0.0
791,4,2.2583935248658973,5,1.9803343688758865,0.0
791,5,7.95665402668646,5,1.9803343688758865,4.960668737751773
791,6,8.119297648211193,5,1.9803343688758865,4.960668737751773
791,7,9.258082011606842,5,1.9803343688758865,4.960668737751773
791,8,7.288090380550051,5,1.9803343688758865,4.960668737751773
792,1,-0.8763537804174923,5,1.428858156318376,0.0
792,2,-1.6289267991766923,5,1.428858156318376,0.0
792,3,0.5316217122737785,5,1.428858156318376,0.0
792,4,2.3968498705225914,5,1.428858156318376,0.0
792,5,4.638551225358677,5,1.428858156318376,3.857716312636752
792,6,5.739888037602861,5,1.428858156318376,3.857716312636752
792,7,6.869122722227285,5,1.428858156318376,3.857716312636752
792,8,4.544913075539121,5,1.428858156318376,3.857716312636752
793,1,-2.1655131358676765,5,2.068829088812867,0.0
793,2,-0.7788869944506385,5,2.068829088812867,0.0
793,3,-3.5403973793807637,5,2.068829088812867,0.0
793,4,-1.12021114679846,5,2.068829088812867,0.0
793,5,6.595113497283535,5,2.068829088812867,5.137658177625734
793,6,6.99725242435297,5,2.068829088812867,5.137658177625734
793,7,6.868573751272345,5,2.068829088812867,5.137658177625734
793,8,7.876453163845422,5,2.068829088812867,5.137658177625734
794,1,0.007874751194174967,5,1.4129270466083437,0.0
794,2,0.8481654242150258,5,1.4129270466083437,0.0
794,3,0.47711680793209743,5,1.4129270466083437,0.0
794,4,1.408583199694804,5,1.4129270466083437,0.0
794,5,4.986254223573576,5,1.4129270466083437,3.8258540932166873
794,6,7.382107954171712,5,1.4129270466083437,3.8258540932166873
794,7,8.1401840194916,5,1.4129270466083437,3.8258540932166873
794,8,8.498537410686472,5,1.4129270466083437,3.8258540932166873
795,1,-2.1160860324211854,5,2.6320777748264232,0.0
795,2,-2.1617513101084103,5,2.6320777748264232,0.0
795,3,0.5689963900068402,5,2.6320777748264232,0.0
795,4,0.3359299318480897,5,2.6320777748264232,0.0
795,5,6.8847626204331664,5,2.6320777748264232,6.2641555496528465
795,6,6.4225461939643775,5,2.6320777748264232,6.2641555496528465
795,7,7.981842091546288,5,2.6320777748264232,6.2641555496528465
795,8,6.970900219247588,5,2.6320777748264232,6.2641555496528465
796,1,1.779657284265528,5,0.6598761968366936,0.0
796,2,3.0244816277927065,5,0.6598761968366936,0.0
796,3,3.7766404720944484,5,0.6598761968366936,0.0
796,4,3.354118982296312,5,0.6598761968366936,0.0
796,5,4.083325772238762,5,0.6598761968366936,2.3197523936733875
796,6,6.162677452805905,5,0.6598761968366936,2.3197523936733875
796,7,8.605029065917599,5,0.6598761968366936,2.3197523936733875
796,8,6.0967357314176,5,0.6598761968366936,2.3197523936733875
797,1,-1.859352561214944,5,1.3940264912733826,0.0
797,2,0.11335336349625025,5,1.3940264912733826,0.0
797,3,-0.18303706623114158,5,1.3940264912733826,0.0
797,4,2.1799853361803776,5,1.3940264912733826,0.0
797,5,3.25501261101345,5,1.3940264912733826,3.7880529825467653
797,6,3.4981262085012164,5,1.3940264912733826,3.7880529825467653
797,7,6.212007430077212,5,1.3940264912733826,3.7880529825467653
797,8,4.292003365970502,5,1.3940264912733826,3.7880529825467653
798,1,1.7271860571645665,5,0.6093234732262949,0.0
798,2,2.358307501122526,5,0.6093234732262949,0.0
798,3,3.959943519368025,5,0.6093234732262949,0.0
798,4,4.038222014007349,5,0.6093234732262949,0.0
798,5,6.599665906611555,5,0.6093234732262949,2.2186469464525898
798,6,6.240170114533026,5,0.6093234732262949,2.2186469464525898
798,7,8.357605011516636,5,0.6093234732262949,2.2186469464525898
798,8,11.668425035161956,5,0.6093234732262949,2.2186469464525898
799,1,-1.1716760369347243,5,0.7807264745653888,0.0
799,2,-1.2632859283108036,5,0.7807264745653888,0.0
799,3,-2.1608211068498004,5,0.7807264745653888,0.0
799,4,-1.0004395851747936,5,0.7807264745653888,0.0
799,5,2.4847845793258334,5,0.7807264745653888,2.5614529491307776
799,6,2.663894573006005,5,0.7807264745653888,2.5614529491307776
799,7,3.6824169787462893,5,0.7807264745653888,2.5614529491307776
799,8,5.976510890080425,5,0.7807264745653888,2.5614529491307776
800,1,0.6145770862072215,5,3.260664845447564,0.0
800,2,-0.29142254763026687,5,3.260664845447564,0.0
800,3,-0.8408697758278731,5,3.260664845447564,0.0
800,4,2.2047778117404,5,3.260664845447564,0.0
800,5,8.839685586271752,5,3.260664845447564,7.521329690895128
800,6,7.662239434130761,5,3.260664845447564,7.521329690895128
800,7,10.601169978226153,5,3.260664845447564,7.521329690895128
800,8,11.41442654396658,5,3.260664845447564,7.521329690895128
801,1,-3.175115221365027,5,2.5794920275085294,0.0
801,2,-1.0737614585632613,5,2.5794920275085294,0.0
801,3,0.140339172261928,5,2.5794920275085294,0.0
801,4,1.4853040948782594,5,2.5794920275085294,0.0
801,5,6.894030653962529,5,2.5794920275085294,6.158984055017059
801,6,7.077635336612764,5,2.5794920275085294,6.158984055017059
801,7,9.136946488266982,5,2.5794920275085294,6.158984055017059
801,8,8.441454865272542,5,2.5794920275085294,6.158984055017059
802,1,3.6923481082983747,5,1.1505727747219823,0.0
802,2,2.538777802775087,5,1.1505727747219823,0.0
802,3,2.7979604385132792,5,1.1505727747219823,0.0
802,4,5.405562615320075,5,1.1505727747219823,0.0
802,5,8.703958917510857,5,1.1505727747219823,3.3011455494439645
802,6,9.873894740429849,5,1.1505727747219823,3.3011455494439645
802,7,8.9188460062722,5,1.1505727747219823,3.3011455494439645
802,8,9.156333704713898,5,1.1505727747219823,3.3011455494439645
803,1,2.5212987787740944,5,0.7778265461759022,0.0
803,2,0.13762112723871356,5,0.7778265461759022,0.0
803,3,3.412040600413808,5,0.7778265461759022,0.0
803,4,3.981084598715567,5,0.7778265461759022,0.0
803,5,6.576322497851063,5,0.7778265461759022,2.5556530923518044
803,6,5.528425466574539,5,0.7778265461759022,2.5556530923518044
803,7,5.899709146859628,5,0.7778265461759022,2.5556530923518044
803,8,7.006177210586788,5,0.7778265461759022,2.5556530923518044
804,1,-1.2185072819201879,5,0.37446219879337567,0.0
804,2,-0.3851616038423852,5,0.37446219879337567,0.0
804,3,1.7212666864202575,5,0.37446219879337567,0.0
804,4,2.2258815091353688,5,0.37446219879337567,0.0
804,5,2.7758819659630065,5,0.37446219879337567,1.7489243975867512
804,6,5.001578727798037,5,0.37446219879337567,1.7489243975867512
804,7,5.2797600982377695,5,0.37446219879337567,1.7489243975867512
804,8,6.835343047075066,5,0.37446219879337567,1.7489243975867512
805,1,2.066575324006968,5,1.256402207938149,0.0
805,2,3.0560199358738247,5,1.256402207938149,0.0
805,3,2.974516473069658,5,1.256402207938149,0.0
805,4,3.9773679918366347,5,1.256402207938149,0.0
805,5,5.7231261414479695,5,1.256402207938149,3.512804415876298
805,6,7.388498840904831,5,1.256402207938149,3.512804415876298
805,7,7.971260529788215,5,1.256402207938149,3.512804415876298
805,8,8.266493351080463,5,1.256402207938149,3.512804415876298
806,1,-3.2704980643426507,5,5.5301088900317525,0.0
806,2,-2.580005040163625,5,5.5301088900317525,0.0
806,3,-2.3221276175882277,5,5.5301088900317525,0.0
806,4,-2.391328575880714,5,5.5301088900317525,0.0
806,5,9.610103005559004,5,5.5301088900317525,12.060217780063505
806,6,11.943019159560363,5,5.5301088900317525,12.060217780063505
806,7,11.695565902017965,5,5.5301088900317525,12.060217780063505
806,8,10.82721922700472,5,5.5301088900317525,12.060217780063505
807,1,0.22004527906856136,5,2.0491849643553146,0.0
807,2,-0.8295668569891762,5,2.0491849643553146,0.0
807,3,1.449103435065628,5,2.0491849643553146,0.0
807,4,1.7153528781195893,5,2.0491849643553146,0.0
807,5,6.937635799073476,5,2.0491849643553146,5.098369928710629
807,6,9.596702939232344,5,2.0491849643553146,5.098369928710629
807,7,7.355948629886702,5,2.0491849643553146,5.098369928710629
807,8,9.718495701111149,5,2.0491849643553146,5.098369928710629
808,1,6.681736516541399,5,1.2463432412844901,0.0
808,2,6.0722962593262135,5,1.2463432412844901,0.0
808,3,5.463489573511758,5,1.2463432412844901,0.0
808,4,4.860959716186198,5,1.2463432412844901,0.0
808,5,8.62565266159405,5,1.2463432412844901,3.4926864825689803
808,6,10.076163143220985,5,1.2463432412844901,3.4926864825689803
808,7,10.300714104264596,5,1.2463432412844901,3.4926864825689803
808,8,10.768167929220374,5,1.2463432412844901,3.4926864825689803
809,1,0.438379557334101,5,2.080358229801485,0.0
809,2,1.1624459199196582,5,2.080358229801485,0.0
809,3,2.2499049604506416,5,2.080358229801485,0.0
809,4,1.0268967933429158,5,2.080358229801485,0.0
809,5,7.2431656762752645,5,2.080358229801485,5.16071645960297
809,6,8.265737389585833,5,2.080358229801485,5.16071645960297
809,7,8.729924278985045,5,2.080358229801485,5.16071645960297
809,8,11.261833179821739,5,2.080358229801485,5.16071645960297
810,1,0.8680729310625285,5,0.7554216744037765,0.0
810,2,-0.47776347362075344,5,0.7554216744037765,0.0
810,3,2.0540076999254357,5,0.7554216744037765,0.0
810,4,2.6814900610826498,5,0.7554216744037765,0.0
810,5,5.021541658901485,5,0.7554216744037765,2.510843348807553
810,6,4.433273012737023,5,0.7554216744037765,2.510843348807553
810,7,7.904724382459687,5,0.7554216744037765,2.510843348807553
810,8,5.576785773564966,5,0.7554216744037765,2.510843348807553
811,1,2.2570289657003255,5,1.4209679845716292,0.0
811,2,2.2963072883483275,5,1.4209679845716292,0.0
811,3,3.1970673083141623,5,1.4209679845716292,0.0
811,4,4.803114683451723,5,1.4209679845716292,0.0
811,5,7.999831600568686,5,1.4209679845716292,3.8419359691432584
811,6,7.379528501384117,5,1.4209679845716292,3.8419359691432584
811,7,9.544185003555612,5,1.4209679845716292,3.8419359691432584
811,8,8.30709327838353,5,1.4209679845716292,3.8419359691432584
812,1,2.454768498023959,5,1.7328002412807726,0.0
812,2,1.498126878612901,5,1.7328002412807726,0.0
812,3,2.257929259291939,5,1.7328002412807726,0.0
812,4,3.8425971570648776,5,1.7328002412807726,0.0
812,5,9.124897677771107,5,1.7328002412807726,4.465600482561545
812,6,7.554420346499205,5,1.7328002412807726,4.465600482561545
812,7,10.2540983371909,5,1.7328002412807726,4.465600482561545
812,8,9.437381992591938,5,1.7328002412807726,4.465600482561545
813,1,-2.215245370108553,5,1.5792494050852712,0.0
813,2,-3.3468978146042274,5,1.5792494050852712,0.0
813,3,-3.618555655329705,5,1.5792494050852712,0.0
813,4,-1.919128827820467,5,1.5792494050852712,0.0
813,5,1.7473304233120972,5,1.5792494050852712,4.158498810170542
813,6,4.432510565823948,5,1.5792494050852712,4.158498810170542
813,7,3.6640956319239226,5,1.5792494050852712,4.158498810170542
813,8,4.011888801297536,5,1.5792494050852712,4.158498810170542
814,1,-2.2728519446510456,5,2.4483224135151143,0.0
814,2,-3.3696004027823467,5,2.4483224135151143,0.0
814,3,-3.1538066189105676,5,2.4483224135151143,0.0
814,4,-0.9563013841404167,5,2.4483224135151143,0.0
814,5,3.932321155439366,5,2.4483224135151143,5.8966448270302285
814,6,4.431981709698718,5,2.4483224135151143,5.8966448270302285
814,7,6.868747894669062,5,2.4483224135151143,5.8966448270302285
814,8,7.0570559734321145,5,2.4483224135151143,5.8966448270302285
815,1,-0.3332469602806183,5,1.9587815330534464,0.0
815,2,0.8014465392309567,5,1.9587815330534464,0.0
815,3,1.016851026225973,5,1.9587815330534464,0.0
815,4,4.196901880212874,5,1.9587815330534464,0.0
815,5,8.744156075849794,5,1.9587815330534464,4.917563066106893
815,6,7.917300802273912,5,1.9587815330534464,4.917563066106893
815,7,9.41434033762268,5,1.9587815330534464,4.917563066106893
815,8,7.981959462348357,5,1.9587815330534464,4.917563066106893
816,1,-1.6023992749845122,5,2.3028857468943555,0.0
816,2,-0.3248898578531332,5,2.3028857468943555,0.0
816,3,0.5224776253508936,5,2.3028857468943555,0.0
816,4,0.47278775069153656,5,2.3028857468943555,0.0
816,5,6.9240318807079175,5,2.3028857468943555,5.605771493788711
816,6,7.254354829946818,5,2.3028857468943555,5.605771493788711
816,7,7.512440967971374,5,2.3028857468943555,5.605771493788711
816,8,7.879872777802798,5,2.3028857468943555,5.605771493788711
817,1,2.6977856517620444,5,1.1686086567245306,0.0
817,2,3.8559880330684164,5,1.1686086567245306,0.0
817,3,4.534866113639285,5,1.1686086567245306,0.0
817,4,4.822409691758663,5,1.1686086567245306,0.0
817,5,7.282670787887831,5,1.1686086567245306,3.3372173134490613
817,6,7.962339986745702,5,1.1686086567245306,3.3372173134490613
817,7,9.860149643836959,5,1.1686086567245306,3.3372173134490613
817,8,11.432941138559768,5,1.1686086567245306,3.3372173134490613
818,1,0.022066681788307452,5,2.5828868414852773,0.0
818,2,-0.04201719224744199,5,2.5828868414852773,0.0
818,3,1.0939916756723278,5,2.5828868414852773,0.0
818,4,0.23282979771612355,5,2.5828868414852773,0.0
818,5,9.34436805973657,5,2.5828868414852773,6.1657736829705545
818,6,8.722019047708134,5,2.5828868414852773,6.1657736829705545
818,7,8.365967689989558,5,2.5828868414852773,6.1657736829705545
818,8,9.36862943710723,5,2.5828868414852773,6.1657736829705545
819,1,-3.8960977034898514,5,3.7227717086240393,0.0
819,2,-1.5573914946094018,5,3.7227717086240393,0.0
819,3,-2.571301560873295,5,3.7227717086240393,0.0
819,4,-1.7136957253106428,5,3.7227717086240393,0.0
819,5,7.650208402473135,5,3.7227717086240393,8.445543417248079
819,6,6.8357153420573,5,3.7227717086240393,8.445543417248079
819,7,8.270191411957,5,3.7227717086240393,8.445543417248079
819,8,8.850917515216052,5,3.7227717086240393,8.445543417248079
820,1,-3.590106654708615,5,1.015037177776615,0.0
820,2,-1.283331344910384,5,1.015037177776615,0.0
820,3,-1.0817898986311332,5,1.015037177776615,0.0
820,4,-0.40606154157199736,5,1.015037177776615,0.0
820,5,3.0296762353558027,5,1.015037177776615,3.03007435555323
820,6,3.753216394815318,5,1.015037177776615,3.03007435555323
820,7,5.331389747541394,5,1.015037177776615,3.03007435555323
820,8,3.3145391097801262,5,1.015037177776615,3.03007435555323
821,1,-5.341504374761571,5,1.0577586328879593,0.0
821,2,-3.8327334102983146,5,1.0577586328879593,0.0
821,3,-3.51842617153324,5,1.0577586328879593,0.0
821,4,-3.039946485919067,5,1.0577586328879593,0.0
821,5,2.8697424421881053,5,1.0577586328879593,3.1155172657759187
821,6,1.2303007506314738,5,1.0577586328879593,3.1155172657759187
821,7,2.247103022769793,5,1.0577586328879593,3.1155172657759187
821,8,1.3090931676622595,5,1.0577586328879593,3.1155172657759187
822,1,-0.9611634484631073,5,3.21520837241505,0.0
822,2,0.21743149620054103,5,3.21520837241505,0.0
822,3,1.7437090967775792,5,3.21520837241505,0.0
822,4,1.9385767802633502,5,3.21520837241505,0.0
822,5,9.865417040863154,5,3.21520837241505,7.4304167448301
822,6,9.747821283467147,5,3.21520837241505,7.4304167448301
822,7,10.0883630514513,5,3.21520837241505,7.4304167448301
822,8,10.782308425970998,5,3.21520837241505,7.4304167448301
823,1,0.8477071956364461,5,1.4982953171987852,0.0
823,2,1.4639591736416513,5,1.4982953171987852,0.0
823,3,0.11699009580000563,5,1.4982953171987852,0.0
823,4,2.3855743049026827,5,1.4982953171987852,0.0
823,5,5.469101149112574,5,1.4982953171987852,3.9965906343975703
823,6,7.088744031709857,5,1.4982953171987852,3.9965906343975703
823,7,6.9278566374063155,5,1.4982953171987852,3.9965906343975703
823,8,9.185610929107789,5,1.4982953171987852,3.9965906343975703
824,1,-0.7670000485449411,5,3.3264667213065118,0.0
824,2,0.3296864213309877,5,3.3264667213065118,0.0
824,3,1.2576677379956323,5,3.3264667213065118,0.0
824,4,0.27711573031332226,5,3.3264667213065118,0.0
824,5,9.231150967622282,5,3.3264667213065118,7.6529334426130236
824,6,9.53742313842609,5,3.3264667213065118,7.6529334426130236
824,7,9.790194539643254,5,3.3264667213065118,7.6529334426130236
824,8,10.364285021565989,5,3.3264667213065118,7.6529334426130236
825,1,3.769772676196272,5,1.321453337326391,0.0
825,2,2.559207343299144,5,1.321453337326391,0.0
825,3,4.224165960731083,5,1.321453337326391,0.0
825,4,4.472353080090621,5,1.321453337326391,0.0
825,5,6.903684636937084,5,1.321453337326391,3.642906674652782
825,6,9.319834191138701,5,1.321453337326391,3.642906674652782
825,7,7.887151542954564,5,1.321453337326391,3.642906674652782
825,8,10.428756580877419,5,1.321453337326391,3.642906674652782
826,1,2.389848029902539,5,3.4127649145500576,0.0
826,2,3.405406926289839,5,3.4127649145500576,0.0
826,3,2.6027597234070483,5,3.4127649145500576,0.0
826,4,4.5194219966382025,5,3.4127649145500576,0.0
826,5,13.649519920104122,5,3.4127649145500576,7.825529829100115
826,6,12.415604074110881,5,3.4127649145500576,7.825529829100115
826,7,13.11540241598949,5,3.4127649145500576,7.825529829100115
826,8,14.677190525700992,5,3.4127649145500576,7.825529829100115
827,1,0.6388414769347168,5,1.760755376914974,0.0
827,2,-1.7749561451207292,5,1.760755376914974,0.0
827,3,3.1746295170705507,5,1.760755376914974,0.0
827,4,2.1877766368361087,5,1.760755376914974,0.0
827,5,7.377652569570687,5,1.760755376914974,4.521510753829948
827,6,7.0371934604557085,5,1.760755376914974,4.521510753829948
827,7,5.82538039856548,5,1.760755376914974,4.521510753829948
827,8,8.855455968367966,5,1.760755376914974,4.521510753829948
828,1,-4.334575363184598,5,1.875948525287251,0.0
828,2,-2.725455640770372,5,1.875948525287251,0.0
828,3,-2.988188405216441,5,1.875948525287251,0.0
828,4,-2.0313479558373344,5,1.875948525287251,0.0
828,5,2.207513334211546,5,1.875948525287251,4.751897050574502
828,6,4.346898658299722,5,1.875948525287251,4.751897050574502
828,7,2.7941306761631184,5,1.875948525287251,4.751897050574502
828,8,6.728079140959981,5,1.875948525287251,4.751897050574502
829,1,3.972511795971529,5,3.6051342530532158,0.0
829,2,3.8672627464510274,5,3.6051342530532158,0.0
829,3,4.010042146759027,5,3.6051342530532158,0.0
829,4,3.150014802750876,5,3.6051342530532158,0.0
829,5,13.111378372838157,5,3.6051342530532158,8.21026850610643
829,6,12.348655168814819,5,3.6051342530532158,8.21026850610643
829,7,11.39131412484564,5,3.6051342530532158,8.21026850610643
829,8,14.948033081121636,5,3.6051342530532158,8.21026850610643
830,1,2.7395449199396564,5,1.3759092169459508,0.0
830,2,2.0793813493617157,5,1.3759092169459508,0.0
830,3,1.3855361996860007,5,1.3759092169459508,0.0
830,4,2.524519780438177,5,1.3759092169459508,0.0
830,5,5.541393306021543,5,1.3759092169459508,3.7518184338919016
830,6,8.80761974352703,5,1.3759092169459508,3.7518184338919016
830,7,6.759229924044872,5,1.3759092169459508,3.7518184338919016
830,8,9.149369761055729,5,1.3759092169459508,3.7518184338919016
831,1,0.27508979253420174,5,1.0298765616870569,0.0
831,2,0.19207969531441327,5,1.0298765616870569,0.0
831,3,2.3571382335924618,5,1.0298765616870569,0.0
831,4,2.2849837550018584,5,1.0298765616870569,0.0
831,5,7.016725369113372,5,1.0298765616870569,3.0597531233741138
831,6,5.410930994959297,5,1.0298765616870569,3.0597531233741138
831,7,6.421221618214181,5,1.0298765616870569,3.0597531233741138
831,8,5.290894055197112,5,1.0298765616870569,3.0597531233741138
832,1,0.2786128162883088,5,1.3174761462887847,0.0
832,2,4.761151908594744,5,1.3174761462887847,0.0
832,3,5.546557742715901,5,1.3174761462887847,0.0
832,4,4.055685703840185,5,1.3174761462887847,0.0
832,5,7.27408302528729,5,1.3174761462887847,3.6349522925775695
832,6,8.299462865703694,5,1.3174761462887847,3.6349522925775695
832,7,9.971485993680165,5,1.3174761462887847,3.6349522925775695
832,8,9.083522771371754,5,1.3174761462887847,3.6349522925775695
833,1,-1.5920223258803907,5,2.067141996660694,0.0
833,2,-1.3424122434033297,5,2.067141996660694,0.0
833,3,-1.398468863004938,5,2.067141996660694,0.0
833,4,-0.8558489389139512,5,2.067141996660694,0.0
833,5,5.597948672084816,5,2.067141996660694,5.134283993321388
833,6,4.827739664011866,5,2.067141996660694,5.134283993321388
833,7,6.756357146022824,5,2.067141996660694,5.134283993321388
833,8,6.333048840750125,5,2.067141996660694,5.134283993321388
834,1,4.644878077018508,5,0.7536105652670223,0.0
834,2,6.401473338538836,5,0.7536105652670223,0.0
834,3,5.349318727143325,5,0.7536105652670223,0.0
834,4,6.93731511256227,5,0.7536105652670223,0.0
834,5,7.2326990470204935,5,0.7536105652670223,2.5072211305340444
834,6,9.054368889263728,5,0.7536105652670223,2.5072211305340444
834,7,10.052420523980395,5,0.7536105652670223,2.5072211305340444
834,8,12.448062582110783,5,0.7536105652670223,2.5072211305340444
835,1,-3.3788075895436265,5,2.2676304945668213,0.0
835,2,-1.015065368176513,5,2.2676304945668213,0.0
835,3,1.037833344632527,5,2.2676304945668213,0.0
835,4,-0.703875911550608,5,2.2676304945668213,0.0
835,5,5.903566672424236,5,2.2676304945668213,5.535260989133643
835,6,6.948144467905446,5,2.2676304945668213,5.535260989133643
835,7,7.300914036572687,5,2.2676304945668213,5.535260989133643
835,8,9.18217595830432,5,2.2676304945668213,5.535260989133643
836,1,2.446919664474941,5,1.2593734573147002,0.0
836,2,3.8262187499159284,5,1.2593734573147002,0.0
836,3,2.6384374970917976,5,1.2593734573147002,0.0
836,4,2.757920443151413,5,1.2593734573147002,0.0
836,5,7.291469576011474,5,1.2593734573147002,3.5187469146294004
836,6,6.858089675663507,5,1.2593734573147002,3.5187469146294004
836,7,9.000704465241204,5,1.2593734573147002,3.5187469146294004
836,8,8.631314656275864,5,1.2593734573147002,3.5187469146294004
837,1,-3.5464842888041788,5,2.9267902079358943,0.0
837,2,-1.8760369792057014,5,2.9267902079358943,0.0
837,3,-3.018411166800992,5,2.9267902079358943,0.0
837,4,-0.6041931749709089,5,2.9267902079358943,0.0
837,5,5.500547638553725,5,2.9267902079358943,6.853580415871789
837,6,7.63798147113927,5,2.9267902079358943,6.853580415871789
837,7,6.5861474488155185,5,2.9267902079358943,6.853580415871789
837,8,8.11079469360301,5,2.9267902079358943,6.853580415871789
838,1,-1.1809670007671957,5,0.4980124748108529,0.0
838,2,-0.1166275008256149,5,0.4980124748108529,0.0
838,3,-0.25058248239247444,5,0.4980124748108529,0.0
838,4,-1.5239267868833455,5,0.4980124748108529,0.0
838,5,3.6442891143237364,5,0.4980124748108529,1.996024949621706
838,6,3.047812652623697,5,0.4980124748108529,1.996024949621706
838,7,4.425011652436417,5,0.4980124748108529,1.996024949621706
838,8,4.825742051950461,5,0.4980124748108529,1.996024949621706
839,1,2.7594408124393306,5,1.1126194637597324,0.0
839,2,3.117941888275376,5,1.1126194637597324,0.0
839,3,5.188092394899677,5,1.1126194637597324,0.0
839,4,4.7294882640401585,5,1.1126194637597324,0.0
839,5,9.694405500436634,5,1.1126194637597324,3.225238927519465
839,6,9.079775278107114,5,1.1126194637597324,3.225238927519465
839,7,10.781385998418425,5,1.1126194637597324,3.225238927519465
839,8,10.68128070517924,5,1.1126194637597324,3.225238927519465
840,1,0.26617534771244866,5,0.7094721219974716,0.0
840,2,0.1041891552580258,5,0.7094721219974716,0.0
840,3,1.2106279680598169,5,0.7094721219974716,0.0
840,4,2.6710530689510095,5,0.7094721219974716,0.0
840,5,4.342929139329923,5,0.7094721219974716,2.418944243994943
840,6,5.428319041677099,5,0.7094721219974716,2.418944243994943
840,7,5.443504674242949,5,0.7094721219974716,2.418944243994943
840,8,6.021748640738665,5,0.7094721219974716,2.418944243994943
841,1,3.9032559672038944,5,1.0907715248508516,0.0
841,2,3.881575241305147,5,1.0907715248508516,0.0
841,3,3.259249025461314,5,1.0907715248508516,0.0
841,4,3.89429929820163,5,1.0907715248508516,0.0
841,5,6.65951775641633,5,1.0907715248508516,3.181543049701703
841,6,7.688416713702345,5,1.0907715248508516,3.181543049701703
841,7,8.670786047515914,5,1.0907715248508516,3.181543049701703
841,8,9.712001849536426,5,1.0907715248508516,3.181543049701703
842,1,1.7231316743494112,5,1.8660668938083118,0.0
842,2,0.36465172153398195,5,1.8660668938083118,0.0
842,3,2.9508935081171237,5,1.8660668938083118,0.0
842,4,2.385137098060939,5,1.8660668938083118,0.0
842,5,6.719053209377578,5,1.8660668938083118,4.732133787616624
842,6,9.542429302487037,5,1.8660668938083118,4.732133787616624
842,7,10.16932356179307,5,1.8660668938083118,4.732133787616624
842,8,9.469791547395776,5,1.8660668938083118,4.732133787616624
843,1,0.9988772899048896,5,1.5074005650458155,0.0
843,2,1.5575328967440867,5,1.5074005650458155,0.0
843,3,2.6858558408119055,5,1.5074005650458155,0.0
843,4,2.51815221343138,5,1.5074005650458155,0.0
843,5,4.9771965406527165,5,1.5074005650458155,4.014801130091631
843,6,8.814692567062412,5,1.5074005650458155,4.014801130091631
843,7,8.370541707571329,5,1.5074005650458155,4.014801130091631
843,8,7.295360612818521,5,1.5074005650458155,4.014801130091631
844,1,2.1980755775079697,5,1.452536321352567,0.0
844,2,4.232514080269463,5,1.452536321352567,0.0
844,3,3.9494406114978005,5,1.452536321352567,0.0
844,4,5.057696003864339,5,1.452536321352567,0.0
844,5,9.876180133848777,5,1.452536321352567,3.905072642705134
844,6,9.066331404573718,5,1.452536321352567,3.905072642705134
844,7,9.016665299886176,5,1.452536321352567,3.905072642705134
844,8,11.018591760442492,5,1.452536321352567,3.905072642705134
845,1,-0.5067055045807742,5,1.5225819792525268,0.0
845,2,0.6727781364285974,5,1.5225819792525268,0.0
845,3,-0.3166440862660653,5,1.5225819792525268,0.0
845,4,1.2744996262215618,5,1.5225819792525268,0.0
845,5,6.7867982002412495,5,1.5225819792525268,4.045163958505054
845,6,7.17777881684805,5,1.5225819792525268,4.045163958505054
845,7,6.2834883383279845,5,1.5225819792525268,4.045163958505054
845,8,6.4035819398832015,5,1.5225819792525268,4.045163958505054
846,1,-3.0457125253751487,5,1.8252083051148646,0.0
846,2,-2.0004434181075323,5,1.8252083051148646,0.0
846,3,-1.65630107493439,5,1.8252083051148646,0.0
846,4,-2.073636059488251,5,1.8252083051148646,0.0
846,5,3.886764837589392,5,1.8252083051148646,4.65041661022973
846,6,5.5912958663787835,5,1.8252083051148646,4.65041661022973
846,7,4.794085082411816,5,1.8252083051148646,4.65041661022973
846,8,3.4557924592841687,5,1.8252083051148646,4.65041661022973
847,1,-0.903279845802768,5,0.9957410740860533,0.0
847,2,1.437476787309199,5,0.9957410740860533,0.0
847,3,-1.3938709970190057,5,0.9957410740860533,0.0
847,4,0.42324447792561193,5,0.9957410740860533,0.0
847,5,3.658666531236562,5,0.9957410740860533,2.9914821481721066
847,6,4.48088492354376,5,0.9957410740860533,2.9914821481721066
847,7,5.079254117422469,5,0.9957410740860533,2.9914821481721066
847,8,6.524973950331621,5,0.9957410740860533,2.9914821481721066
848,1,1.687166743804199,5,2.3476734593080835,0.0
848,2,3.3796430146154357,5,2.3476734593080835,0.0
848,3,2.4847277986169063,5,2.3476734593080835,0.0
848,4,2.7522466834287553,5,2.3476734593080835,0.0
848,5,8.62854739298095,5,2.3476734593080835,5.695346918616167
848,6,7.980643346899402,5,2.3476734593080835,5.695346918616167
848,7,10.573511787945396,5,2.3476734593080835,5.695346918616167
848,8,12.851730664491399,5,2.3476734593080835,5.695346918616167
849,1,1.7492536900108775,5,2.2963777385339434,0.0
849,2,2.4777655668866956,5,2.2963777385339434,0.0
849,3,1.8779868877105614,5,2.2963777385339434,0.0
849,4,2.546684821451346,5,2.2963777385339434,0.0
849,5,9.868415178126167,5,2.2963777385339434,5.592755477067887
849,6,11.392467330082724,5,2.2963777385339434,5.592755477067887
849,7,11.371721625589723,5,2.2963777385339434,5.592755477067887
849,8,11.189018319520926,5,2.2963777385339434,5.592755477067887
850,1,-2.5989659210803673,5,1.9987439711035622,0.0
850,2,-1.924397586203553,5,1.9987439711035622,0.0
850,3,-2.387623819899131,5,1.9987439711035622,0.0
850,4,-2.5822840217735337,5,1.9987439711035622,0.0
850,5,3.2365730839763067,5,1.9987439711035622,4.997487942207124
850,6,4.913171476258185,5,1.9987439711035622,4.997487942207124
850,7,5.07137918030957,5,1.9987439711035622,4.997487942207124
850,8,4.393929737016563,5,1.9987439711035622,4.997487942207124
851,1,-0.9860084178661382,5,2.177694441207601,0.0
851,2,-0.7671153632823471,5,2.177694441207601,0.0
851,3,-1.1215338941004824,5,2.177694441207601,0.0
851,4,0.18113595056352738,5,2.177694441207601,0.0
851,5,6.085750842882455,5,2.177694441207601,5.355388882415202
851,6,6.290066703674333,5,2.177694441207601,5.355388882415202
851,7,8.33337400837474,5,2.177694441207601,5.355388882415202
851,8,6.003802281505488,5,2.177694441207601,5.355388882415202
852,1,-2.649241689115464,5,1.9121131665509217,0.0
852,2,-0.16015691395540138,5,1.9121131665509217,0.0
852,3,0.4326844909878127,5,1.9121131665509217,0.0
852,4,1.2407724376144802,5,1.9121131665509217,0.0
852,5,5.621810126418256,5,1.9121131665509217,4.824226333101843
852,6,5.742859829605019,5,1.9121131665509217,4.824226333101843
852,7,7.153467502002403,5,1.9121131665509217,4.824226333101843
852,8,7.2192054993493535,5,1.9121131665509217,4.824226333101843
853,1,1.3201322164272442,5,4.56097607139643,0.0
853,2,-0.05516643815364186,5,4.56097607139643,0.0
853,3,0.715875660054472,5,4.56097607139643,0.0
853,4,3.7444789513694925,5,4.56097607139643,0.0
853,5,11.696252727833723,5,4.56097607139643,10.12195214279286
853,6,12.947169819763502,5,4.56097607139643,10.12195214279286
853,7,13.537322387950763,5,4.56097607139643,10.12195214279286
853,8,14.122414598282624,5,4.56097607139643,10.12195214279286
854,1,-1.9623399117918505,5,1.5784650925811758,0.0
854,2,-1.5579863827925933,5,1.5784650925811758,0.0
854,3,-1.1514928873659867,5,1.5784650925811758,0.0
854,4,-1.327821079436876,5,1.5784650925811758,0.0
854,5,4.230621810798517,5,1.5784650925811758,4.156930185162352
854,6,6.433748845383841,5,1.5784650925811758,4.156930185162352
854,7,6.115784916922807,5,1.5784650925811758,4.156930185162352
854,8,5.7090210301838855,5,1.5784650925811758,4.156930185162352
855,1,0.09908758186703293,5,1.4140506551359926,0.0
855,2,-1.1259181249696093,5,1.4140506551359926,0.0
855,3,-0.017254370438675948,5,1.4140506551359926,0.0
855,4,1.691107627945098,5,1.4140506551359926,0.0
855,5,6.55852628749122,5,1.4140506551359926,3.828101310271985
855,6,4.80049292193765,5,1.4140506551359926,3.828101310271985
855,7,5.58777078460987,5,1.4140506551359926,3.828101310271985
855,8,8.752734887911565,5,1.4140506551359926,3.828101310271985
856,1,-0.8609597207500824,5,1.1311515785058621,0.0
856,2,1.3661410021813238,5,1.1311515785058621,0.0
856,3,0.2496363467567376,5,1.1311515785058621,0.0
856,4,0.7889593118063803,5,1.1311515785058621,0.0
856,5,3.999591298832772,5,1.1311515785058621,3.2623031570117242
856,6,5.747637328002899,5,1.1311515785058621,3.2623031570117242
856,7,6.662859736796669,5,1.1311515785058621,3.2623031570117242
856,8,4.770079956351802,5,1.1311515785058621,3.2623031570117242
857,1,1.690615967303402,5,0.983998077896587,0.0
857,2,3.458145043898059,5,0.983998077896587,0.0
857,3,2.913517881739511,5,0.983998077896587,0.0
857,4,3.0496810509906283,5,0.983998077896587,0.0
857,5,8.020604829186414,5,0.983998077896587,2.967996155793174
857,6,8.614515880029524,5,0.983998077896587,2.967996155793174
857,7,7.561420584644874,5,0.983998077896587,2.967996155793174
857,8,8.723429203304958,5,0.983998077896587,2.967996155793174
858,1,0.9097678260762545,5,0.8849395921154372,0.0
858,2,1.7227617115017884,5,0.8849395921154372,0.0
858,3,3.2424078541138677,5,0.8849395921154372,0.0
858,4,3.649649409560331,5,0.8849395921154372,0.0
858,5,5.921245714480727,5,0.8849395921154372,2.7698791842308745
858,6,6.672147881485786,5,0.8849395921154372,2.7698791842308745
858,7,6.823077436255802,5,0.8849395921154372,2.7698791842308745
858,8,8.843181663124572,5,0.8849395921154372,2.7698791842308745
859,1,-1.759260112869532,5,1.0571761494527936,0.0
859,2,-0.3031981457378281,5,1.0571761494527936,0.0
859,3,-0.654562464009953,5,1.0571761494527936,0.0
859,4,2.1273996876803487,5,1.0571761494527936,0.0
859,5,3.519997832673254,5,1.0571761494527936,3.114352298905587
859,6,5.8544605812634956,5,1.0571761494527936,3.114352298905587
859,7,7.962255398475378,5,1.0571761494527936,3.114352298905587
859,8,8.496165363998857,5,1.0571761494527936,3.114352298905587
860,1,-2.089987160920284,5,1.591472692376418,0.0
860,2,0.5143300098894927,5,1.591472692376418,0.0
860,3,-0.2730508881219177,5,1.591472692376418,0.0
860,4,0.02278437254827881,5,1.591472692376418,0.0
860,5,5.785395838621299,5,1.591472692376418,4.182945384752836
860,6,7.627156949944498,5,1.591472692376418,4.182945384752836
860,7,7.498524667231731,5,1.591472692376418,4.182945384752836
860,8,6.683724864528492,5,1.591472692376418,4.182945384752836
861,1,1.4848826214882291,5,1.948670926900783,0.0
861,2,-0.9638597078034525,5,1.948670926900783,0.0
861,3,1.0269028256449864,5,1.948670926900783,0.0
861,4,1.455957079376976,5,1.948670926900783,0.0
861,5,7.755511169618723,5,1.948670926900783,4.897341853801565
861,6,7.974362514219792,5,1.948670926900783,4.897341853801565
861,7,8.535719384259908,5,1.948670926900783,4.897341853801565
861,8,9.002470947773652,5,1.948670926900783,4.897341853801565
862,1,-1.110742973922063,5,1.6914244255316995,0.0
862,2,-0.09301924795292615,5,1.6914244255316995,0.0
862,3,0.016180811191232963,5,1.6914244255316995,0.0
862,4,0.08249796848429175,5,1.6914244255316995,0.0
862,5,5.651446915957031,5,1.6914244255316995,4.3828488510633985
862,6,6.575822179805012,5,1.6914244255316995,4.3828488510633985
862,7,5.69367274542962,5,1.6914244255316995,4.3828488510633985
862,8,6.690295905479573,5,1.6914244255316995,4.3828488510633985
863,1,-0.6317576012882955,5,1.1243806618748222,0.0
863,2,-2.3964248416022382,5,1.1243806618748222,0.0
863,3,1.011038031921062,5,1.1243806618748222,0.0
863,4,-1.6328191390744573,5,1.1243806618748222,0.0
863,5,3.109732548210026,5,1.1243806618748222,3.2487613237496444
863,6,3.0049071625387507,5,1.1243806618748222,3.2487613237496444
863,7,6.64302415628414,5,1.1243806618748222,3.2487613237496444
863,8,4.451747130567611,5,1.1243806618748222,3.2487613237496444
864,1,-1.8812835743799665,5,2.5859482848106876,0.0
864,2,-1.251191157791353,5,2.5859482848106876,0.0
864,3,-0.2848396099574836,5,2.5859482848106876,0.0
864,4,-0.20888419675594488,5,2.5859482848106876,0.0
864,5,6.658567347147542,5,2.5859482848106876,6.171896569621375
864,6,3.762244198746204,5,2.5859482848106876,6.171896569621375
864,7,7.848613987771769,5,2.5859482848106876,6.171896569621375
864,8,8.309260773256586,5,2.5859482848106876,6.171896569621375
865,1,0.2689424694694802,5,2.386210007006235,0.0
865,2,1.0394346203364886,5,2.386210007006235,0.0
865,3,0.04266561066528907,5,2.386210007006235,0.0
865,4,1.546602753731042,5,2.386210007006235,0.0
865,5,5.901224905624749,5,2.386210007006235,5.77242001401247
865,6,8.270136028765661,5,2.386210007006235,5.77242001401247
865,7,7.430317886934979,5,2.386210007006235,5.77242001401247
865,8,7.318096217939502,5,2.386210007006235,5.77242001401247
866,1,-2.0125362777885925,5,1.5222292104425412,0.0
866,2,0.07352484761323708,5,1.5222292104425412,0.0
866,3,-0.6459420628536954,5,1.5222292104425412,0.0
866,4,1.169540548093838,5,1.5222292104425412,0.0
866,5,3.4687781074847357,5,1.5222292104425412,4.044458420885082
866,6,5.76536192584853,5,1.5222292104425412,4.044458420885082
866,7,4.565350784063595,5,1.5222292104425412,4.044458420885082
866,8,5.9428394927897426,5,1.5222292104425412,4.044458420885082
867,1,1.0408019467851644,5,1.1895105591274675,0.0
867,2,1.985610852049922,5,1.1895105591274675,0.0
867,3,2.074859738037077,5,1.1895105591274675,0.0
867,4,1.5849345803039323,5,1.1895105591274675,0.0
867,5,7.083447188473249,5,1.1895105591274675,3.379021118254935
867,6,8.434796830706079,5,1.1895105591274675,3.379021118254935
867,7,6.619336814124566,5,1.1895105591274675,3.379021118254935
867,8,5.867908159935652,5,1.1895105591274675,3.379021118254935
868,1,2.4587509159212053,5,2.1688866262318127,0.0
868,2,2.128250953515268,5,2.1688866262318127,0.0
868,3,2.8283284916121203,5,2.1688866262318127,0.0
868,4,4.015609103298429,5,2.1688866262318127,0.0
868,5,8.840812170205444,5,2.1688866262318127,5.337773252463625
868,6,9.528352628687372,5,2.1688866262318127,5.337773252463625
868,7,10.197085083094457,5,2.1688866262318127,5.337773252463625
868,8,12.266958538016059,5,2.1688866262318127,5.337773252463625
869,1,-2.644126997482902,5,1.8111949009653863,0.0
869,2,-3.409870182411444,5,1.8111949009653863,0.0
869,3,-2.870075082737599,5,1.8111949009653863,0.0
869,4,-1.0349666799368824,5,1.8111949009653863,0.0
869,5,2.81876519964331,5,1.8111949009653863,4.6223898019307725
869,6,2.885889713410128,5,1.8111949009653863,4.6223898019307725
869,7,5.5837291912683,5,1.8111949009653863,4.6223898019307725
869,8,6.132691603202934,5,1.8111949009653863,4.6223898019307725
870,1,0.1821208885382134,5,0.799264275799221,0.0
870,2,1.3439167135837757,5,0.799264275799221,0.0
870,3,1.7383790666275671,5,0.799264275799221,0.0
870,4,2.6526768084011523,5,0.799264275799221,0.0
870,5,5.753535877970308,5,0.799264275799221,2.598528551598442
870,6,3.042997386503283,5,0.799264275799221,2.598528551598442
870,7,5.908287015548114,5,0.799264275799221,2.598528551598442
870,8,7.166690162208642,5,0.799264275799221,2.598528551598442
871,1,-0.35032818157168566,5,1.5936227315268625,0.0
871,2,0.5963310487271556,5,1.5936227315268625,0.0
871,3,1.8108283911454064,5,1.5936227315268625,0.0
871,4,1.6410536427194913,5,1.5936227315268625,0.0
871,5,7.755293289755921,5,1.5936227315268625,4.187245463053725
871,6,7.874360124802175,5,1.5936227315268625,4.187245463053725
871,7,7.12880971954962,5,1.5936227315268625,4.187245463053725
871,8,7.549327701796275,5,1.5936227315268625,4.187245463053725
872,1,-1.6673067341277588,5,1.8795227834654613,0.0
872,2,1.3565151741830799,5,1.8795227834654613,0.0
872,3,0.8297484783630795,5,1.8795227834654613,0.0
872,4,2.9042469130742288,5,1.8795227834654613,0.0
872,5,8.09493364912453,5,1.8795227834654613,4.759045566930922
872,6,9.137918694031306,5,1.8795227834654613,4.759045566930922
872,7,10.33873340995272,5,1.8795227834654613,4.759045566930922
872,8,9.415793508332559,5,1.8795227834654613,4.759045566930922
873,1,2.7545387757160196,5,1.0514315396899034,0.0
873,2,1.2065739090127279,5,1.0514315396899034,0.0
873,3,0.16390607007619096,5,1.0514315396899034,0.0
873,4,1.4120505886827042,5,1.0514315396899034,0.0
873,5,5.204238842864809,5,1.0514315396899034,3.102863079379807
873,6,6.66911269432601,5,1.0514315396899034,3.102863079379807
873,7,5.629735642943331,5,1.0514315396899034,3.102863079379807
873,8,6.779009660363235,5,1.0514315396899034,3.102863079379807
874,1,-2.5682388406593484,5,1.8128889837023074,0.0
874,2,-2.3553193675188053,5,1.8128889837023074,0.0
874,3,-0.5957831781835433,5,1.8128889837023074,0.0
874,4,-0.2658771713979059,5,1.8128889837023074,0.0
874,5,5.385146542645312,5,1.8128889837023074,4.625777967404614
874,6,4.3875542264301535,5,1.8128889837023074,4.625777967404614
874,7,6.421106975189255,5,1.8128889837023074,4.625777967404614
874,8,4.3545823215643065,5,1.8128889837023074,4.625777967404614
875,1,-3.413162898704188,5,0.7965931218711938,0.0
875,2,-2.738580283805544,5,0.7965931218711938,0.0
875,3,-1.0155669050822413,5,0.7965931218711938,0.0
875,4,0.6775995188634247,5,0.7965931218711938,0.0
875,5,1.9662655653884262,5,0.7965931218711938,2.5931862437423874
875,6,2.5917142410636194,5,0.7965931218711938,2.5931862437423874
875,7,3.352389690718719,5,0.7965931218711938,2.5931862437423874
875,8,4.641235769415712,5,0.7965931218711938,2.5931862437423874
876,1,0.08122184781537162,5,3.215854314284901,0.0
876,2,0.5254301932534442,5,3.215854314284901,0.0
876,3,0.2134518878122551,5,3.215854314284901,0.0
876,4,1.4871260399928246,5,3.215854314284901,0.0
876,5,11.16801753267508,5,3.215854314284901,7.431708628569802
876,6,10.581481788218223,5,3.215854314284901,7.431708628569802
876,7,10.250701269491833,5,3.215854314284901,7.431708628569802
876,8,12.726699752468681,5,3.215854314284901,7.431708628569802
877,1,1.9723483374308315,5,3.0770612211850805,0.0
877,2,4.477517418973484,5,3.0770612211850805,0.0
877,3,4.961168817391119,5,3.0770612211850805,0.0
877,4,4.113573465865687,5,3.0770612211850805,0.0
877,5,10.213134754489491,5,3.0770612211850805,7.154122442370161
877,6,14.501184897206935,5,3.0770612211850805,7.154122442370161
877,7,13.098960338125725,5,3.0770612211850805,7.154122442370161
877,8,12.88779725714059,5,3.0770612211850805,7.154122442370161
878,1,-2.97224682731095,5,1.4531612167655146,0.0
878,2,-2.7260719550646586,5,1.4531612167655146,0.0
878,3,-1.6174363921995654,5,1.4531612167655146,0.0
878,4,-3.090722530765902,5,1.4531612167655146,0.0
878,5,2.296421104219416,5,1.4531612167655146,3.906322433531029
878,6,1.2920774612000865,5,1.4531612167655146,3.906322433531029
878,7,3.6442820871862573,5,1.4531612167655146,3.906322433531029
878,8,3.455002321817836,5,1.4531612167655146,3.906322433531029
879,1,1.4724624150899719,5,1.9772898983459133,0.0
879,2,1.5451034357626896,5,1.9772898983459133,0.0
879,3,1.9404643390147989,5,1.9772898983459133,0.0
879,4,1.8232219855884462,5,1.9772898983459133,0.0
879,5,8.93646317097922,5,1.9772898983459133,4.954579796691826
879,6,10.135736993036424,5,1.9772898983459133,4.954579796691826
879,7,8.5893645973849,5,1.9772898983459133,4.954579796691826
879,8,10.19957346126608,5,1.9772898983459133,4.954579796691826
880,1,3.3114276352355287,5,0.49412785331592923,0.0
880,2,3.387341821924145,5,0.49412785331592923,0.0
880,3,2.3526482772105695,5,0.49412785331592923,0.0
880,4,3.077646659464694,5,0.49412785331592923,0.0
880,5,6.086517766055574,5,0.49412785331592923,1.9882557066318585
880,6,5.228494993635213,5,0.49412785331592923,1.9882557066318585
880,7,9.27553044711276,5,0.49412785331592923,1.9882557066318585
880,8,8.73520294638686,5,0.49412785331592923,1.9882557066318585
881,1,0.16398719918845203,5,0.9248036538285375,0.0
881,2,-1.4962875716802548,5,0.9248036538285375,0.0
881,3,-0.6299226074328266,5,0.9248036538285375,0.0
881,4,1.6916068594006155,5,0.9248036538285375,0.0
881,5,7.014045520728625,5,0.9248036538285375,2.8496073076570747
881,6,4.844911359371567,5,0.9248036538285375,2.8496073076570747
881,7,6.9073535696570865,5,0.9248036538285375,2.8496073076570747
881,8,6.0636531475696875,5,0.9248036538285375,2.8496073076570747
882,1,1.6556442513417482,5,1.4234884870461468,0.0
882,2,3.3150888409458137,5,1.4234884870461468,0.0
882,3,2.2544533618863376,5,1.4234884870461468,0.0
882,4,2.4103000840007485,5,1.4234884870461468,0.0
882,5,8.86545252026994,5,1.4234884870461468,3.8469769740922937
882,6,7.992939787258771,5,1.4234884870461468,3.8469769740922937
882,7,9.538587056731338,5,1.4234884870461468,3.8469769740922937
882,8,8.262133072760488,5,1.4234884870461468,3.8469769740922937
883,1,0.5005360471653715,5,0.9645761367025808,0.0
883,2,-0.13251088726099336,5,0.9645761367025808,0.0
883,3,0.5286494644190542,5,0.9645761367025808,0.0
883,4,0.7254911496335703,5,0.9645761367025808,0.0
883,5,3.517539129613056,5,0.9645761367025808,2.929152273405162
883,6,4.521331301114586,5,0.9645761367025808,2.929152273405162
883,7,4.580423873620191,5,0.9645761367025808,2.929152273405162
883,8,6.482560174254343,5,0.9645761367025808,2.929152273405162
884,1,0.05821043437758405,5,2.3565489542832037,0.0
884,2,-0.7352396263476532,5,2.3565489542832037,0.0
884,3,-0.4181561335430375,5,2.3565489542832037,0.0
884,4,0.03454944912582181,5,2.3565489542832037,0.0
884,5,8.592336267566594,5,2.3565489542832037,5.713097908566407
884,6,7.32286119863921,5,2.3565489542832037,5.713097908566407
884,7,9.274451285851221,5,2.3565489542832037,5.713097908566407
884,8,9.610940027504068,5,2.3565489542832037,5.713097908566407
885,1,-2.80653563152608,5,4.475635108635348,0.0
885,2,-1.8034218332339336,5,4.475635108635348,0.0
885,3,-1.583523499525777,5,4.475635108635348,0.0
885,4,-3.951556779397253,5,4.475635108635348,0.0
885,5,8.885817939805904,5,4.475635108635348,9.951270217270697
885,6,10.134546314717824,5,4.475635108635348,9.951270217270697
885,7,11.849725991409391,5,4.475635108635348,9.951270217270697
885,8,12.39590079723689,5,4.475635108635348,9.951270217270697
886,1,-5.551837130423005,5,0.9154794519730984,0.0
886,2,-4.038411916150521,5,0.9154794519730984,0.0
886,3,-4.754801430545745,5,0.9154794519730984,0.0
886,4,-1.1688015417276647,5,0.9154794519730984,0.0
886,5,1.655128495257,5,0.9154794519730984,2.830958903946197
886,6,1.4928601739716238,5,0.9154794519730984,2.830958903946197
886,7,1.8083671483686592,5,0.9154794519730984,2.830958903946197
886,8,3.5229033874579234,5,0.9154794519730984,2.830958903946197
887,1,3.5968567972106893,5,1.0846618700954334,0.0
887,2,4.043576299106672,5,1.0846618700954334,0.0
887,3,3.8422114622328096,5,1.0846618700954334,0.0
887,4,3.5363033029363877,5,1.0846618700954334,0.0
887,5,8.321980174658975,5,1.0846618700954334,3.1693237401908667
887,6,8.870897247896531,5,1.0846618700954334,3.1693237401908667
887,7,8.364217873049457,5,1.0846618700954334,3.1693237401908667
887,8,8.703606423807175,5,1.0846618700954334,3.1693237401908667
888,1,-0.33667658589067395,5,1.8547022743121742,0.0
888,2,0.6941262533207229,5,1.8547022743121742,0.0
888,3,-1.21938563636365,5,1.8547022743121742,0.0
888,4,-0.2333665308968581,5,1.8547022743121742,0.0
888,5,5.590347769630163,5,1.8547022743121742,4.709404548624349
888,6,6.226013690924075,5,1.8547022743121742,4.709404548624349
888,7,5.717048333934171,5,1.8547022743121742,4.709404548624349
888,8,8.62293532351951,5,1.8547022743121742,4.709404548624349
889,1,0.011039575538310142,5,3.6897476723959706,0.0
889,2,0.6203277184636918,5,3.6897476723959706,0.0
889,3,2.3478283915048928,5,3.6897476723959706,0.0
889,4,0.6398826847485488,5,3.6897476723959706,0.0
889,5,9.880007778342803,5,3.6897476723959706,8.379495344791941
889,6,9.21511742576345,5,3.6897476723959706,8.379495344791941
889,7,10.796089182531501,5,3.6897476723959706,8.379495344791941
889,8,9.979512130849717,5,3.6897476723959706,8.379495344791941
890,1,-1.5250351523472143,5,0.8947712712036884,0.0
890,2,-1.3528877564703943,5,0.8947712712036884,0.0
890,3,-1.5499538135789266,5,0.8947712712036884,0.0
890,4,-0.8733082143582342,5,0.8947712712036884,0.0
890,5,3.278124451055981,5,0.8947712712036884,2.7895425424073768
890,6,1.8808619489770924,5,0.8947712712036884,2.7895425424073768
890,7,3.7208259033195135,5,0.8947712712036884,2.7895425424073768
890,8,4.716167842325735,5,0.8947712712036884,2.7895425424073768
891,1,-4.102213483574993,5,1.8673457940597367,0.0
891,2,-1.1350014004657323,5,1.8673457940597367,0.0
891,3,-2.9940018694293187,5,1.8673457940597367,0.0
891,4,-0.9375338900192842,5,1.8673457940597367,0.0
891,5,3.2513610778564948,5,1.8673457940597367,4.734691588119473
891,6,6.345998761241736,5,1.8673457940597367,4.734691588119473
891,7,4.257631127799374,5,1.8673457940597367,4.734691588119473
891,8,4.264562289986339,5,1.8673457940597367,4.734691588119473
892,1,0.2856767414070829,5,4.0986162855031765,0.0
892,2,0.2386216197899444,5,4.0986162855031765,0.0
892,3,-0.3522806288531657,5,4.0986162855031765,0.0
892,4,2.178139798965617,5,4.0986162855031765,0.0
892,5,9.358058108367441,5,4.0986162855031765,9.197232571006353
892,6,10.813316198233995,5,4.0986162855031765,9.197232571006353
892,7,11.774338900396335,5,4.0986162855031765,9.197232571006353
892,8,13.65177956297226,5,4.0986162855031765,9.197232571006353
893,1,0.336313978741859,5,0.7218921167126833,0.0
893,2,0.6436278590562798,5,0.7218921167126833,0.0
893,3,-0.11242817873352573,5,0.7218921167126833,0.0
893,4,-1.8864626330664491,5,0.7218921167126833,0.0
893,5,3.875482866372632,5,0.7218921167126833,2.4437842334253665
893,6,5.455203584378687,5,0.7218921167126833,2.4437842334253665
893,7,5.718420252967642,5,0.7218921167126833,2.4437842334253665
893,8,5.4475788548977935,5,0.7218921167126833,2.4437842334253665
894,1,0.06643923165094434,5,0.8688935977199344,0.0
894,2,1.230634992360982,5,0.8688935977199344,0.0
894,3,4.189756394735071,5,0.8688935977199344,0.0
894,4,1.339212461325263,5,0.8688935977199344,0.0
894,5,4.84588796327888,5,0.8688935977199344,2.7377871954398687
894,6,7.436280742594549,5,0.8688935977199344,2.7377871954398687
894,7,6.5625699466237375,5,0.8688935977199344,2.7377871954398687
894,8,6.311974069224643,5,0.8688935977199344,2.7377871954398687
895,1,2.9330480166821995,5,1.3340196756794833,0.0
895,2,2.3661328161043236,5,1.3340196756794833,0.0
895,3,2.023275673582006,5,1.3340196756794833,0.0
895,4,1.7593020020596686,5,1.3340196756794833,0.0
895,5,9.120522753178088,5,1.3340196756794833,3.6680393513589666
895,6,7.548664370571544,5,1.3340196756794833,3.6680393513589666
895,7,9.470444251787645,5,1.3340196756794833,3.6680393513589666
895,8,9.46674973392759,5,1.3340196756794833,3.6680393513589666
896,1,0.6207977309859801,5,1.2708751956627944,0.0
896,2,1.128758177659433,5,1.2708751956627944,0.0
896,3,3.588014190583134,5,1.2708751956627944,0.0
896,4,4.104216625269192,5,1.2708751956627944,0.0
896,5,4.806533707854069,5,1.2708751956627944,3.5417503913255888
896,6,7.733229944956996,5,1.2708751956627944,3.5417503913255888
896,7,7.562234879251184,5,1.2708751956627944,3.5417503913255888
896,8,7.150126521036297,5,1.2708751956627944,3.5417503913255888
897,1,1.2389476765740848,5,2.4751491179359904,0.0
897,2,0.12760479087049292,5,2.4751491179359904,0.0
897,3,1.5107462272107872,5,2.4751491179359904,0.0
897,4,1.67872784908692,5,2.4751491179359904,0.0
897,5,8.42770855357287,5,2.4751491179359904,5.950298235871981
897,6,9.356021324066877,5,2.4751491179359904,5.950298235871981
897,7,8.911933155823382,5,2.4751491179359904,5.950298235871981
897,8,12.000678846602167,5,2.4751491179359904,5.950298235871981
898,1,4.148819643257898,5,1.8604713319733597,0.0
898,2,5.950099438245828,5,1.8604713319733597,0.0
898,3,4.495456440785754,5,1.8604713319733597,0.0
898,4,4.606746447566664,5,1.8604713319733597,0.0
898,5,12.13489468830352,5,1.8604713319733597,4.720942663946719
898,6,10.298419333936508,5,1.8604713319733597,4.720942663946719
898,7,11.198187051821368,5,1.8604713319733597,4.720942663946719
898,8,12.596526484307805,5,1.8604713319733597,4.720942663946719
899,1,-2.87291334638705,5,0.6787645104135003,0.0
899,2,-0.42389285329612203,5,0.6787645104135003,0.0
899,3,-0.051840471925169385,5,0.6787645104135003,0.0
899,4,1.1341377799480605,5,0.6787645104135003,0.0
899,5,3.6123859857473697,5,0.6787645104135003,2.3575290208270006
899,6,4.5223198356148,5,0.6787645104135003,2.3575290208270006
899,7,3.6119195822288184,5,0.6787645104135003,2.3575290208270006
899,8,3.3596711640301677,5,0.6787645104135003,2.3575290208270006
900,1,2.500115681677527,5,2.1333749332117553,0.0
900,2,-0.6365653479278024,5,2.1333749332117553,0.0
900,3,-0.03638281127964338,5,2.1333749332117553,0.0
900,4,2.4552583081029957,5,2.1333749332117553,0.0
900,5,9.281866182195024,5,2.1333749332117553,5.266749866423511
900,6,8.34643097993184,5,2.1333749332117553,5.266749866423511
900,7,9.656183833719881,5,2.1333749332117553,5.266749866423511
900,8,7.161077406545717,5,2.1333749332117553,5.266749866423511
901,1,2.2658346788580404,5,1.235197104736343,0.0
901,2,1.3914318338959184,5,1.235197104736343,0.0
901,3,4.545790599267837,5,1.235197104736343,0.0
901,4,2.718148314450163,5,1.235197104736343,0.0
901,5,6.957955004479216,5,1.235197104736343,3.470394209472686
901,6,9.249799055473266,5,1.235197104736343,3.470394209472686
901,7,10.297598202529592,5,1.235197104736343,3.470394209472686
901,8,9.576805742282648,5,1.235197104736343,3.470394209472686
902,1,3.5992521227845824,5,3.118099271949932,0.0
902,2,4.0668677855491655,5,3.118099271949932,0.0
902,3,3.813652759233601,5,3.118099271949932,0.0
902,4,3.4343741357898248,5,3.118099271949932,0.0
902,5,12.83016956946058,5,3.118099271949932,7.236198543899864
902,6,13.37837385335102,5,3.118099271949932,7.236198543899864
902,7,14.159302565666195,5,3.118099271949932,7.236198543899864
902,8,14.077344586654835,5,3.118099271949932,7.236198543899864
903,1,-3.512027212168472,5,1.2046706761408463,0.0
903,2,-1.1531871373199656,5,1.2046706761408463,0.0
903,3,-1.344908378917487,5,1.2046706761408463,0.0
903,4,-1.3262647430124888,5,1.2046706761408463,0.0
903,5,2.7711782163988348,5,1.2046706761408463,3.4093413522816927
903,6,2.875556875202167,5,1.2046706761408463,3.4093413522816927
903,7,4.954657832446976,5,1.2046706761408463,3.4093413522816927
903,8,3.1476993200125265,5,1.2046706761408463,3.4093413522816927
904,1,-1.1181968181181583,5,1.1992451994704365,0.0
904,2,0.046516232016565406,5,1.1992451994704365,0.0
904,3,2.48903996492726,5,1.1992451994704365,0.0
904,4,2.4295696657811092,5,1.1992451994704365,0.0
904,5,3.6329387123819075,5,1.1992451994704365,3.398490398940873
904,6,7.125126604381619,5,1.1992451994704365,3.398490398940873
904,7,7.623199732612817,5,1.1992451994704365,3.398490398940873
904,8,5.59977118960649,5,1.1992451994704365,3.398490398940873
905,1,0.6947839211380757,5,2.1609886069733464,0.0
905,2,3.6440205693872785,5,2.1609886069733464,0.0
905,3,5.338666601034343,5,2.1609886069733464,0.0
905,4,6.307504161534723,5,2.1609886069733464,0.0
905,5,9.667392141319963,5,2.1609886069733464,5.321977213946693
905,6,12.79019851034418,5,2.1609886069733464,5.321977213946693
905,7,9.310287009864513,5,2.1609886069733464,5.321977213946693
905,8,11.670168791851925,5,2.1609886069733464,5.321977213946693
906,1,1.0989475411823835,5,2.4144300163382066,0.0
906,2,3.1684952353224336,5,2.4144300163382066,0.0
906,3,3.8144606763379105,5,2.4144300163382066,0.0
906,4,3.970381865831526,5,2.4144300163382066,0.0
906,5,7.9944681943286495,5,2.4144300163382066,5.828860032676413
906,6,10.707637274873466,5,2.4144300163382066,5.828860032676413
906,7,10.854060211668035,5,2.4144300163382066,5.828860032676413
906,8,9.173783857794954,5,2.4144300163382066,5.828860032676413
907,1,-1.1764877658421415,5,2.062769880809731,0.0
907,2,2.4285153529803214,5,2.062769880809731,0.0
907,3,1.710426761980301,5,2.062769880809731,0.0
907,4,1.1053439705046701,5,2.062769880809731,0.0
907,5,7.807893895870238,5,2.062769880809731,5.125539761619462
907,6,8.880106905692209,5,2.062769880809731,5.125539761619462
907,7,8.93321469791146,5,2.062769880809731,5.125539761619462
907,8,7.964079671452921,5,2.062769880809731,5.125539761619462
908,1,1.9501875166947964,5,0.7097811054303808,0.0
908,2,1.5688485821185787,5,0.7097811054303808,0.0
908,3,0.7292531614572191,5,0.7097811054303808,0.0
908,4,1.2695359572283988,5,0.7097811054303808,0.0
908,5,4.843680218704624,5,0.7097811054303808,2.4195622108607617
908,6,3.8545714282511163,5,0.7097811054303808,2.4195622108607617
908,7,5.806869260528417,5,0.7097811054303808,2.4195622108607617
908,8,4.653460387130682,5,0.7097811054303808,2.4195622108607617
909,1,-0.3381360682606569,5,2.157644721299184,0.0
909,2,-0.9361733512723497,5,2.157644721299184,0.0
909,3,-0.38568583374220544,5,2.157644721299184,0.0
909,4,2.8781207622027187,5,2.157644721299184,0.0
909,5,7.10691348546743,5,2.157644721299184,5.315289442598368
909,6,7.755094076584044,5,2.157644721299184,5.315289442598368
909,7,6.036307730101553,5,2.157644721299184,5.315289442598368
909,8,7.950685832661829,5,2.157644721299184,5.315289442598368
910,1,1.5376502448849956,5,0.9829922667672276,0.0
910,2,1.7705743921281534,5,0.9829922667672276,0.0
910,3,-0.07759169517305686,5,0.9829922667672276,0.0
910,4,2.78357604283773,5,0.9829922667672276,0.0
910,5,6.4089814632647935,5,0.9829922667672276,2.9659845335344555
910,6,7.826184657913804,5,0.9829922667672276,2.9659845335344555
910,7,6.387191540776762,5,0.9829922667672276,2.9659845335344555
910,8,5.300353939579433,5,0.9829922667672276,2.9659845335344555
911,1,-1.0015190017741222,5,1.8545425387244345,0.0
911,2,-0.6018132888375239,5,1.8545425387244345,0.0
911,3,1.7319606278110076,5,1.8545425387244345,0.0
911,4,-1.2214848383642845,5,1.8545425387244345,0.0
911,5,6.25598036740728,5,1.8545425387244345,4.709085077448869
911,6,8.630132301057156,5,1.8545425387244345,4.709085077448869
911,7,7.7115492903135365,5,1.8545425387244345,4.709085077448869
911,8,9.100653643656326,5,1.8545425387244345,4.709085077448869
912,1,-1.2269555756399761,5,0.809072120891842,0.0
912,2,-0.6871467552952111,5,0.809072120891842,0.0
912,3,2.852085215756346,5,0.809072120891842,0.0
912,4,2.016058123668365,5,0.809072120891842,0.0
912,5,5.13626136190394,5,0.809072120891842,2.6181442417836838
912,6,4.414834171587799,5,0.809072120891842,2.6181442417836838
912,7,6.133768728645027,5,0.809072120891842,2.6181442417836838
912,8,5.387049431354699,5,0.809072120891842,2.6181442417836838
913,1,1.8440678611357249,5,2.0609377007516754,0.0
913,2,3.8850281220982463,5,2.0609377007516754,0.0
913,3,2.1411384658954042,5,2.0609377007516754,0.0
913,4,1.5222510267685307,5,2.0609377007516754,0.0
913,5,5.245414483238767,5,2.0609377007516754,5.121875401503351
913,6,6.594608699191085,5,2.0609377007516754,5.121875401503351
913,7,10.33393464476056,5,2.0609377007516754,5.121875401503351
913,8,8.249880970462353,5,2.0609377007516754,5.121875401503351
914,1,-1.2269779386735105,5,1.1015304685569245,0.0
914,2,0.29918291759217996,5,1.1015304685569245,0.0
914,3,1.6261467423747942,5,1.1015304685569245,0.0
914,4,0.44427002184916364,5,1.1015304685569245,0.0
914,5,3.942251010460816,5,1.1015304685569245,3.203060937113849
914,6,4.918538908637535,5,1.1015304685569245,3.203060937113849
914,7,4.719280063487633,5,1.1015304685569245,3.203060937113849
914,8,5.273098676833895,5,1.1015304685569245,3.203060937113849
915,1,1.9761388652967502,5,0.8682137619354475,0.0
915,2,2.249550265597363,5,0.8682137619354475,0.0
915,3,4.6958640543214605,5,0.8682137619354475,0.0
915,4,3.5031075643983063,5,0.8682137619354475,0.0
915,5,7.4518318197276,5,0.8682137619354475,2.736427523870895
915,6,5.72940109491064,5,0.8682137619354475,2.736427523870895
915,7,7.825843561664042,5,0.8682137619354475,2.736427523870895
915,8,7.077704925032712,5,0.8682137619354475,2.736427523870895
916,1,6.723942560127397,5,2.3558699581656093,0.0
916,2,7.51700389494568,5,2.3558699581656093,0.0
916,3,7.378358140832313,5,2.3558699581656093,0.0
916,4,10.235815018305633,5,2.3558699581656093,0.0
916,5,15.468208982270509,5,2.3558699581656093,5.711739916331219
916,6,15.717474545991154,5,2.3558699581656093,5.711739916331219
916,7,15.80451540553207,5,2.3558699581656093,5.711739916331219
916,8,17.303590030892103,5,2.3558699581656093,5.711739916331219
917,1,-4.490942576121366,5,1.8604571941713903,0.0
917,2,-1.1836901606615742,5,1.8604571941713903,0.0
917,3,-3.0452175906516734,5,1.8604571941713903,0.0
917,4,-2.11831239771888,5,1.8604571941713903,0.0
917,5,4.228333553752298,5,1.8604571941713903,4.720914388342781
917,6,5.400161275201354,5,1.8604571941713903,4.720914388342781
917,7,3.5133644780086684,5,1.8604571941713903,4.720914388342781
917,8,4.6543962320129,5,1.8604571941713903,4.720914388342781
918,1,1.2455571208812701,5,1.2128968621964071,0.0
918,2,1.4616590436842456,5,1.2128968621964071,0.0
918,3,3.002057109615147,5,1.2128968621964071,0.0
918,4,6.08395266436448,5,1.2128968621964071,0.0
918,5,6.993139481298654,5,1.2128968621964071,3.4257937243928143
918,6,6.3386223346104575,5,1.2128968621964071,3.4257937243928143
918,7,6.277310442133778,5,1.2128968621964071,3.4257937243928143
918,8,7.748564859187169,5,1.2128968621964071,3.4257937243928143
919,1,-1.9606300632666014,5,3.4061731731739626,0.0
919,2,-0.052830385262388035,5,3.4061731731739626,0.0
919,3,0.43164145854641534,5,3.4061731731739626,0.0
919,4,0.01645161823723229,5,3.4061731731739626,0.0
919,5,10.776921182893897,5,3.4061731731739626,7.812346346347925
919,6,8.55651884987022,5,3.4061731731739626,7.812346346347925
919,7,9.67253510121194,5,3.4061731731739626,7.812346346347925
919,8,10.931128834999932,5,3.4061731731739626,7.812346346347925
920,1,2.5468600488083286,5,1.3226982635146347,0.0
920,2,3.432381676581699,5,1.3226982635146347,0.0
920,3,3.0833016340317387,5,1.3226982635146347,0.0
920,4,4.205717855826497,5,1.3226982635146347,0.0
920,5,6.63509351003983,5,1.3226982635146347,3.6453965270292694
920,6,8.718283642418152,5,1.3226982635146347,3.6453965270292694
920,7,9.20493083222417,5,1.3226982635146347,3.6453965270292694
920,8,10.313088356821305,5,1.3226982635146347,3.6453965270292694
921,1,-1.0753210455728208,5,1.6754031736259296,0.0
921,2,0.1859318310546545,5,1.6754031736259296,0.0
921,3,2.4162559160230237,5,1.6754031736259296,0.0
921,4,-0.5582495332256752,5,1.6754031736259296,0.0
921,5,7.435927467695931,5,1.6754031736259296,4.35080634725186
921,6,8.503725718838949,5,1.6754031736259296,4.35080634725186
921,7,7.367546046357141,5,1.6754031736259296,4.35080634725186
921,8,8.013731293795669,5,1.6754031736259296,4.35080634725186
922,1,0.9495722008450231,5,1.8859972457404846,0.0
922,2,2.0021624283535235,5,1.8859972457404846,0.0
922,3,2.531141046123169,5,1.8859972457404846,0.0
922,4,2.8408682736194057,5,1.8859972457404846,0.0
922,5,8.058025861781399,5,1.8859972457404846,4.771994491480969
922,6,9.024699254677502,5,1.8859972457404846,4.771994491480969
922,7,9.512599723909775,5,1.8859972457404846,4.771994491480969
922,8,12.169835939426953,5,1.8859972457404846,4.771994491480969
923,1,2.456828009900549,5,1.209451599037506,0.0
923,2,3.6951633692094177,5,1.209451599037506,0.0
923,3,3.2741301865412575,5,1.209451599037506,0.0
923,4,3.7614173771761026,5,1.209451599037506,0.0
923,5,6.565545813359949,5,1.209451599037506,3.418903198075012
923,6,7.1985501032814785,5,1.209451599037506,3.418903198075012
923,7,8.062918071439572,5,1.209451599037506,3.418903198075012
923,8,9.953613185852642,5,1.209451599037506,3.418903198075012
924,1,1.9610158908209478,5,2.0866671888677253,0.0
924,2,-0.40182229135915515,5,2.0866671888677253,0.0
924,3,1.3357654341875458,5,2.0866671888677253,0.0
924,4,1.0179515261860144,5,2.0866671888677253,0.0
924,5,7.793899519138264,5,2.0866671888677253,5.173334377735451
924,6,9.633946106978964,5,2.0866671888677253,5.173334377735451
924,7,8.611294211663838,5,2.0866671888677253,5.173334377735451
924,8,9.510659641072117,5,2.0866671888677253,5.173334377735451
925,1,4.21933297322067,5,1.262727200057012,0.0
925,2,3.7220055073362657,5,1.262727200057012,0.0
925,3,3.0040127210115544,5,1.262727200057012,0.0
925,4,4.4230198626640815,5,1.262727200057012,0.0
925,5,7.462009965540089,5,1.262727200057012,3.525454400114024
925,6,9.21004098967838,5,1.262727200057012,3.525454400114024
925,7,9.804899131015139,5,1.262727200057012,3.525454400114024
925,8,8.422399276443928,5,1.262727200057012,3.525454400114024
926,1,-4.013446370191581,5,1.3420265723225777,0.0
926,2,-3.8061690455732746,5,1.3420265723225777,0.0
926,3,-2.643918390405243,5,1.3420265723225777,0.0
926,4,-1.8572487365582213,5,1.3420265723225777,0.0
926,5,1.9729069611924057,5,1.3420265723225777,3.6840531446451554
926,6,1.6922640036880483,5,1.3420265723225777,3.6840531446451554
926,7,3.428787377931801,5,1.3420265723225777,3.6840531446451554
926,8,2.122394580757549,5,1.3420265723225777,3.6840531446451554
927,1,2.360382602462547,5,3.2586771144267237,0.0
927,2,0.9856179112712464,5,3.2586771144267237,0.0
927,3,4.610763644094892,5,3.2586771144267237,0.0
927,4,4.359358156338612,5,3.2586771144267237,0.0
927,5,13.596013300760845,5,3.2586771144267237,7.517354228853447
927,6,11.727031430641127,5,3.2586771144267237,7.517354228853447
927,7,13.551080273785994,5,3.2586771144267237,7.517354228853447
927,8,15.16852873054998,5,3.2586771144267237,7.517354228853447
928,1,0.22028815743569963,5,0.9799114914371367,0.0
928,2,2.159381052397542,5,0.9799114914371367,0.0
928,3,1.6931017087166396,5,0.9799114914371367,0.0
928,4,2.7173159940046827,5,0.9799114914371367,0.0
928,5,6.805105293075809,5,0.9799114914371367,2.9598229828742735
928,6,7.662744309774267,5,0.9799114914371367,2.9598229828742735
928,7,7.302439697979561,5,0.9799114914371367,2.9598229828742735
928,8,6.895936991780209,5,0.9799114914371367,2.9598229828742735
929,1,2.1976478491107136,5,0.4934221588064476,0.0
929,2,3.792642074577322,5,0.4934221588064476,0.0
929,3,2.634433128007757,5,0.4934221588064476,0.0
929,4,3.977620114850158,5,0.4934221588064476,0.0
929,5,6.256646930741784,5,0.4934221588064476,1.9868443176128951
929,6,7.039169245784294,5,0.4934221588064476,1.9868443176128951
929,7,6.633248499853881,5,0.4934221588064476,1.9868443176128951
929,8,6.290586676891147,5,0.4934221588064476,1.9868443176128951
930,1,-1.4190088737234,5,3.689417171616614,0.0
930,2,-0.4756200661943947,5,3.689417171616614,0.0
930,3,-2.7319264471811997,5,3.689417171616614,0.0
930,4,-0.07082532875682696,5,3.689417171616614,0.0
930,5,9.52226576839536,5,3.689417171616614,8.378834343233228
930,6,9.534993900312507,5,3.689417171616614,8.378834343233228
930,7,9.022412674874118,5,3.689417171616614,8.378834343233228
930,8,8.995586483799427,5,3.689417171616614,8.378834343233228
931,1,-1.0805616838606822,5,5.8982988351099515,0.0
931,2,-0.4137547043637907,5,5.8982988351099515,0.0
931,3,-0.06573225205477265,5,5.8982988351099515,0.0
931,4,0.1583256066717629,5,5.8982988351099515,0.0
931,5,12.552406182886473,5,5.8982988351099515,12.796597670219903
931,6,14.557746198318084,5,5.8982988351099515,12.796597670219903
931,7,15.105912401422756,5,5.8982988351099515,12.796597670219903
931,8,15.335880032470904,5,5.8982988351099515,12.796597670219903
932,1,0.9028702333608055,5,1.3463071061567273,0.0
932,2,2.9711260760356533,5,1.3463071061567273,0.0
932,3,1.167497803716152,5,1.3463071061567273,0.0
932,4,3.573311685746204,5,1.3463071061567273,0.0
932,5,5.7504663313811655,5,1.3463071061567273,3.6926142123134547
932,6,8.09344137355943,5,1.3463071061567273,3.6926142123134547
932,7,8.717858350683546,5,1.3463071061567273,3.6926142123134547
932,8,7.69143959720112,5,1.3463071061567273,3.6926142123134547
933,1,2.1268872753859074,5,0.6259911656823751,0.0
933,2,1.4349601080711631,5,0.6259911656823751,0.0
933,3,0.5886517801845065,5,0.6259911656823751,0.0
933,4,1.591767626935865,5,0.6259911656823751,0.0
933,5,5.850668858796476,5,0.6259911656823751,2.2519823313647502
933,6,6.140971254566474,5,0.6259911656823751,2.2519823313647502
933,7,4.659866151310533,5,0.6259911656823751,2.2519823313647502
933,8,6.0786492404993275,5,0.6259911656823751,2.2519823313647502
934,1,1.269660158796491,5,1.4116482762511307,0.0
934,2,1.0585325869443702,5,1.4116482762511307,0.0
934,3,4.423936899394699,5,1.4116482762511307,0.0
934,4,2.799800919425305,5,1.4116482762511307,0.0
934,5,6.8276215376191915,5,1.4116482762511307,3.8232965525022613
934,6,8.580284772780331,5,1.4116482762511307,3.8232965525022613
934,7,7.524220193683406,5,1.4116482762511307,3.8232965525022613
934,8,9.396861339139564,5,1.4116482762511307,3.8232965525022613
935,1,1.0012979262769475,5,1.4288765770728697,0.0
935,2,2.715376275614366,5,1.4288765770728697,0.0
935,3,4.718100740237179,5,1.4288765770728697,0.0
935,4,5.739228042449603,5,1.4288765770728697,0.0
935,5,7.753487762999678,5,1.4288765770728697,3.8577531541457395
935,6,8.136961839787023,5,1.4288765770728697,3.8577531541457395
935,7,10.09422990637613,5,1.4288765770728697,3.8577531541457395
935,8,9.403749581087958,5,1.4288765770728697,3.8577531541457395
936,1,-3.2990185483610923,5,1.4993595938166764,0.0
936,2,-1.6540356058685406,5,1.4993595938166764,0.0
936,3,-2.5745428122197103,5,1.4993595938166764,0.0
936,4,-3.495866382141384,5,1.4993595938166764,0.0
936,5,1.6671941214217734,5,1.4993595938166764,3.9987191876333528
936,6,3.4782341427479353,5,1.4993595938166764,3.9987191876333528
936,7,2.10485540855477,5,1.4993595938166764,3.9987191876333528
936,8,4.171118139730334,5,1.4993595938166764,3.9987191876333528
937,1,1.0555416271906264,5,0.9448831395746419,0.0
937,2,4.587577150300216,5,0.9448831395746419,0.0
937,3,5.612780738200291,5,0.9448831395746419,0.0
937,4,2.88944104109255,5,0.9448831395746419,0.0
937,5,7.59416310262182,5,0.9448831395746419,2.889766279149284
937,6,6.8770006905870495,5,0.9448831395746419,2.889766279149284
937,7,8.02808882052939,5,0.9448831395746419,2.889766279149284
937,8,10.640873750539708,5,0.9448831395746419,2.889766279149284
938,1,0.04987527218936866,5,2.2029129907482212,0.0
938,2,0.7305263576787404,5,2.2029129907482212,0.0
938,3,0.5740345526881571,5,2.2029129907482212,0.0
938,4,3.1627531975807175,5,2.2029129907482212,0.0
938,5,4.659123098888269,5,2.2029129907482212,5.4058259814964424
938,6,7.979592479880676,5,2.2029129907482212,5.4058259814964424
938,7,8.876503707276838,5,2.2029129907482212,5.4058259814964424
938,8,8.761312471561382,5,2.2029129907482212,5.4058259814964424
939,1,0.9559817854820718,5,2.143100661541961,0.0
939,2,1.7944635617213787,5,2.143100661541961,0.0
939,3,-0.31960323512861044,5,2.143100661541961,0.0
939,4,3.6859229315217092,5,2.143100661541961,0.0
939,5,5.955378776481312,5,2.143100661541961,5.286201323083922
939,6,9.167268282510669,5,2.143100661541961,5.286201323083922
939,7,8.528465299370522,5,2.143100661541961,5.286201323083922
939,8,8.374936503721013,5,2.143100661541961,5.286201323083922
940,1,-2.851597398445617,5,0.7809822865216935,0.0
940,2,-1.9757432594300945,5,0.7809822865216935,0.0
940,3,-1.2338126069059987,5,0.7809822865216935,0.0
940,4,-1.862384820141306,5,0.7809822865216935,0.0
940,5,1.8857941465952162,5,0.7809822865216935,2.561964573043387
940,6,1.8490612813460117,5,0.7809822865216935,2.561964573043387
940,7,1.9046845771997336,5,0.7809822865216935,2.561964573043387
940,8,2.802422401815709,5,0.7809822865216935,2.561964573043387
941,1,0.3561227040582906,5,2.3387073585242844,0.0
941,2,1.5859424240032116,5,2.3387073585242844,0.0
941,3,2.9385722422221456,5,2.3387073585242844,0.0
941,4,3.1268076909316926,5,2.3387073585242844,0.0
941,5,11.15785683046295,5,2.3387073585242844,5.677414717048569
941,6,7.473059040082382,5,2.3387073585242844,5.677414717048569
941,7,10.652853020016487,5,2.3387073585242844,5.677414717048569
941,8,10.689932292326652,5,2.3387073585242844,5.677414717048569
942,1,-3.5125453596901073,5,4.601316650793821,0.0
942,2,-3.1117504977516655,5,4.601316650793821,0.0
942,3,-3.4932074521972516,5,4.601316650793821,0.0
942,4,-2.6555644172053188,5,4.601316650793821,0.0
942,5,7.130348386607084,5,4.601316650793821,10.202633301587642
942,6,8.988097578880023,5,4.601316650793821,10.202633301587642
942,7,6.995541547402867,5,4.601316650793821,10.202633301587642
942,8,10.151244038174886,5,4.601316650793821,10.202633301587642
943,1,1.7736145782413153,5,1.7967512376954637,0.0
943,2,1.8097259846463367,5,1.7967512376954637,0.0
943,3,2.564254823030699,5,1.7967512376954637,0.0
943,4,3.1375917878890447,5,1.7967512376954637,0.0
943,5,9.687594258348854,5,1.7967512376954637,4.5935024753909275
943,6,12.123784161116866,5,1.7967512376954637,4.5935024753909275
943,7,10.610161322018735,5,1.7967512376954637,4.5935024753909275
943,8,9.324964711978597,5,1.7967512376954637,4.5935024753909275
944,1,-1.8544298466607048,5,1.3928296801793443,0.0
944,2,-1.3108825048884998,5,1.3928296801793443,0.0
944,3,-2.409372393393204,5,1.3928296801793443,0.0
944,4,-2.2450109681666657,5,1.3928296801793443,0.0
944,5,3.238166760495916,5,1.3928296801793443,3.7856593603586886
944,6,4.609155292114139,5,1.3928296801793443,3.7856593603586886
944,7,2.6896394218112762,5,1.3928296801793443,3.7856593603586886
944,8,4.080549821758298,5,1.3928296801793443,3.7856593603586886
945,1,1.1795675342253544,5,1.535718566182711,0.0
945,2,1.148639438505528,5,1.535718566182711,0.0
945,3,3.0231894458339434,5,1.535718566182711,0.0
945,4,0.6955483711586048,5,1.535718566182711,0.0
945,5,9.030517891049826,5,1.535718566182711,4.071437132365422
945,6,5.640360514030791,5,1.535718566182711,4.071437132365422
945,7,5.649189238772109,5,1.535718566182711,4.071437132365422
945,8,8.119440178103062,5,1.535718566182711,4.071437132365422
946,1,-0.8727966029018502,5,2.2425831277270003,0.0
946,2,0.72290666129928,5,2.2425831277270003,0.0
946,3,1.1879354463894924,5,2.2425831277270003,0.0
946,4,1.565888113236728,5,2.2425831277270003,0.0
946,5,6.90441754860138,5,2.2425831277270003,5.485166255454001
946,6,8.679484733377851,5,2.2425831277270003,5.485166255454001
946,7,8.42949146603099,5,2.2425831277270003,5.485166255454001
946,8,10.350493451552923,5,2.2425831277270003,5.485166255454001
947,1,2.6587040420594605,5,0.6939635768667054,0.0
947,2,2.374428871721178,5,0.6939635768667054,0.0
947,3,2.1513657427443817,5,0.6939635768667054,0.0
947,4,4.166966863139397,5,0.6939635768667054,0.0
947,5,5.957798876958556,5,0.6939635768667054,2.387927153733411
947,6,6.377041594316401,5,0.6939635768667054,2.387927153733411
947,7,8.754460757468166,5,0.6939635768667054,2.387927153733411
947,8,6.949333387157788,5,0.6939635768667054,2.387927153733411
948,1,1.554883040305132,5,1.789963719996087,0.0
948,2,0.8024060463677598,5,1.789963719996087,0.0
948,3,1.0988470309472584,5,1.789963719996087,0.0
948,4,0.6079237214216335,5,1.789963719996087,0.0
948,5,7.4869893983073315,5,1.789963719996087,4.579927439992174
948,6,7.219712168366998,5,1.789963719996087,4.579927439992174
948,7,7.036520459223592,5,1.789963719996087,4.579927439992174
948,8,8.422441798615981,5,1.789963719996087,4.579927439992174
949,1,-2.5710625777307117,5,1.3563103367842515,0.0
949,2,-2.02360425384047,5,1.3563103367842515,0.0
949,3,-1.0084632075924096,5,1.3563103367842515,0.0
949,4,0.9612501453183826,5,1.3563103367842515,0.0
949,5,4.8210852294710405,5,1.3563103367842515,3.712620673568503
949,6,6.373322816832925,5,1.3563103367842515,3.712620673568503
949,7,4.904353699108595,5,1.3563103367842515,3.712620673568503
949,8,6.899011391758513,5,1.3563103367842515,3.712620673568503
950,1,-0.6270759443376871,5,4.153338657024693,0.0
950,2,-0.9562505866833346,5,4.153338657024693,0.0
950,3,0.8721022787705129,5,4.153338657024693,0.0
950,4,0.9207827498123615,5,4.153338657024693,0.0
950,5,10.164352727961582,5,4.153338657024693,9.306677314049386
950,6,11.335471009251073,5,4.153338657024693,9.306677314049386
950,7,11.663941536169588,5,4.153338657024693,9.306677314049386
950,8,12.139783853589478,5,4.153338657024693,9.306677314049386
951,1,2.6331723875985276,5,1.5112145013821086,0.0
951,2,2.2408169986156894,5,1.5112145013821086,0.0
951,3,4.1205309534042,5,1.5112145013821086,0.0
951,4,3.7430511637879125,5,1.5112145013821086,0.0
951,5,8.047865672629477,5,1.5112145013821086,4.022429002764217
951,6,9.327494696170938,5,1.5112145013821086,4.022429002764217
951,7,10.802221084445723,5,1.5112145013821086,4.022429002764217
951,8,10.753808047964526,5,1.5112145013821086,4.022429002764217
952,1,1.0414517300041983,5,3.79598453061817,0.0
952,2,1.50124788049393,5,3.79598453061817,0.0
952,3,3.208407200550555,5,3.79598453061817,0.0
952,4,0.6758581689145471,5,3.79598453061817,0.0
952,5,12.961927988797608,5,3.79598453061817,8.591969061236341
952,6,10.79054722466779,5,3.79598453061817,8.591969061236341
952,7,11.74915509127515,5,3.79598453061817,8.591969061236341
952,8,13.150297168334903,5,3.79598453061817,8.591969061236341
953,1,1.8988641798845223,5,0.9494519563624519,0.0
953,2,1.906159396967944,5,0.9494519563624519,0.0
953,3,1.435227792750813,5,0.9494519563624519,0.0
953,4,1.5852824152491274,5,0.9494519563624519,0.0
953,5,2.765366981666107,5,0.9494519563624519,2.898903912724904
953,6,5.28440211255928,5,0.9494519563624519,2.898903912724904
953,7,5.078422431118611,5,0.9494519563624519,2.898903912724904
953,8,5.31097461605586,5,0.9494519563624519,2.898903912724904
954,1,0.1819102500456324,5,2.211408368562082,0.0
954,2,0.05599715062427435,5,2.211408368562082,0.0
954,3,1.8964067060398238,5,2.211408368562082,0.0
954,4,-0.40884760754169425,5,2.211408368562082,0.0
954,5,7.524935319541119,5,2.211408368562082,5.422816737124164
954,6,7.070826673681093,5,2.211408368562082,5.422816737124164
954,7,8.040288068279443,5,2.211408368562082,5.422816737124164
954,8,9.25455031667438,5,2.211408368562082,5.422816737124164
955,1,-3.7516620437809607,5,1.9342122388727547,0.0
955,2,-1.970122041858429,5,1.9342122388727547,0.0
955,3,-1.8466923863801585,5,1.9342122388727547,0.0
955,4,-1.7949410463477826,5,1.9342122388727547,0.0
955,5,3.7634978105636963,5,1.9342122388727547,4.86842447774551
955,6,4.57951840538769,5,1.9342122388727547,4.86842447774551
955,7,4.466233784011404,5,1.9342122388727547,4.86842447774551
955,8,5.741164771900228,5,1.9342122388727547,4.86842447774551
956,1,0.9987717800370062,5,1.0676675145103893,0.0
956,2,1.165665864636121,5,1.0676675145103893,0.0
956,3,3.8667906356060655,5,1.0676675145103893,0.0
956,4,3.192188324264703,5,1.0676675145103893,0.0
956,5,6.029571198100906,5,1.0676675145103893,3.1353350290207787
956,6,7.058143861548569,5,1.0676675145103893,3.1353350290207787
956,7,6.3854632939503535,5,1.0676675145103893,3.1353350290207787
956,8,7.475511823945277,5,1.0676675145103893,3.1353350290207787
957,1,-3.339708865829179,5,1.8016412541491176,0.0
957,2,-3.7664253253008138,5,1.8016412541491176,0.0
957,3,-1.6322773673965134,5,1.8016412541491176,0.0
957,4,-2.0252441180037573,5,1.8016412541491176,0.0
957,5,3.2281844254599004,5,1.8016412541491176,4.603282508298236
957,6,3.514931233783949,5,1.8016412541491176,4.603282508298236
957,7,7.542741683550403,5,1.8016412541491176,4.603282508298236
957,8,4.421035942733291,5,1.8016412541491176,4.603282508298236
958,1,-0.06508402221491538,5,3.0230293311579572,0.0
958,2,0.9036609607120767,5,3.0230293311579572,0.0
958,3,3.762895554366347,5,3.0230293311579572,0.0
958,4,4.840045623354042,5,3.0230293311579572,0.0
958,5,10.367854402613974,5,3.0230293311579572,7.0460586623159145
958,6,12.828601263622291,5,3.0230293311579572,7.0460586623159145
958,7,12.79124159382937,5,3.0230293311579572,7.0460586623159145
958,8,12.360171463000738,5,3.0230293311579572,7.0460586623159145
959,1,0.49679690121199616,5,1.402286540938158,0.0
959,2,1.4381134113981848,5,1.402286540938158,0.0
959,3,2.634699007136173,5,1.402286540938158,0.0
959,4,2.6545377505775543,5,1.402286540938158,0.0
959,5,5.885007965060153,5,1.402286540938158,3.804573081876316
959,6,6.887609219832537,5,1.402286540938158,3.804573081876316
959,7,9.54307972158077,5,1.402286540938158,3.804573081876316
959,8,8.31303006415504,5,1.402286540938158,3.804573081876316
960,1,6.14322902603046,5,0.7075257003192805,0.0
960,2,6.313788586397077,5,0.7075257003192805,0.0
960,3,6.547261343145547,5,0.7075257003192805,0.0
960,4,6.882602499162914,5,0.7075257003192805,0.0
960,5,10.586345625111385,5,0.7075257003192805,2.415051400638561
960,6,10.90759723509709,5,0.7075257003192805,2.415051400638561
960,7,10.952848477797954,5,0.7075257003192805,2.415051400638561
960,8,10.495192474238518,5,0.7075257003192805,2.415051400638561
961,1,-1.3147123019001397,5,1.634306551340677,0.0
961,2,-1.267279043916695,5,1.634306551340677,0.0
961,3,-1.0085270187936874,5,1.634306551340677,0.0
961,4,2.478504867517456,5,1.634306551340677,0.0
961,5,3.029290687524914,5,1.634306551340677,4.268613102681353
961,6,6.0268548542902245,5,1.634306551340677,4.268613102681353
961,7,4.7056710509789115,5,1.634306551340677,4.268613102681353
961,8,6.199537484576138,5,1.634306551340677,4.268613102681353
962,1,2.8632633370089193,5,1.0499982028575652,0.0
962,2,-0.1676931769053288,5,1.0499982028575652,0.0
962,3,0.5708031630914704,5,1.0499982028575652,0.0
962,4,1.7771620807671338,5,1.0499982028575652,0.0
962,5,4.547455266002503,5,1.0499982028575652,3.0999964057151304
962,6,6.778728574574165,5,1.0499982028575652,3.0999964057151304
962,7,5.86014278757057,5,1.0499982028575652,3.0999964057151304
962,8,7.548681863783202,5,1.0499982028575652,3.0999964057151304
963,1,2.7673862700460568,5,1.3893409953681637,0.0
963,2,2.7897438996919,5,1.3893409953681637,0.0
963,3,4.867590422893076,5,1.3893409953681637,0.0
963,4,4.028067563808531,5,1.3893409953681637,0.0
963,5,11.393526305347903,5,1.3893409953681637,3.7786819907363274
963,6,8.845453902087456,5,1.3893409953681637,3.7786819907363274
963,7,9.837570704911755,5,1.3893409953681637,3.7786819907363274
963,8,11.788877278057063,5,1.3893409953681637,3.7786819907363274
964,1,2.296415330520823,5,1.5828169117200324,0.0
964,2,1.8643913107152248,5,1.5828169117200324,0.0
964,3,5.922743440654788,5,1.5828169117200324,0.0
964,4,3.381145477423255,5,1.5828169117200324,0.0
964,5,8.852155296526345,5,1.5828169117200324,4.165633823440064
964,6,9.339220583916862,5,1.5828169117200324,4.165633823440064
964,7,10.758722255989472,5,1.5828169117200324,4.165633823440064
964,8,11.010765564693951,5,1.5828169117200324,4.165633823440064
965,1,-1.719225140890805,5,0.7026993765481309,0.0
965,2,-0.7182513206031063,5,0.7026993765481309,0.0
965,3,-0.11934653670161521,5,0.7026993765481309,0.0
965,4,1.3565353950387626,5,0.7026993765481309,0.0
965,5,2.3446527350778608,5,0.7026993765481309,2.4053987530962617
965,6,6.031085206692245,5,0.7026993765481309,2.4053987530962617
965,7,3.753791262477018,5,0.7026993765481309,2.4053987530962617
965,8,5.004225253179869,5,0.7026993765481309,2.4053987530962617
966,1,-0.21205458294634627,5,0.7350408745665956,0.0
966,2,0.14977584510627873,5,0.7350408745665956,0.0
966,3,1.0735064476692715,5,0.7350408745665956,0.0
966,4,1.4774116390826406,5,0.7350408745665956,0.0
966,5,5.003759581725257,5,0.7350408745665956,2.4700817491331915
966,6,4.939051577116347,5,0.7350408745665956,2.4700817491331915
966,7,7.113569027174297,5,0.7350408745665956,2.4700817491331915
966,8,6.135032710561712,5,0.7350408745665956,2.4700817491331915
967,1,-0.38981678062174074,5,2.098102611049822,0.0
967,2,0.6110298487129057,5,2.098102611049822,0.0
967,3,2.496837591526469,5,2.098102611049822,0.0
967,4,2.218874886440574,5,2.098102611049822,0.0
967,5,7.6005144050423485,5,2.098102611049822,5.196205222099644
967,6,6.76715916496114,5,2.098102611049822,5.196205222099644
967,7,7.557495475066109,5,2.098102611049822,5.196205222099644
967,8,7.921793994890195,5,2.098102611049822,5.196205222099644
968,1,2.370762958460661,5,1.2695222542159346,0.0
968,2,2.0944748579199617,5,1.2695222542159346,0.0
968,3,1.20229122586412,5,1.2695222542159346,0.0
968,4,1.9995400909626588,5,1.2695222542159346,0.0
968,5,5.7776660669828495,5,1.2695222542159346,3.539044508431869
968,6,6.217095026839475,5,1.2695222542159346,3.539044508431869
968,7,8.063257274436364,5,1.2695222542159346,3.539044508431869
968,8,7.815420022435871,5,1.2695222542159346,3.539044508431869
969,1,1.183806872327804,5,0.457319882650827,0.0
969,2,0.8529989525473387,5,0.457319882650827,0.0
969,3,1.4121194684970628,5,0.457319882650827,0.0
969,4,1.2739961029784665,5,0.457319882650827,0.0
969,5,2.5946198228248054,5,0.457319882650827,1.914639765301654
969,6,4.115069777861579,5,0.457319882650827,1.914639765301654
969,7,3.6684461988033368,5,0.457319882650827,1.914639765301654
969,8,6.147554944060357,5,0.457319882650827,1.914639765301654
970,1,0.7256385776484515,5,2.4410347280934457,0.0
970,2,1.0837195532015462,5,2.4410347280934457,0.0
970,3,1.4484318570280401,5,2.4410347280934457,0.0
970,4,3.561625621959389,5,2.4410347280934457,0.0
970,5,6.769678316948637,5,2.4410347280934457,5.882069456186891
970,6,10.541716478454148,5,2.4410347280934457,5.882069456186891
970,7,9.017274843331284,5,2.4410347280934457,5.882069456186891
970,8,8.297279674969772,5,2.4410347280934457,5.882069456186891
971,1,-3.4483144821964835,5,1.8892593569464609,0.0
971,2,-3.8469120132770103,5,1.8892593569464609,0.0
971,3,-1.0424480049677873,5,1.8892593569464609,0.0
971,4,-2.234397700899947,5,1.8892593569464609,0.0
971,5,4.251081629544195,5,1.8892593569464609,4.778518713892922
971,6,5.716630993505342,5,1.8892593569464609,4.778518713892922
971,7,4.410397034773357,5,1.8892593569464609,4.778518713892922
971,8,5.314310270315102,5,1.8892593569464609,4.778518713892922
972,1,-0.5331197061798516,5,1.153802013545565,0.0
972,2,0.8818897947849664,5,1.153802013545565,0.0
972,3,4.3442705290095365,5,1.153802013545565,0.0
972,4,3.048180067846606,5,1.153802013545565,0.0
972,5,5.81312051193369,5,1.153802013545565,3.30760402709113
972,6,5.96616289464558,5,1.153802013545565,3.30760402709113
972,7,7.035217535170862,5,1.153802013545565,3.30760402709113
972,8,7.707901683020934,5,1.153802013545565,3.30760402709113
973,1,0.9809716396979062,5,0.8534954177573082,0.0
973,2,2.4301005426147935,5,0.8534954177573082,0.0
973,3,1.446593856783255,5,0.8534954177573082,0.0
973,4,1.9416536718593957,5,0.8534954177573082,0.0
973,5,6.4772276394084844,5,0.8534954177573082,2.7069908355146164
973,6,5.438390428793882,5,0.8534954177573082,2.7069908355146164
973,7,7.83604943522082,5,0.8534954177573082,2.7069908355146164
973,8,7.592751569961347,5,0.8534954177573082,2.7069908355146164
974,1,-1.7827480440049814,5,2.5040362955410185,0.0
974,2,0.6546603002731788,5,2.5040362955410185,0.0
974,3,-0.6399854498767625,5,2.5040362955410185,0.0
974,4,2.238523184367893,5,2.5040362955410185,0.0
974,5,7.804519436543673,5,2.5040362955410185,6.008072591082037
974,6,10.404317982301087,5,2.5040362955410185,6.008072591082037
974,7,10.124546610166876,5,2.5040362955410185,6.008072591082037
974,8,8.492541259562444,5,2.5040362955410185,6.008072591082037
975,1,-4.750841645010993,5,1.9633953801329531,0.0
975,2,-2.9852030379609493,5,1.9633953801329531,0.0
975,3,-2.9513603839999467,5,1.9633953801329531,0.0
975,4,0.5956363057075185,5,1.9633953801329531,0.0
975,5,4.186374319816179,5,1.9633953801329531,4.926790760265906
975,6,5.630107783279497,5,1.9633953801329531,4.926790760265906
975,7,4.911658066545744,5,1.9633953801329531,4.926790760265906
975,8,5.517021490815685,5,1.9633953801329531,4.926790760265906
976,1,2.4444367031940164,5,5.426536805025186,0.0
976,2,4.083603044295371,5,5.426536805025186,0.0
976,3,3.7886884813775232,5,5.426536805025186,0.0
976,4,2.9197298822262594,5,5.426536805025186,0.0
976,5,17.952651473839715,5,5.426536805025186,11.853073610050371
976,6,16.537321836766985,5,5.426536805025186,11.853073610050371
976,7,16.874617211876647,5,5.426536805025186,11.853073610050371
976,8,15.00063203350426,5,5.426536805025186,11.853073610050371
977,1,1.8634496671469414,5,2.0341830717694935,0.0
977,2,1.8300627156474878,5,2.0341830717694935,0.0
977,3,2.3289757325875065,5,2.0341830717694935,0.0
977,4,2.3262254048747866,5,2.0341830717694935,0.0
977,5,7.722198379391809,5,2.0341830717694935,5.068366143538987
977,6,8.427835792694161,5,2.0341830717694935,5.068366143538987
977,7,9.760577090651871,5,2.0341830717694935,5.068366143538987
977,8,10.436533992557942,5,2.0341830717694935,5.068366143538987
978,1,-1.183061783776552,5,2.001409276424015,0.0
978,2,0.49690729891480534,5,2.001409276424015,0.0
978,3,-0.031004376419431337,5,2.001409276424015,0.0
978,4,0.04374338647439091,5,2.001409276424015,0.0
978,5,6.24920393235344,5,2.001409276424015,5.00281855284803
978,6,5.191401938952216,5,2.001409276424015,5.00281855284803
978,7,7.283506666525325,5,2.001409276424015,5.00281855284803
978,8,6.008606251919705,5,2.001409276424015,5.00281855284803
979,1,-1.088927853659892,5,1.516698654491289,0.0
979,2,-1.5798923003927523,5,1.516698654491289,0.0
979,3,0.7636821536523715,5,1.516698654491289,0.0
979,4,3.048432808632966,5,1.516698654491289,0.0
979,5,5.855119754225015,5,1.516698654491289,4.033397308982578
979,6,7.115781794739577,5,1.516698654491289,4.033397308982578
979,7,9.324510312618838,5,1.516698654491289,4.033397308982578
979,8,7.8762522634265455,5,1.516698654491289,4.033397308982578
980,1,-3.2665508501516998,5,2.4803208668456653,0.0
980,2,-2.628907408299515,5,2.4803208668456653,0.0
980,3,-1.5006805973406714,5,2.4803208668456653,0.0
980,4,-1.6342334508246021,5,2.4803208668456653,0.0
980,5,4.901215928314221,5,2.4803208668456653,5.960641733691331
980,6,6.944556837387143,5,2.4803208668456653,5.960641733691331
980,7,7.485459208899865,5,2.4803208668456653,5.960641733691331
980,8,5.312410446078989,5,2.4803208668456653,5.960641733691331
981,1,-2.3689897734560286,5,2.2536307912464237,0.0
981,2,-1.5148246424692013,5,2.2536307912464237,0.0
981,3,0.048268690609443166,5,2.2536307912464237,0.0
981,4,1.0922553329498474,5,2.2536307912464237,0.0
981,5,8.658409261210922,5,2.2536307912464237,5.5072615824928475
981,6,5.990768030654377,5,2.2536307912464237,5.5072615824928475
981,7,6.5407126125950095,5,2.2536307912464237,5.5072615824928475
981,8,8.045011342574753,5,2.2536307912464237,5.5072615824928475
982,1,-1.257839411669138,5,3.0828746951786763,0.0
982,2,-0.216584554204796,5,3.0828746951786763,0.0
982,3,0.00933919850217535,5,3.0828746951786763,0.0
982,4,-1.697276614618458,5,3.0828746951786763,0.0
982,5,8.71335992779462,5,3.0828746951786763,7.165749390357353
982,6,8.907765738340284,5,3.0828746951786763,7.165749390357353
982,7,10.861357747899973,5,3.0828746951786763,7.165749390357353
982,8,10.095617105179429,5,3.0828746951786763,7.165749390357353
983,1,1.70209414624613,5,1.270408548767123,0.0
983,2,3.198742751580779,5,1.270408548767123,0.0
983,3,1.8657587814236742,5,1.270408548767123,0.0
983,4,3.2459237893606603,5,1.270408548767123,0.0
983,5,9.133164690247547,5,1.270408548767123,3.540817097534246
983,6,8.750318282140885,5,1.270408548767123,3.540817097534246
983,7,10.420166961592614,5,1.270408548767123,3.540817097534246
983,8,8.030766471216502,5,1.270408548767123,3.540817097534246
984,1,-1.0214681790987044,5,1.3261715580566704,0.0
984,2,-0.7545192801627367,5,1.3261715580566704,0.0
984,3,1.1768418008382548,5,1.3261715580566704,0.0
984,4,1.3937559863916713,5,1.3261715580566704,0.0
984,5,5.515588484426687,5,1.3261715580566704,3.652343116113341
984,6,6.91474637242249,5,1.3261715580566704,3.652343116113341
984,7,5.5052492250518235,5,1.3261715580566704,3.652343116113341
984,8,7.708417169639109,5,1.3261715580566704,3.652343116113341
985,1,0.7362211677777815,5,1.2975117793891884,0.0
985,2,1.1995495688918238,5,1.2975117793891884,0.0
985,3,3.5331738901558563,5,1.2975117793891884,0.0
985,4,1.775686580248716,5,1.2975117793891884,0.0
985,5,7.948216505854853,5,1.2975117793891884,3.5950235587783768
985,6,7.976764071157221,5,1.2975117793891884,3.5950235587783768
985,7,9.447303606090767,5,1.2975117793891884,3.5950235587783768
985,8,8.816006912481004,5,1.2975117793891884,3.5950235587783768
986,1,-0.5205834594276324,5,2.4483170265860723,0.0
986,2,0.43263258720174635,5,2.4483170265860723,0.0
986,3,-0.23928195578293798,5,2.4483170265860723,0.0
986,4,0.21716128678661917,5,2.4483170265860723,0.0
986,5,7.794431087292405,5,2.4483170265860723,5.896634053172145
986,6,7.790713838318347,5,2.4483170265860723,5.896634053172145
986,7,7.912687730144705,5,2.4483170265860723,5.896634053172145
986,8,8.737217547751317,5,2.4483170265860723,5.896634053172145
987,1,2.5904546295420796,5,3.4875072295980694,0.0
987,2,1.0528767149638572,5,3.4875072295980694,0.0
987,3,1.5238755084217341,5,3.4875072295980694,0.0
987,4,0.7884508970412547,5,3.4875072295980694,0.0
987,5,10.928556642742773,5,3.4875072295980694,7.975014459196139
987,6,12.12779309214028,5,3.4875072295980694,7.975014459196139
987,7,12.807107696580758,5,3.4875072295980694,7.975014459196139
987,8,12.57912718253042,5,3.4875072295980694,7.975014459196139
988,1,1.173042568793279,5,1.3107241273019146,0.0
988,2,1.4484393975926375,5,1.3107241273019146,0.0
988,3,2.3301592254046586,5,1.3107241273019146,0.0
988,4,2.7015116511899575,5,1.3107241273019146,0.0
988,5,7.408635446423476,5,1.3107241273019146,3.621448254603829
988,6,6.168964083749975,5,1.3107241273019146,3.621448254603829
988,7,5.511599207954716,5,1.3107241273019146,3.621448254603829
988,8,8.002375994001644,5,1.3107241273019146,3.621448254603829
989,1,3.0266663895082635,5,1.3332414213703052,0.0
989,2,4.316108593566627,5,1.3332414213703052,0.0
989,3,4.527403556355193,5,1.3332414213703052,0.0
989,4,5.691585656050052,5,1.3332414213703052,0.0
989,5,8.53245002325263,5,1.3332414213703052,3.6664828427406104
989,6,8.641406634864726,5,1.3332414213703052,3.6664828427406104
989,7,7.527612921600351,5,1.3332414213703052,3.6664828427406104
989,8,9.720692577440177,5,1.3332414213703052,3.6664828427406104
990,1,-1.1221260333084335,5,1.9290711389955366,0.0
990,2,0.1418873369953552,5,1.9290711389955366,0.0
990,3,0.48489050987254034,5,1.9290711389955366,0.0
990,4,1.4021109124130193,5,1.9290711389955366,0.0
990,5,6.191188892015447,5,1.9290711389955366,4.858142277991073
990,6,7.723539792286542,5,1.9290711389955366,4.858142277991073
990,7,4.565365288678899,5,1.9290711389955366,4.858142277991073
990,8,7.978513176711801,5,1.9290711389955366,4.858142277991073
991,1,-1.4425667208523199,5,1.4580781748172345,0.0
991,2,-0.2750079915486672,5,1.4580781748172345,0.0
991,3,-0.913095161619819,5,1.4580781748172345,0.0
991,4,0.5398265225776571,5,1.4580781748172345,0.0
991,5,3.4400358453883295,5,1.4580781748172345,3.916156349634469
991,6,3.7739624255566504,5,1.4580781748172345,3.916156349634469
991,7,4.800515492857339,5,1.4580781748172345,3.916156349634469
991,8,4.767905566738522,5,1.4580781748172345,3.916156349634469
992,1,-3.046255530744626,5,2.653890898054022,0.0
992,2,-2.279138306859165,5,2.653890898054022,0.0
992,3,-2.3760509688034226,5,2.653890898054022,0.0
992,4,-0.2355209678620207,5,2.653890898054022,0.0
992,5,6.055275545881256,5,2.653890898054022,6.307781796108044
992,6,6.183597616622681,5,2.653890898054022,6.307781796108044
992,7,6.4771999765434884,5,2.653890898054022,6.307781796108044
992,8,8.048940079580404,5,2.653890898054022,6.307781796108044
993,1,0.21669319272455534,5,0.5347859822440071,0.0
993,2,-1.1942689843906975,5,0.5347859822440071,0.0
993,3,-0.8514396576611325,5,0.5347859822440071,0.0
993,4,1.8907549677355002,5,0.5347859822440071,0.0
993,5,2.1306837381139037,5,0.5347859822440071,2.069571964488014
993,6,4.553303810424984,5,0.5347859822440071,2.069571964488014
993,7,6.122726175356512,5,0.5347859822440071,2.069571964488014
993,8,6.625051779995633,5,0.5347859822440071,2.069571964488014
994,1,-1.260247350724014,5,1.0905121808243565,0.0
994,2,-0.7893104260339848,5,1.0905121808243565,0.0
994,3,1.2537875088403494,5,1.0905121808243565,0.0
994,4,-2.8325156042498763,5,1.0905121808243565,0.0
994,5,2.7185687442119724,5,1.0905121808243565,3.181024361648713
994,6,4.531396269369209,5,1.0905121808243565,3.181024361648713
994,7,3.8456174124506504,5,1.0905121808243565,3.181024361648713
994,8,5.922682728899643,5,1.0905121808243565,3.181024361648713
995,1,1.2810699710489097,5,1.1149302345222243,0.0
995,2,1.9521678916967,5,1.1149302345222243,0.0
995,3,2.0457493671131646,5,1.1149302345222243,0.0
995,4,2.297913072551042,5,1.1149302345222243,0.0
995,5,6.0031745372559,5,1.1149302345222243,3.2298604690444486
995,6,7.3214507972403275,5,1.1149302345222243,3.2298604690444486
995,7,6.775719534580684,5,1.1149302345222243,3.2298604690444486
995,8,9.00348938389484,5,1.1149302345222243,3.2298604690444486
996,1,0.22168959488666773,5,0.5167593399413047,0.0
996,2,1.1678801112536847,5,0.5167593399413047,0.0
996,3,-0.5604606857091543,5,0.5167593399413047,0.0
996,4,-0.6310128765025995,5,0.5167593399413047,0.0
996,5,3.5977965945346906,5,0.5167593399413047,2.0335186798826097
996,6,7.000782963725975,5,0.5167593399413047,2.0335186798826097
996,7,5.868191128261024,5,0.5167593399413047,2.0335186798826097
996,8,4.5475360416597415,5,0.5167593399413047,2.0335186798826097
997,1,5.673725234484204,5,1.0183470543066888,0.0
997,2,6.476800007496546,5,1.0183470543066888,0.0
997,3,4.880824859320001,5,1.0183470543066888,0.0
997,4,8.118838969087468,5,1.0183470543066888,0.0
997,5,10.1184830818453,5,1.0183470543066888,3.0366941086133776
997,6,10.695226364058382,5,1.0183470543066888,3.0366941086133776
997,7,11.309691868100096,5,1.0183470543066888,3.0366941086133776
997,8,12.930447347974134,5,1.0183470543066888,3.0366941086133776
998,1,-3.730611348475672,5,1.043334612662236,0.0
998,2,-4.182399195058716,5,1.043334612662236,0.0
998,3,-1.6524738973742195,5,1.043334612662236,0.0
998,4,-3.519087276447393,5,1.043334612662236,0.0
998,5,1.810136439914668,5,1.043334612662236,3.086669225324472
998,6,3.7981143249090263,5,1.043334612662236,3.086669225324472
998,7,3.6903339385589464,5,1.043334612662236,3.086669225324472
998,8,4.653596100775484,5,1.043334612662236,3.086669225324472
999,1,1.5276177226224315,5,1.491000949704656,0.0
999,2,3.8176008462030104,5,1.491000949704656,0.0
999,3,1.3190267297627876,5,1.491000949704656,0.0
999,4,2.8053980344279257,5,1.491000949704656,0.0
999,5,6.451147785616264,5,1.491000949704656,3.982001899409312
999,6,8.346069526743785,5,1.491000949704656,3.982001899409312
999,7,7.827693380778419,5,1.491000949704656,3.982001899409312
999,8,10.108113136272959,5,1.491000949704656,3.982001899409312
