fips,state,state_abbr,year,state_mw,federal_mw,gap,first_treat,dose
2,Alaska,AK,1974,2.5,2.0,0.5,1974,0.5
2,Alaska,AK,1975,2.6,2.1,0.5,1974,0.5
2,Alaska,AK,1976,2.8,2.3,0.5,1974,0.5
2,Alaska,AK,1977,2.8,2.3,0.5,1974,0.5
2,Alaska,AK,1978,2.8,2.65,0.15,1974,0.5
2,Alaska,AK,1979,3.4,2.9,0.5,1974,0.5
2,Alaska,AK,1980,3.6,3.1,0.5,1974,0.5
2,Alaska,AK,1981,3.85,3.35,0.5,1974,0.5
2,Alaska,AK,1982,3.85,3.35,0.5,1974,0.5
2,Alaska,AK,1983,3.85,3.35,0.5,1974,0.5
2,Alaska,AK,1984,3.85,3.35,0.5,1974,0.5
2,Alaska,AK,1985,3.85,3.35,0.5,1974,0.5
2,Alaska,AK,1986,3.85,3.35,0.5,1974,0.5
2,Alaska,AK,1987,3.85,3.35,0.5,1974,0.5
2,Alaska,AK,1988,3.85,3.35,0.5,1974,0.5
2,Alaska,AK,1989,3.85,3.35,0.5,1974,0.5
2,Alaska,AK,1990,3.85,3.35,0.5,1974,0.5
2,Alaska,AK,1991,4.3,3.8,0.5,1974,0.5
2,Alaska,AK,1992,4.75,4.25,0.5,1974,0.5
2,Alaska,AK,1993,4.75,4.25,0.5,1974,0.5
2,Alaska,AK,1994,4.75,4.25,0.5,1974,0.5
2,Alaska,AK,1995,4.75,4.25,0.5,1974,0.5
2,Alaska,AK,1996,4.75,4.25,0.5,1974,0.5
2,Alaska,AK,1997,5.25,4.75,0.5,1974,0.5
2,Alaska,AK,1998,5.65,5.15,0.5,1974,0.5
2,Alaska,AK,1999,5.65,5.15,0.5,1974,0.5
2,Alaska,AK,2000,5.65,5.15,0.5,1974,0.5
2,Alaska,AK,2001,5.65,5.15,0.5,1974,0.5
2,Alaska,AK,2002,5.65,5.15,0.5,1974,0.5
2,Alaska,AK,2003,7.15,5.15,2.0,1974,0.5
2,Alaska,AK,2004,7.15,5.15,2.0,1974,0.5
2,Alaska,AK,2005,7.15,5.15,2.0,1974,0.5
2,Alaska,AK,2006,7.15,5.15,2.0,1974,0.5
2,Alaska,AK,2007,7.15,5.15,2.0,1974,0.5
2,Alaska,AK,2008,7.15,5.85,1.3,1974,0.5
2,Alaska,AK,2009,7.15,6.55,0.6,1974,0.5
2,Alaska,AK,2010,7.75,7.25,0.5,1974,0.5
2,Alaska,AK,2011,7.75,7.25,0.5,1974,0.5
2,Alaska,AK,2012,7.75,7.25,0.5,1974,0.5
2,Alaska,AK,2013,7.75,7.25,0.5,1974,0.5
2,Alaska,AK,2014,7.75,7.25,0.5,1974,0.5
2,Alaska,AK,2015,8.75,7.25,1.5,1974,0.5
2,Alaska,AK,2016,9.75,7.25,2.5,1974,0.5
2,Alaska,AK,2017,9.8,7.25,2.55,1974,0.5
2,Alaska,AK,2018,9.84,7.25,2.59,1974,0.5
2,Alaska,AK,2019,9.89,7.25,2.64,1974,0.5
2,Alaska,AK,2020,10.19,7.25,2.94,1974,0.5
2,Alaska,AK,2021,10.34,7.25,3.09,1974,0.5
2,Alaska,AK,2022,10.34,7.25,3.09,1974,0.5
1,Alabama,AL,1974,2.0,2.0,0.0,0,0.0
1,Alabama,AL,1975,2.1,2.1,0.0,0,0.0
1,Alabama,AL,1976,2.3,2.3,0.0,0,0.0
1,Alabama,AL,1977,2.3,2.3,0.0,0,0.0
1,Alabama,AL,1978,2.65,2.65,0.0,0,0.0
1,Alabama,AL,1979,2.9,2.9,0.0,0,0.0
1,Alabama,AL,1980,3.1,3.1,0.0,0,0.0
1,Alabama,AL,1981,3.35,3.35,0.0,0,0.0
1,Alabama,AL,1982,3.35,3.35,0.0,0,0.0
1,Alabama,AL,1983,3.35,3.35,0.0,0,0.0
1,Alabama,AL,1984,3.35,3.35,0.0,0,0.0
1,Alabama,AL,1985,3.35,3.35,0.0,0,0.0
1,Alabama,AL,1986,3.35,3.35,0.0,0,0.0
1,Alabama,AL,1987,3.35,3.35,0.0,0,0.0
1,Alabama,AL,1988,3.35,3.35,0.0,0,0.0
1,Alabama,AL,1989,3.35,3.35,0.0,0,0.0
1,Alabama,AL,1990,3.35,3.35,0.0,0,0.0
1,Alabama,AL,1991,3.8,3.8,0.0,0,0.0
1,Alabama,AL,1992,4.25,4.25,0.0,0,0.0
1,Alabama,AL,1993,4.25,4.25,0.0,0,0.0
1,Alabama,AL,1994,4.25,4.25,0.0,0,0.0
1,Alabama,AL,1995,4.25,4.25,0.0,0,0.0
1,Alabama,AL,1996,4.25,4.25,0.0,0,0.0
1,Alabama,AL,1997,4.75,4.75,0.0,0,0.0
1,Alabama,AL,1998,5.15,5.15,0.0,0,0.0
1,Alabama,AL,1999,5.15,5.15,0.0,0,0.0
1,Alabama,AL,2000,5.15,5.15,0.0,0,0.0
1,Alabama,AL,2001,5.15,5.15,0.0,0,0.0
1,Alabama,AL,2002,5.15,5.15,0.0,0,0.0
1,Alabama,AL,2003,5.15,5.15,0.0,0,0.0
1,Alabama,AL,2004,5.15,5.15,0.0,0,0.0
1,Alabama,AL,2005,5.15,5.15,0.0,0,0.0
1,Alabama,AL,2006,5.15,5.15,0.0,0,0.0
1,Alabama,AL,2007,5.15,5.15,0.0,0,0.0
1,Alabama,AL,2008,5.85,5.85,0.0,0,0.0
1,Alabama,AL,2009,6.55,6.55,0.0,0,0.0
1,Alabama,AL,2010,7.25,7.25,0.0,0,0.0
1,Alabama,AL,2011,7.25,7.25,0.0,0,0.0
1,Alabama,AL,2012,7.25,7.25,0.0,0,0.0
1,Alabama,AL,2013,7.25,7.25,0.0,0,0.0
1,Alabama,AL,2014,7.25,7.25,0.0,0,0.0
1,Alabama,AL,2015,7.25,7.25,0.0,0,0.0
1,Alabama,AL,2016,7.25,7.25,0.0,0,0.0
1,Alabama,AL,2017,7.25,7.25,0.0,0,0.0
1,Alabama,AL,2018,7.25,7.25,0.0,0,0.0
1,Alabama,AL,2019,7.25,7.25,0.0,0,0.0
1,Alabama,AL,2020,7.25,7.25,0.0,0,0.0
1,Alabama,AL,2021,7.25,7.25,0.0,0,0.0
1,Alabama,AL,2022,7.25,7.25,0.0,0,0.0
5,Arkansas,AR,1974,2.0,2.0,0.0,2007,1.1
5,Arkansas,AR,1975,2.1,2.1,0.0,2007,1.1
5,Arkansas,AR,1976,2.3,2.3,0.0,2007,1.1
5,Arkansas,AR,1977,2.3,2.3,0.0,2007,1.1
5,Arkansas,AR,1978,2.65,2.65,0.0,2007,1.1
5,Arkansas,AR,1979,2.9,2.9,0.0,2007,1.1
5,Arkansas,AR,1980,3.1,3.1,0.0,2007,1.1
5,Arkansas,AR,1981,3.35,3.35,0.0,2007,1.1
5,Arkansas,AR,1982,3.35,3.35,0.0,2007,1.1
5,Arkansas,AR,1983,3.35,3.35,0.0,2007,1.1
5,Arkansas,AR,1984,3.35,3.35,0.0,2007,1.1
5,Arkansas,AR,1985,3.35,3.35,0.0,2007,1.1
5,Arkansas,AR,1986,3.35,3.35,0.0,2007,1.1
5,Arkansas,AR,1987,3.35,3.35,0.0,2007,1.1
5,Arkansas,AR,1988,3.35,3.35,0.0,2007,1.1
5,Arkansas,AR,1989,3.35,3.35,0.0,2007,1.1
5,Arkansas,AR,1990,3.35,3.35,0.0,2007,1.1
5,Arkansas,AR,1991,3.8,3.8,0.0,2007,1.1
5,Arkansas,AR,1992,4.25,4.25,0.0,2007,1.1
5,Arkansas,AR,1993,4.25,4.25,0.0,2007,1.1
5,Arkansas,AR,1994,4.25,4.25,0.0,2007,1.1
5,Arkansas,AR,1995,4.25,4.25,0.0,2007,1.1
5,Arkansas,AR,1996,4.25,4.25,0.0,2007,1.1
5,Arkansas,AR,1997,4.75,4.75,0.0,2007,1.1
5,Arkansas,AR,1998,5.15,5.15,0.0,2007,1.1
5,Arkansas,AR,1999,5.15,5.15,0.0,2007,1.1
5,Arkansas,AR,2000,5.15,5.15,0.0,2007,1.1
5,Arkansas,AR,2001,5.15,5.15,0.0,2007,1.1
5,Arkansas,AR,2002,5.15,5.15,0.0,2007,1.1
5,Arkansas,AR,2003,5.15,5.15,0.0,2007,1.1
5,Arkansas,AR,2004,5.15,5.15,0.0,2007,1.1
5,Arkansas,AR,2005,5.15,5.15,0.0,2007,1.1
5,Arkansas,AR,2006,5.15,5.15,0.0,2007,1.1
5,Arkansas,AR,2007,6.25,5.15,1.1,2007,1.1
5,Arkansas,AR,2008,6.25,5.85,0.4,2007,1.1
5,Arkansas,AR,2009,6.55,6.55,0.0,2007,1.1
5,Arkansas,AR,2010,7.25,7.25,0.0,2007,1.1
5,Arkansas,AR,2011,7.25,7.25,0.0,2007,1.1
5,Arkansas,AR,2012,7.25,7.25,0.0,2007,1.1
5,Arkansas,AR,2013,7.25,7.25,0.0,2007,1.1
5,Arkansas,AR,2014,7.25,7.25,0.0,2007,1.1
5,Arkansas,AR,2015,7.5,7.25,0.25,2007,1.1
5,Arkansas,AR,2016,8.0,7.25,0.75,2007,1.1
5,Arkansas,AR,2017,8.5,7.25,1.25,2007,1.1
5,Arkansas,AR,2018,8.5,7.25,1.25,2007,1.1
5,Arkansas,AR,2019,9.25,7.25,2.0,2007,1.1
5,Arkansas,AR,2020,10.0,7.25,2.75,2007,1.1
5,Arkansas,AR,2021,11.0,7.25,3.75,2007,1.1
5,Arkansas,AR,2022,11.0,7.25,3.75,2007,1.1
4,Arizona,AZ,1974,2.0,2.0,0.0,2007,1.6
4,Arizona,AZ,1975,2.1,2.1,0.0,2007,1.6
4,Arizona,AZ,1976,2.3,2.3,0.0,2007,1.6
4,Arizona,AZ,1977,2.3,2.3,0.0,2007,1.6
4,Arizona,AZ,1978,2.65,2.65,0.0,2007,1.6
4,Arizona,AZ,1979,2.9,2.9,0.0,2007,1.6
4,Arizona,AZ,1980,3.1,3.1,0.0,2007,1.6
4,Arizona,AZ,1981,3.35,3.35,0.0,2007,1.6
4,Arizona,AZ,1982,3.35,3.35,0.0,2007,1.6
4,Arizona,AZ,1983,3.35,3.35,0.0,2007,1.6
4,Arizona,AZ,1984,3.35,3.35,0.0,2007,1.6
4,Arizona,AZ,1985,3.35,3.35,0.0,2007,1.6
4,Arizona,AZ,1986,3.35,3.35,0.0,2007,1.6
4,Arizona,AZ,1987,3.35,3.35,0.0,2007,1.6
4,Arizona,AZ,1988,3.35,3.35,0.0,2007,1.6
4,Arizona,AZ,1989,3.35,3.35,0.0,2007,1.6
4,Arizona,AZ,1990,3.35,3.35,0.0,2007,1.6
4,Arizona,AZ,1991,3.8,3.8,0.0,2007,1.6
4,Arizona,AZ,1992,4.25,4.25,0.0,2007,1.6
4,Arizona,AZ,1993,4.25,4.25,0.0,2007,1.6
4,Arizona,AZ,1994,4.25,4.25,0.0,2007,1.6
4,Arizona,AZ,1995,4.25,4.25,0.0,2007,1.6
4,Arizona,AZ,1996,4.25,4.25,0.0,2007,1.6
4,Arizona,AZ,1997,4.75,4.75,0.0,2007,1.6
4,Arizona,AZ,1998,5.15,5.15,0.0,2007,1.6
4,Arizona,AZ,1999,5.15,5.15,0.0,2007,1.6
4,Arizona,AZ,2000,5.15,5.15,0.0,2007,1.6
4,Arizona,AZ,2001,5.15,5.15,0.0,2007,1.6
4,Arizona,AZ,2002,5.15,5.15,0.0,2007,1.6
4,Arizona,AZ,2003,5.15,5.15,0.0,2007,1.6
4,Arizona,AZ,2004,5.15,5.15,0.0,2007,1.6
4,Arizona,AZ,2005,5.15,5.15,0.0,2007,1.6
4,Arizona,AZ,2006,5.15,5.15,0.0,2007,1.6
4,Arizona,AZ,2007,6.75,5.15,1.6,2007,1.6
4,Arizona,AZ,2008,6.9,5.85,1.05,2007,1.6
4,Arizona,AZ,2009,7.25,6.55,0.7,2007,1.6
4,Arizona,AZ,2010,7.25,7.25,0.0,2007,1.6
4,Arizona,AZ,2011,7.35,7.25,0.1,2007,1.6
4,Arizona,AZ,2012,7.65,7.25,0.4,2007,1.6
4,Arizona,AZ,2013,7.8,7.25,0.55,2007,1.6
4,Arizona,AZ,2014,7.9,7.25,0.65,2007,1.6
4,Arizona,AZ,2015,8.05,7.25,0.8,2007,1.6
4,Arizona,AZ,2016,8.05,7.25,0.8,2007,1.6
4,Arizona,AZ,2017,10.0,7.25,2.75,2007,1.6
4,Arizona,AZ,2018,10.5,7.25,3.25,2007,1.6
4,Arizona,AZ,2019,11.0,7.25,3.75,2007,1.6
4,Arizona,AZ,2020,12.0,7.25,4.75,2007,1.6
4,Arizona,AZ,2021,12.15,7.25,4.9,2007,1.6
4,Arizona,AZ,2022,12.8,7.25,5.55,2007,1.6
6,California,CA,1974,2.0,2.0,0.0,1977,0.2
6,California,CA,1975,2.1,2.1,0.0,1977,0.2
6,California,CA,1976,2.3,2.3,0.0,1977,0.2
6,California,CA,1977,2.5,2.3,0.2,1977,0.2
6,California,CA,1978,2.65,2.65,0.0,1977,0.2
6,California,CA,1979,2.9,2.9,0.0,1977,0.2
6,California,CA,1980,3.1,3.1,0.0,1977,0.2
6,California,CA,1981,3.35,3.35,0.0,1977,0.2
6,California,CA,1982,3.35,3.35,0.0,1977,0.2
6,California,CA,1983,3.35,3.35,0.0,1977,0.2
6,California,CA,1984,3.35,3.35,0.0,1977,0.2
6,California,CA,1985,3.35,3.35,0.0,1977,0.2
6,California,CA,1986,3.35,3.35,0.0,1977,0.2
6,California,CA,1987,3.35,3.35,0.0,1977,0.2
6,California,CA,1988,3.35,3.35,0.0,1977,0.2
6,California,CA,1989,4.25,3.35,0.9,1977,0.2
6,California,CA,1990,4.25,3.35,0.9,1977,0.2
6,California,CA,1991,4.25,3.8,0.45,1977,0.2
6,California,CA,1992,4.25,4.25,0.0,1977,0.2
6,California,CA,1993,4.25,4.25,0.0,1977,0.2
6,California,CA,1994,4.25,4.25,0.0,1977,0.2
6,California,CA,1995,4.25,4.25,0.0,1977,0.2
6,California,CA,1996,4.25,4.25,0.0,1977,0.2
6,California,CA,1997,4.75,4.75,0.0,1977,0.2
6,California,CA,1998,5.15,5.15,0.0,1977,0.2
6,California,CA,1999,5.75,5.15,0.6,1977,0.2
6,California,CA,2000,5.75,5.15,0.6,1977,0.2
6,California,CA,2001,6.25,5.15,1.1,1977,0.2
6,California,CA,2002,6.75,5.15,1.6,1977,0.2
6,California,CA,2003,6.75,5.15,1.6,1977,0.2
6,California,CA,2004,6.75,5.15,1.6,1977,0.2
6,California,CA,2005,6.75,5.15,1.6,1977,0.2
6,California,CA,2006,6.75,5.15,1.6,1977,0.2
6,California,CA,2007,7.5,5.15,2.35,1977,0.2
6,California,CA,2008,8.0,5.85,2.15,1977,0.2
6,California,CA,2009,8.0,6.55,1.45,1977,0.2
6,California,CA,2010,8.0,7.25,0.75,1977,0.2
6,California,CA,2011,8.0,7.25,0.75,1977,0.2
6,California,CA,2012,8.0,7.25,0.75,1977,0.2
6,California,CA,2013,8.0,7.25,0.75,1977,0.2
6,California,CA,2014,8.0,7.25,0.75,1977,0.2
6,California,CA,2015,9.0,7.25,1.75,1977,0.2
6,California,CA,2016,10.0,7.25,2.75,1977,0.2
6,California,CA,2017,10.5,7.25,3.25,1977,0.2
6,California,CA,2018,11.0,7.25,3.75,1977,0.2
6,California,CA,2019,12.0,7.25,4.75,1977,0.2
6,California,CA,2020,13.0,7.25,5.75,1977,0.2
6,California,CA,2021,14.0,7.25,6.75,1977,0.2
6,California,CA,2022,15.0,7.25,7.75,1977,0.2
8,Colorado,CO,1974,2.0,2.0,0.0,2007,1.7
8,Colorado,CO,1975,2.1,2.1,0.0,2007,1.7
8,Colorado,CO,1976,2.3,2.3,0.0,2007,1.7
8,Colorado,CO,1977,2.3,2.3,0.0,2007,1.7
8,Colorado,CO,1978,2.65,2.65,0.0,2007,1.7
8,Colorado,CO,1979,2.9,2.9,0.0,2007,1.7
8,Colorado,CO,1980,3.1,3.1,0.0,2007,1.7
8,Colorado,CO,1981,3.35,3.35,0.0,2007,1.7
8,Colorado,CO,1982,3.35,3.35,0.0,2007,1.7
8,Colorado,CO,1983,3.35,3.35,0.0,2007,1.7
8,Colorado,CO,1984,3.35,3.35,0.0,2007,1.7
8,Colorado,CO,1985,3.35,3.35,0.0,2007,1.7
8,Colorado,CO,1986,3.35,3.35,0.0,2007,1.7
8,Colorado,CO,1987,3.35,3.35,0.0,2007,1.7
8,Colorado,CO,1988,3.35,3.35,0.0,2007,1.7
8,Colorado,CO,1989,3.35,3.35,0.0,2007,1.7
8,Colorado,CO,1990,3.35,3.35,0.0,2007,1.7
8,Colorado,CO,1991,3.8,3.8,0.0,2007,1.7
8,Colorado,CO,1992,4.25,4.25,0.0,2007,1.7
8,Colorado,CO,1993,4.25,4.25,0.0,2007,1.7
8,Colorado,CO,1994,4.25,4.25,0.0,2007,1.7
8,Colorado,CO,1995,4.25,4.25,0.0,2007,1.7
8,Colorado,CO,1996,4.25,4.25,0.0,2007,1.7
8,Colorado,CO,1997,4.75,4.75,0.0,2007,1.7
8,Colorado,CO,1998,5.15,5.15,0.0,2007,1.7
8,Colorado,CO,1999,5.15,5.15,0.0,2007,1.7
8,Colorado,CO,2000,5.15,5.15,0.0,2007,1.7
8,Colorado,CO,2001,5.15,5.15,0.0,2007,1.7
8,Colorado,CO,2002,5.15,5.15,0.0,2007,1.7
8,Colorado,CO,2003,5.15,5.15,0.0,2007,1.7
8,Colorado,CO,2004,5.15,5.15,0.0,2007,1.7
8,Colorado,CO,2005,5.15,5.15,0.0,2007,1.7
8,Colorado,CO,2006,5.15,5.15,0.0,2007,1.7
8,Colorado,CO,2007,6.85,5.15,1.7,2007,1.7
8,Colorado,CO,2008,7.02,5.85,1.17,2007,1.7
8,Colorado,CO,2009,7.28,6.55,0.73,2007,1.7
8,Colorado,CO,2010,7.25,7.25,0.0,2007,1.7
8,Colorado,CO,2011,7.36,7.25,0.11,2007,1.7
8,Colorado,CO,2012,7.64,7.25,0.39,2007,1.7
8,Colorado,CO,2013,7.78,7.25,0.53,2007,1.7
8,Colorado,CO,2014,8.0,7.25,0.75,2007,1.7
8,Colorado,CO,2015,8.23,7.25,0.98,2007,1.7
8,Colorado,CO,2016,8.31,7.25,1.06,2007,1.7
8,Colorado,CO,2017,9.3,7.25,2.05,2007,1.7
8,Colorado,CO,2018,10.2,7.25,2.95,2007,1.7
8,Colorado,CO,2019,11.1,7.25,3.85,2007,1.7
8,Colorado,CO,2020,12.0,7.25,4.75,2007,1.7
8,Colorado,CO,2021,12.32,7.25,5.07,2007,1.7
8,Colorado,CO,2022,12.56,7.25,5.31,2007,1.7
9,Connecticut,CT,1974,2.01,2.0,0.01,1974,0.01
9,Connecticut,CT,1975,2.1,2.1,0.0,1974,0.01
9,Connecticut,CT,1976,2.3,2.3,0.0,1974,0.01
9,Connecticut,CT,1977,2.31,2.3,0.01,1974,0.01
9,Connecticut,CT,1978,2.66,2.65,0.01,1974,0.01
9,Connecticut,CT,1979,2.91,2.9,0.01,1974,0.01
9,Connecticut,CT,1980,3.12,3.1,0.02,1974,0.01
9,Connecticut,CT,1981,3.37,3.35,0.02,1974,0.01
9,Connecticut,CT,1982,3.37,3.35,0.02,1974,0.01
9,Connecticut,CT,1983,3.37,3.35,0.02,1974,0.01
9,Connecticut,CT,1984,3.37,3.35,0.02,1974,0.01
9,Connecticut,CT,1985,3.37,3.35,0.02,1974,0.01
9,Connecticut,CT,1986,3.37,3.35,0.02,1974,0.01
9,Connecticut,CT,1987,3.37,3.35,0.02,1974,0.01
9,Connecticut,CT,1988,3.75,3.35,0.4,1974,0.01
9,Connecticut,CT,1989,4.25,3.35,0.9,1974,0.01
9,Connecticut,CT,1990,4.25,3.35,0.9,1974,0.01
9,Connecticut,CT,1991,4.25,3.8,0.45,1974,0.01
9,Connecticut,CT,1992,4.27,4.25,0.02,1974,0.01
9,Connecticut,CT,1993,4.27,4.25,0.02,1974,0.01
9,Connecticut,CT,1994,4.27,4.25,0.02,1974,0.01
9,Connecticut,CT,1995,4.27,4.25,0.02,1974,0.01
9,Connecticut,CT,1996,4.27,4.25,0.02,1974,0.01
9,Connecticut,CT,1997,4.77,4.75,0.02,1974,0.01
9,Connecticut,CT,1998,5.18,5.15,0.03,1974,0.01
9,Connecticut,CT,1999,5.65,5.15,0.5,1974,0.01
9,Connecticut,CT,2000,6.15,5.15,1.0,1974,0.01
9,Connecticut,CT,2001,6.4,5.15,1.25,1974,0.01
9,Connecticut,CT,2002,6.7,5.15,1.55,1974,0.01
9,Connecticut,CT,2003,6.9,5.15,1.75,1974,0.01
9,Connecticut,CT,2004,7.1,5.15,1.95,1974,0.01
9,Connecticut,CT,2005,7.1,5.15,1.95,1974,0.01
9,Connecticut,CT,2006,7.4,5.15,2.25,1974,0.01
9,Connecticut,CT,2007,7.65,5.15,2.5,1974,0.01
9,Connecticut,CT,2008,7.65,5.85,1.8,1974,0.01
9,Connecticut,CT,2009,8.0,6.55,1.45,1974,0.01
9,Connecticut,CT,2010,8.25,7.25,1.0,1974,0.01
9,Connecticut,CT,2011,8.25,7.25,1.0,1974,0.01
9,Connecticut,CT,2012,8.25,7.25,1.0,1974,0.01
9,Connecticut,CT,2013,8.25,7.25,1.0,1974,0.01
9,Connecticut,CT,2014,8.7,7.25,1.45,1974,0.01
9,Connecticut,CT,2015,9.15,7.25,1.9,1974,0.01
9,Connecticut,CT,2016,9.6,7.25,2.35,1974,0.01
9,Connecticut,CT,2017,10.1,7.25,2.85,1974,0.01
9,Connecticut,CT,2018,10.1,7.25,2.85,1974,0.01
9,Connecticut,CT,2019,10.1,7.25,2.85,1974,0.01
9,Connecticut,CT,2020,11.0,7.25,3.75,1974,0.01
9,Connecticut,CT,2021,12.0,7.25,4.75,1974,0.01
9,Connecticut,CT,2022,13.0,7.25,5.75,1974,0.01
11,District of Columbia,DC,1974,2.0,2.0,0.0,1981,0.4
11,District of Columbia,DC,1975,2.1,2.1,0.0,1981,0.4
11,District of Columbia,DC,1976,2.3,2.3,0.0,1981,0.4
11,District of Columbia,DC,1977,2.3,2.3,0.0,1981,0.4
11,District of Columbia,DC,1978,2.65,2.65,0.0,1981,0.4
11,District of Columbia,DC,1979,2.9,2.9,0.0,1981,0.4
11,District of Columbia,DC,1980,3.1,3.1,0.0,1981,0.4
11,District of Columbia,DC,1981,3.75,3.35,0.4,1981,0.4
11,District of Columbia,DC,1982,3.9,3.35,0.55,1981,0.4
11,District of Columbia,DC,1983,3.9,3.35,0.55,1981,0.4
11,District of Columbia,DC,1984,3.9,3.35,0.55,1981,0.4
11,District of Columbia,DC,1985,3.9,3.35,0.55,1981,0.4
11,District of Columbia,DC,1986,3.9,3.35,0.55,1981,0.4
11,District of Columbia,DC,1987,3.9,3.35,0.55,1981,0.4
11,District of Columbia,DC,1988,4.85,3.35,1.5,1981,0.4
11,District of Columbia,DC,1989,4.85,3.35,1.5,1981,0.4
11,District of Columbia,DC,1990,4.85,3.35,1.5,1981,0.4
11,District of Columbia,DC,1991,4.85,3.8,1.05,1981,0.4
11,District of Columbia,DC,1992,4.85,4.25,0.6,1981,0.4
11,District of Columbia,DC,1993,4.85,4.25,0.6,1981,0.4
11,District of Columbia,DC,1994,5.25,4.25,1.0,1981,0.4
11,District of Columbia,DC,1995,5.25,4.25,1.0,1981,0.4
11,District of Columbia,DC,1996,5.25,4.25,1.0,1981,0.4
11,District of Columbia,DC,1997,5.75,4.75,1.0,1981,0.4
11,District of Columbia,DC,1998,6.15,5.15,1.0,1981,0.4
11,District of Columbia,DC,1999,6.15,5.15,1.0,1981,0.4
11,District of Columbia,DC,2000,6.15,5.15,1.0,1981,0.4
11,District of Columbia,DC,2001,6.15,5.15,1.0,1981,0.4
11,District of Columbia,DC,2002,6.15,5.15,1.0,1981,0.4
11,District of Columbia,DC,2003,6.15,5.15,1.0,1981,0.4
11,District of Columbia,DC,2004,6.15,5.15,1.0,1981,0.4
11,District of Columbia,DC,2005,6.6,5.15,1.45,1981,0.4
11,District of Columbia,DC,2006,7.0,5.15,1.85,1981,0.4
11,District of Columbia,DC,2007,7.0,5.15,1.85,1981,0.4
11,District of Columbia,DC,2008,7.0,5.85,1.15,1981,0.4
11,District of Columbia,DC,2009,7.55,6.55,1.0,1981,0.4
11,District of Columbia,DC,2010,8.25,7.25,1.0,1981,0.4
11,District of Columbia,DC,2011,8.25,7.25,1.0,1981,0.4
11,District of Columbia,DC,2012,8.25,7.25,1.0,1981,0.4
11,District of Columbia,DC,2013,8.25,7.25,1.0,1981,0.4
11,District of Columbia,DC,2014,8.25,7.25,1.0,1981,0.4
11,District of Columbia,DC,2015,9.5,7.25,2.25,1981,0.4
11,District of Columbia,DC,2016,10.5,7.25,3.25,1981,0.4
11,District of Columbia,DC,2017,11.5,7.25,4.25,1981,0.4
11,District of Columbia,DC,2018,12.5,7.25,5.25,1981,0.4
11,District of Columbia,DC,2019,13.25,7.25,6.0,1981,0.4
11,District of Columbia,DC,2020,14.0,7.25,6.75,1981,0.4
11,District of Columbia,DC,2021,15.0,7.25,7.75,1981,0.4
11,District of Columbia,DC,2022,15.2,7.25,7.95,1981,0.4
10,Delaware,DE,1974,2.0,2.0,0.0,1997,0.25
10,Delaware,DE,1975,2.1,2.1,0.0,1997,0.25
10,Delaware,DE,1976,2.3,2.3,0.0,1997,0.25
10,Delaware,DE,1977,2.3,2.3,0.0,1997,0.25
10,Delaware,DE,1978,2.65,2.65,0.0,1997,0.25
10,Delaware,DE,1979,2.9,2.9,0.0,1997,0.25
10,Delaware,DE,1980,3.1,3.1,0.0,1997,0.25
10,Delaware,DE,1981,3.35,3.35,0.0,1997,0.25
10,Delaware,DE,1982,3.35,3.35,0.0,1997,0.25
10,Delaware,DE,1983,3.35,3.35,0.0,1997,0.25
10,Delaware,DE,1984,3.35,3.35,0.0,1997,0.25
10,Delaware,DE,1985,3.35,3.35,0.0,1997,0.25
10,Delaware,DE,1986,3.35,3.35,0.0,1997,0.25
10,Delaware,DE,1987,3.35,3.35,0.0,1997,0.25
10,Delaware,DE,1988,3.35,3.35,0.0,1997,0.25
10,Delaware,DE,1989,3.35,3.35,0.0,1997,0.25
10,Delaware,DE,1990,3.35,3.35,0.0,1997,0.25
10,Delaware,DE,1991,3.8,3.8,0.0,1997,0.25
10,Delaware,DE,1992,4.25,4.25,0.0,1997,0.25
10,Delaware,DE,1993,4.25,4.25,0.0,1997,0.25
10,Delaware,DE,1994,4.25,4.25,0.0,1997,0.25
10,Delaware,DE,1995,4.25,4.25,0.0,1997,0.25
10,Delaware,DE,1996,4.25,4.25,0.0,1997,0.25
10,Delaware,DE,1997,5.0,4.75,0.25,1997,0.25
10,Delaware,DE,1998,5.15,5.15,0.0,1997,0.25
10,Delaware,DE,1999,5.15,5.15,0.0,1997,0.25
10,Delaware,DE,2000,5.65,5.15,0.5,1997,0.25
10,Delaware,DE,2001,6.15,5.15,1.0,1997,0.25
10,Delaware,DE,2002,6.15,5.15,1.0,1997,0.25
10,Delaware,DE,2003,6.15,5.15,1.0,1997,0.25
10,Delaware,DE,2004,6.15,5.15,1.0,1997,0.25
10,Delaware,DE,2005,6.15,5.15,1.0,1997,0.25
10,Delaware,DE,2006,6.15,5.15,1.0,1997,0.25
10,Delaware,DE,2007,6.65,5.15,1.5,1997,0.25
10,Delaware,DE,2008,7.15,5.85,1.3,1997,0.25
10,Delaware,DE,2009,7.15,6.55,0.6,1997,0.25
10,Delaware,DE,2010,7.25,7.25,0.0,1997,0.25
10,Delaware,DE,2011,7.25,7.25,0.0,1997,0.25
10,Delaware,DE,2012,7.25,7.25,0.0,1997,0.25
10,Delaware,DE,2013,7.25,7.25,0.0,1997,0.25
10,Delaware,DE,2014,7.25,7.25,0.0,1997,0.25
10,Delaware,DE,2015,7.75,7.25,0.5,1997,0.25
10,Delaware,DE,2016,8.25,7.25,1.0,1997,0.25
10,Delaware,DE,2017,8.25,7.25,1.0,1997,0.25
10,Delaware,DE,2018,8.25,7.25,1.0,1997,0.25
10,Delaware,DE,2019,8.75,7.25,1.5,1997,0.25
10,Delaware,DE,2020,9.25,7.25,2.0,1997,0.25
10,Delaware,DE,2021,9.25,7.25,2.0,1997,0.25
10,Delaware,DE,2022,10.5,7.25,3.25,1997,0.25
12,Florida,FL,1974,2.0,2.0,0.0,2006,1.25
12,Florida,FL,1975,2.1,2.1,0.0,2006,1.25
12,Florida,FL,1976,2.3,2.3,0.0,2006,1.25
12,Florida,FL,1977,2.3,2.3,0.0,2006,1.25
12,Florida,FL,1978,2.65,2.65,0.0,2006,1.25
12,Florida,FL,1979,2.9,2.9,0.0,2006,1.25
12,Florida,FL,1980,3.1,3.1,0.0,2006,1.25
12,Florida,FL,1981,3.35,3.35,0.0,2006,1.25
12,Florida,FL,1982,3.35,3.35,0.0,2006,1.25
12,Florida,FL,1983,3.35,3.35,0.0,2006,1.25
12,Florida,FL,1984,3.35,3.35,0.0,2006,1.25
12,Florida,FL,1985,3.35,3.35,0.0,2006,1.25
12,Florida,FL,1986,3.35,3.35,0.0,2006,1.25
12,Florida,FL,1987,3.35,3.35,0.0,2006,1.25
12,Florida,FL,1988,3.35,3.35,0.0,2006,1.25
12,Florida,FL,1989,3.35,3.35,0.0,2006,1.25
12,Florida,FL,1990,3.35,3.35,0.0,2006,1.25
12,Florida,FL,1991,3.8,3.8,0.0,2006,1.25
12,Florida,FL,1992,4.25,4.25,0.0,2006,1.25
12,Florida,FL,1993,4.25,4.25,0.0,2006,1.25
12,Florida,FL,1994,4.25,4.25,0.0,2006,1.25
12,Florida,FL,1995,4.25,4.25,0.0,2006,1.25
12,Florida,FL,1996,4.25,4.25,0.0,2006,1.25
12,Florida,FL,1997,4.75,4.75,0.0,2006,1.25
12,Florida,FL,1998,5.15,5.15,0.0,2006,1.25
12,Florida,FL,1999,5.15,5.15,0.0,2006,1.25
12,Florida,FL,2000,5.15,5.15,0.0,2006,1.25
12,Florida,FL,2001,5.15,5.15,0.0,2006,1.25
12,Florida,FL,2002,5.15,5.15,0.0,2006,1.25
12,Florida,FL,2003,5.15,5.15,0.0,2006,1.25
12,Florida,FL,2004,5.15,5.15,0.0,2006,1.25
12,Florida,FL,2005,5.15,5.15,0.0,2006,1.25
12,Florida,FL,2006,6.4,5.15,1.25,2006,1.25
12,Florida,FL,2007,6.67,5.15,1.52,2006,1.25
12,Florida,FL,2008,6.79,5.85,0.94,2006,1.25
12,Florida,FL,2009,7.21,6.55,0.66,2006,1.25
12,Florida,FL,2010,7.25,7.25,0.0,2006,1.25
12,Florida,FL,2011,7.25,7.25,0.0,2006,1.25
12,Florida,FL,2012,7.67,7.25,0.42,2006,1.25
12,Florida,FL,2013,7.79,7.25,0.54,2006,1.25
12,Florida,FL,2014,7.93,7.25,0.68,2006,1.25
12,Florida,FL,2015,8.05,7.25,0.8,2006,1.25
12,Florida,FL,2016,8.05,7.25,0.8,2006,1.25
12,Florida,FL,2017,8.1,7.25,0.85,2006,1.25
12,Florida,FL,2018,8.25,7.25,1.0,2006,1.25
12,Florida,FL,2019,8.46,7.25,1.21,2006,1.25
12,Florida,FL,2020,8.56,7.25,1.31,2006,1.25
12,Florida,FL,2021,8.56,7.25,1.31,2006,1.25
12,Florida,FL,2022,10.0,7.25,2.75,2006,1.25
13,Georgia,GA,1974,2.0,2.0,0.0,0,0.0
13,Georgia,GA,1975,2.1,2.1,0.0,0,0.0
13,Georgia,GA,1976,2.3,2.3,0.0,0,0.0
13,Georgia,GA,1977,2.3,2.3,0.0,0,0.0
13,Georgia,GA,1978,2.65,2.65,0.0,0,0.0
13,Georgia,GA,1979,2.9,2.9,0.0,0,0.0
13,Georgia,GA,1980,3.1,3.1,0.0,0,0.0
13,Georgia,GA,1981,3.35,3.35,0.0,0,0.0
13,Georgia,GA,1982,3.35,3.35,0.0,0,0.0
13,Georgia,GA,1983,3.35,3.35,0.0,0,0.0
13,Georgia,GA,1984,3.35,3.35,0.0,0,0.0
13,Georgia,GA,1985,3.35,3.35,0.0,0,0.0
13,Georgia,GA,1986,3.35,3.35,0.0,0,0.0
13,Georgia,GA,1987,3.35,3.35,0.0,0,0.0
13,Georgia,GA,1988,3.35,3.35,0.0,0,0.0
13,Georgia,GA,1989,3.35,3.35,0.0,0,0.0
13,Georgia,GA,1990,3.35,3.35,0.0,0,0.0
13,Georgia,GA,1991,3.8,3.8,0.0,0,0.0
13,Georgia,GA,1992,4.25,4.25,0.0,0,0.0
13,Georgia,GA,1993,4.25,4.25,0.0,0,0.0
13,Georgia,GA,1994,4.25,4.25,0.0,0,0.0
13,Georgia,GA,1995,4.25,4.25,0.0,0,0.0
13,Georgia,GA,1996,4.25,4.25,0.0,0,0.0
13,Georgia,GA,1997,4.75,4.75,0.0,0,0.0
13,Georgia,GA,1998,5.15,5.15,0.0,0,0.0
13,Georgia,GA,1999,5.15,5.15,0.0,0,0.0
13,Georgia,GA,2000,5.15,5.15,0.0,0,0.0
13,Georgia,GA,2001,5.15,5.15,0.0,0,0.0
13,Georgia,GA,2002,5.15,5.15,0.0,0,0.0
13,Georgia,GA,2003,5.15,5.15,0.0,0,0.0
13,Georgia,GA,2004,5.15,5.15,0.0,0,0.0
13,Georgia,GA,2005,5.15,5.15,0.0,0,0.0
13,Georgia,GA,2006,5.15,5.15,0.0,0,0.0
13,Georgia,GA,2007,5.15,5.15,0.0,0,0.0
13,Georgia,GA,2008,5.85,5.85,0.0,0,0.0
13,Georgia,GA,2009,6.55,6.55,0.0,0,0.0
13,Georgia,GA,2010,7.25,7.25,0.0,0,0.0
13,Georgia,GA,2011,7.25,7.25,0.0,0,0.0
13,Georgia,GA,2012,7.25,7.25,0.0,0,0.0
13,Georgia,GA,2013,7.25,7.25,0.0,0,0.0
13,Georgia,GA,2014,7.25,7.25,0.0,0,0.0
13,Georgia,GA,2015,7.25,7.25,0.0,0,0.0
13,Georgia,GA,2016,7.25,7.25,0.0,0,0.0
13,Georgia,GA,2017,7.25,7.25,0.0,0,0.0
13,Georgia,GA,2018,7.25,7.25,0.0,0,0.0
13,Georgia,GA,2019,7.25,7.25,0.0,0,0.0
13,Georgia,GA,2020,7.25,7.25,0.0,0,0.0
13,Georgia,GA,2021,7.25,7.25,0.0,0,0.0
13,Georgia,GA,2022,7.25,7.25,0.0,0,0.0
15,Hawaii,HI,1974,2.0,2.0,0.0,1975,0.3
15,Hawaii,HI,1975,2.4,2.1,0.3,1975,0.3
15,Hawaii,HI,1976,2.4,2.3,0.1,1975,0.3
15,Hawaii,HI,1977,2.4,2.3,0.1,1975,0.3
15,Hawaii,HI,1978,2.65,2.65,0.0,1975,0.3
15,Hawaii,HI,1979,2.9,2.9,0.0,1975,0.3
15,Hawaii,HI,1980,3.1,3.1,0.0,1975,0.3
15,Hawaii,HI,1981,3.35,3.35,0.0,1975,0.3
15,Hawaii,HI,1982,3.35,3.35,0.0,1975,0.3
15,Hawaii,HI,1983,3.35,3.35,0.0,1975,0.3
15,Hawaii,HI,1984,3.35,3.35,0.0,1975,0.3
15,Hawaii,HI,1985,3.35,3.35,0.0,1975,0.3
15,Hawaii,HI,1986,3.35,3.35,0.0,1975,0.3
15,Hawaii,HI,1987,3.35,3.35,0.0,1975,0.3
15,Hawaii,HI,1988,3.85,3.35,0.5,1975,0.3
15,Hawaii,HI,1989,3.85,3.35,0.5,1975,0.3
15,Hawaii,HI,1990,3.85,3.35,0.5,1975,0.3
15,Hawaii,HI,1991,3.85,3.8,0.05,1975,0.3
15,Hawaii,HI,1992,4.25,4.25,0.0,1975,0.3
15,Hawaii,HI,1993,5.25,4.25,1.0,1975,0.3
15,Hawaii,HI,1994,5.25,4.25,1.0,1975,0.3
15,Hawaii,HI,1995,5.25,4.25,1.0,1975,0.3
15,Hawaii,HI,1996,5.25,4.25,1.0,1975,0.3
15,Hawaii,HI,1997,5.25,4.75,0.5,1975,0.3
15,Hawaii,HI,1998,5.25,5.15,0.1,1975,0.3
15,Hawaii,HI,1999,5.25,5.15,0.1,1975,0.3
15,Hawaii,HI,2000,5.25,5.15,0.1,1975,0.3
15,Hawaii,HI,2001,5.25,5.15,0.1,1975,0.3
15,Hawaii,HI,2002,5.75,5.15,0.6,1975,0.3
15,Hawaii,HI,2003,6.25,5.15,1.1,1975,0.3
15,Hawaii,HI,2004,6.25,5.15,1.1,1975,0.3
15,Hawaii,HI,2005,6.25,5.15,1.1,1975,0.3
15,Hawaii,HI,2006,6.75,5.15,1.6,1975,0.3
15,Hawaii,HI,2007,7.25,5.15,2.1,1975,0.3
15,Hawaii,HI,2008,7.25,5.85,1.4,1975,0.3
15,Hawaii,HI,2009,7.25,6.55,0.7,1975,0.3
15,Hawaii,HI,2010,7.25,7.25,0.0,1975,0.3
15,Hawaii,HI,2011,7.25,7.25,0.0,1975,0.3
15,Hawaii,HI,2012,7.25,7.25,0.0,1975,0.3
15,Hawaii,HI,2013,7.25,7.25,0.0,1975,0.3
15,Hawaii,HI,2014,7.25,7.25,0.0,1975,0.3
15,Hawaii,HI,2015,7.75,7.25,0.5,1975,0.3
15,Hawaii,HI,2016,8.5,7.25,1.25,1975,0.3
15,Hawaii,HI,2017,9.25,7.25,2.0,1975,0.3
15,Hawaii,HI,2018,10.1,7.25,2.85,1975,0.3
15,Hawaii,HI,2019,10.1,7.25,2.85,1975,0.3
15,Hawaii,HI,2020,10.1,7.25,2.85,1975,0.3
15,Hawaii,HI,2021,10.1,7.25,2.85,1975,0.3
15,Hawaii,HI,2022,10.1,7.25,2.85,1975,0.3
19,Iowa,IA,1974,2.0,2.0,0.0,1990,0.5
19,Iowa,IA,1975,2.1,2.1,0.0,1990,0.5
19,Iowa,IA,1976,2.3,2.3,0.0,1990,0.5
19,Iowa,IA,1977,2.3,2.3,0.0,1990,0.5
19,Iowa,IA,1978,2.65,2.65,0.0,1990,0.5
19,Iowa,IA,1979,2.9,2.9,0.0,1990,0.5
19,Iowa,IA,1980,3.1,3.1,0.0,1990,0.5
19,Iowa,IA,1981,3.35,3.35,0.0,1990,0.5
19,Iowa,IA,1982,3.35,3.35,0.0,1990,0.5
19,Iowa,IA,1983,3.35,3.35,0.0,1990,0.5
19,Iowa,IA,1984,3.35,3.35,0.0,1990,0.5
19,Iowa,IA,1985,3.35,3.35,0.0,1990,0.5
19,Iowa,IA,1986,3.35,3.35,0.0,1990,0.5
19,Iowa,IA,1987,3.35,3.35,0.0,1990,0.5
19,Iowa,IA,1988,3.35,3.35,0.0,1990,0.5
19,Iowa,IA,1989,3.35,3.35,0.0,1990,0.5
19,Iowa,IA,1990,3.85,3.35,0.5,1990,0.5
19,Iowa,IA,1991,4.25,3.8,0.45,1990,0.5
19,Iowa,IA,1992,4.65,4.25,0.4,1990,0.5
19,Iowa,IA,1993,4.65,4.25,0.4,1990,0.5
19,Iowa,IA,1994,4.65,4.25,0.4,1990,0.5
19,Iowa,IA,1995,4.65,4.25,0.4,1990,0.5
19,Iowa,IA,1996,4.65,4.25,0.4,1990,0.5
19,Iowa,IA,1997,4.75,4.75,0.0,1990,0.5
19,Iowa,IA,1998,5.15,5.15,0.0,1990,0.5
19,Iowa,IA,1999,5.15,5.15,0.0,1990,0.5
19,Iowa,IA,2000,5.15,5.15,0.0,1990,0.5
19,Iowa,IA,2001,5.15,5.15,0.0,1990,0.5
19,Iowa,IA,2002,5.15,5.15,0.0,1990,0.5
19,Iowa,IA,2003,5.15,5.15,0.0,1990,0.5
19,Iowa,IA,2004,5.15,5.15,0.0,1990,0.5
19,Iowa,IA,2005,5.15,5.15,0.0,1990,0.5
19,Iowa,IA,2006,5.15,5.15,0.0,1990,0.5
19,Iowa,IA,2007,5.15,5.15,0.0,1990,0.5
19,Iowa,IA,2008,7.25,5.85,1.4,1990,0.5
19,Iowa,IA,2009,7.25,6.55,0.7,1990,0.5
19,Iowa,IA,2010,7.25,7.25,0.0,1990,0.5
19,Iowa,IA,2011,7.25,7.25,0.0,1990,0.5
19,Iowa,IA,2012,7.25,7.25,0.0,1990,0.5
19,Iowa,IA,2013,7.25,7.25,0.0,1990,0.5
19,Iowa,IA,2014,7.25,7.25,0.0,1990,0.5
19,Iowa,IA,2015,7.25,7.25,0.0,1990,0.5
19,Iowa,IA,2016,7.25,7.25,0.0,1990,0.5
19,Iowa,IA,2017,7.25,7.25,0.0,1990,0.5
19,Iowa,IA,2018,7.25,7.25,0.0,1990,0.5
19,Iowa,IA,2019,7.25,7.25,0.0,1990,0.5
19,Iowa,IA,2020,7.25,7.25,0.0,1990,0.5
19,Iowa,IA,2021,7.25,7.25,0.0,1990,0.5
19,Iowa,IA,2022,7.25,7.25,0.0,1990,0.5
16,Idaho,ID,1974,2.0,2.0,0.0,0,0.0
16,Idaho,ID,1975,2.1,2.1,0.0,0,0.0
16,Idaho,ID,1976,2.3,2.3,0.0,0,0.0
16,Idaho,ID,1977,2.3,2.3,0.0,0,0.0
16,Idaho,ID,1978,2.65,2.65,0.0,0,0.0
16,Idaho,ID,1979,2.9,2.9,0.0,0,0.0
16,Idaho,ID,1980,3.1,3.1,0.0,0,0.0
16,Idaho,ID,1981,3.35,3.35,0.0,0,0.0
16,Idaho,ID,1982,3.35,3.35,0.0,0,0.0
16,Idaho,ID,1983,3.35,3.35,0.0,0,0.0
16,Idaho,ID,1984,3.35,3.35,0.0,0,0.0
16,Idaho,ID,1985,3.35,3.35,0.0,0,0.0
16,Idaho,ID,1986,3.35,3.35,0.0,0,0.0
16,Idaho,ID,1987,3.35,3.35,0.0,0,0.0
16,Idaho,ID,1988,3.35,3.35,0.0,0,0.0
16,Idaho,ID,1989,3.35,3.35,0.0,0,0.0
16,Idaho,ID,1990,3.35,3.35,0.0,0,0.0
16,Idaho,ID,1991,3.8,3.8,0.0,0,0.0
16,Idaho,ID,1992,4.25,4.25,0.0,0,0.0
16,Idaho,ID,1993,4.25,4.25,0.0,0,0.0
16,Idaho,ID,1994,4.25,4.25,0.0,0,0.0
16,Idaho,ID,1995,4.25,4.25,0.0,0,0.0
16,Idaho,ID,1996,4.25,4.25,0.0,0,0.0
16,Idaho,ID,1997,4.75,4.75,0.0,0,0.0
16,Idaho,ID,1998,5.15,5.15,0.0,0,0.0
16,Idaho,ID,1999,5.15,5.15,0.0,0,0.0
16,Idaho,ID,2000,5.15,5.15,0.0,0,0.0
16,Idaho,ID,2001,5.15,5.15,0.0,0,0.0
16,Idaho,ID,2002,5.15,5.15,0.0,0,0.0
16,Idaho,ID,2003,5.15,5.15,0.0,0,0.0
16,Idaho,ID,2004,5.15,5.15,0.0,0,0.0
16,Idaho,ID,2005,5.15,5.15,0.0,0,0.0
16,Idaho,ID,2006,5.15,5.15,0.0,0,0.0
16,Idaho,ID,2007,5.15,5.15,0.0,0,0.0
16,Idaho,ID,2008,5.85,5.85,0.0,0,0.0
16,Idaho,ID,2009,6.55,6.55,0.0,0,0.0
16,Idaho,ID,2010,7.25,7.25,0.0,0,0.0
16,Idaho,ID,2011,7.25,7.25,0.0,0,0.0
16,Idaho,ID,2012,7.25,7.25,0.0,0,0.0
16,Idaho,ID,2013,7.25,7.25,0.0,0,0.0
16,Idaho,ID,2014,7.25,7.25,0.0,0,0.0
16,Idaho,ID,2015,7.25,7.25,0.0,0,0.0
16,Idaho,ID,2016,7.25,7.25,0.0,0,0.0
16,Idaho,ID,2017,7.25,7.25,0.0,0,0.0
16,Idaho,ID,2018,7.25,7.25,0.0,0,0.0
16,Idaho,ID,2019,7.25,7.25,0.0,0,0.0
16,Idaho,ID,2020,7.25,7.25,0.0,0,0.0
16,Idaho,ID,2021,7.25,7.25,0.0,0,0.0
16,Idaho,ID,2022,7.25,7.25,0.0,0,0.0
17,Illinois,IL,1974,2.0,2.0,0.0,2004,0.35
17,Illinois,IL,1975,2.1,2.1,0.0,2004,0.35
17,Illinois,IL,1976,2.3,2.3,0.0,2004,0.35
17,Illinois,IL,1977,2.3,2.3,0.0,2004,0.35
17,Illinois,IL,1978,2.65,2.65,0.0,2004,0.35
17,Illinois,IL,1979,2.9,2.9,0.0,2004,0.35
17,Illinois,IL,1980,3.1,3.1,0.0,2004,0.35
17,Illinois,IL,1981,3.35,3.35,0.0,2004,0.35
17,Illinois,IL,1982,3.35,3.35,0.0,2004,0.35
17,Illinois,IL,1983,3.35,3.35,0.0,2004,0.35
17,Illinois,IL,1984,3.35,3.35,0.0,2004,0.35
17,Illinois,IL,1985,3.35,3.35,0.0,2004,0.35
17,Illinois,IL,1986,3.35,3.35,0.0,2004,0.35
17,Illinois,IL,1987,3.35,3.35,0.0,2004,0.35
17,Illinois,IL,1988,3.35,3.35,0.0,2004,0.35
17,Illinois,IL,1989,3.35,3.35,0.0,2004,0.35
17,Illinois,IL,1990,3.35,3.35,0.0,2004,0.35
17,Illinois,IL,1991,3.8,3.8,0.0,2004,0.35
17,Illinois,IL,1992,4.25,4.25,0.0,2004,0.35
17,Illinois,IL,1993,4.25,4.25,0.0,2004,0.35
17,Illinois,IL,1994,4.25,4.25,0.0,2004,0.35
17,Illinois,IL,1995,4.25,4.25,0.0,2004,0.35
17,Illinois,IL,1996,4.25,4.25,0.0,2004,0.35
17,Illinois,IL,1997,4.75,4.75,0.0,2004,0.35
17,Illinois,IL,1998,5.15,5.15,0.0,2004,0.35
17,Illinois,IL,1999,5.15,5.15,0.0,2004,0.35
17,Illinois,IL,2000,5.15,5.15,0.0,2004,0.35
17,Illinois,IL,2001,5.15,5.15,0.0,2004,0.35
17,Illinois,IL,2002,5.15,5.15,0.0,2004,0.35
17,Illinois,IL,2003,5.15,5.15,0.0,2004,0.35
17,Illinois,IL,2004,5.5,5.15,0.35,2004,0.35
17,Illinois,IL,2005,6.5,5.15,1.35,2004,0.35
17,Illinois,IL,2006,6.5,5.15,1.35,2004,0.35
17,Illinois,IL,2007,6.5,5.15,1.35,2004,0.35
17,Illinois,IL,2008,7.5,5.85,1.65,2004,0.35
17,Illinois,IL,2009,7.75,6.55,1.2,2004,0.35
17,Illinois,IL,2010,8.0,7.25,0.75,2004,0.35
17,Illinois,IL,2011,8.25,7.25,1.0,2004,0.35
17,Illinois,IL,2012,8.25,7.25,1.0,2004,0.35
17,Illinois,IL,2013,8.25,7.25,1.0,2004,0.35
17,Illinois,IL,2014,8.25,7.25,1.0,2004,0.35
17,Illinois,IL,2015,8.25,7.25,1.0,2004,0.35
17,Illinois,IL,2016,8.25,7.25,1.0,2004,0.35
17,Illinois,IL,2017,8.25,7.25,1.0,2004,0.35
17,Illinois,IL,2018,8.25,7.25,1.0,2004,0.35
17,Illinois,IL,2019,8.25,7.25,1.0,2004,0.35
17,Illinois,IL,2020,9.25,7.25,2.0,2004,0.35
17,Illinois,IL,2021,11.0,7.25,3.75,2004,0.35
17,Illinois,IL,2022,12.0,7.25,4.75,2004,0.35
18,Indiana,IN,1974,2.0,2.0,0.0,0,0.0
18,Indiana,IN,1975,2.1,2.1,0.0,0,0.0
18,Indiana,IN,1976,2.3,2.3,0.0,0,0.0
18,Indiana,IN,1977,2.3,2.3,0.0,0,0.0
18,Indiana,IN,1978,2.65,2.65,0.0,0,0.0
18,Indiana,IN,1979,2.9,2.9,0.0,0,0.0
18,Indiana,IN,1980,3.1,3.1,0.0,0,0.0
18,Indiana,IN,1981,3.35,3.35,0.0,0,0.0
18,Indiana,IN,1982,3.35,3.35,0.0,0,0.0
18,Indiana,IN,1983,3.35,3.35,0.0,0,0.0
18,Indiana,IN,1984,3.35,3.35,0.0,0,0.0
18,Indiana,IN,1985,3.35,3.35,0.0,0,0.0
18,Indiana,IN,1986,3.35,3.35,0.0,0,0.0
18,Indiana,IN,1987,3.35,3.35,0.0,0,0.0
18,Indiana,IN,1988,3.35,3.35,0.0,0,0.0
18,Indiana,IN,1989,3.35,3.35,0.0,0,0.0
18,Indiana,IN,1990,3.35,3.35,0.0,0,0.0
18,Indiana,IN,1991,3.8,3.8,0.0,0,0.0
18,Indiana,IN,1992,4.25,4.25,0.0,0,0.0
18,Indiana,IN,1993,4.25,4.25,0.0,0,0.0
18,Indiana,IN,1994,4.25,4.25,0.0,0,0.0
18,Indiana,IN,1995,4.25,4.25,0.0,0,0.0
18,Indiana,IN,1996,4.25,4.25,0.0,0,0.0
18,Indiana,IN,1997,4.75,4.75,0.0,0,0.0
18,Indiana,IN,1998,5.15,5.15,0.0,0,0.0
18,Indiana,IN,1999,5.15,5.15,0.0,0,0.0
18,Indiana,IN,2000,5.15,5.15,0.0,0,0.0
18,Indiana,IN,2001,5.15,5.15,0.0,0,0.0
18,Indiana,IN,2002,5.15,5.15,0.0,0,0.0
18,Indiana,IN,2003,5.15,5.15,0.0,0,0.0
18,Indiana,IN,2004,5.15,5.15,0.0,0,0.0
18,Indiana,IN,2005,5.15,5.15,0.0,0,0.0
18,Indiana,IN,2006,5.15,5.15,0.0,0,0.0
18,Indiana,IN,2007,5.15,5.15,0.0,0,0.0
18,Indiana,IN,2008,5.85,5.85,0.0,0,0.0
18,Indiana,IN,2009,6.55,6.55,0.0,0,0.0
18,Indiana,IN,2010,7.25,7.25,0.0,0,0.0
18,Indiana,IN,2011,7.25,7.25,0.0,0,0.0
18,Indiana,IN,2012,7.25,7.25,0.0,0,0.0
18,Indiana,IN,2013,7.25,7.25,0.0,0,0.0
18,Indiana,IN,2014,7.25,7.25,0.0,0,0.0
18,Indiana,IN,2015,7.25,7.25,0.0,0,0.0
18,Indiana,IN,2016,7.25,7.25,0.0,0,0.0
18,Indiana,IN,2017,7.25,7.25,0.0,0,0.0
18,Indiana,IN,2018,7.25,7.25,0.0,0,0.0
18,Indiana,IN,2019,7.25,7.25,0.0,0,0.0
18,Indiana,IN,2020,7.25,7.25,0.0,0,0.0
18,Indiana,IN,2021,7.25,7.25,0.0,0,0.0
18,Indiana,IN,2022,7.25,7.25,0.0,0,0.0
20,Kansas,KS,1974,2.0,2.0,0.0,0,0.0
20,Kansas,KS,1975,2.1,2.1,0.0,0,0.0
20,Kansas,KS,1976,2.3,2.3,0.0,0,0.0
20,Kansas,KS,1977,2.3,2.3,0.0,0,0.0
20,Kansas,KS,1978,2.65,2.65,0.0,0,0.0
20,Kansas,KS,1979,2.9,2.9,0.0,0,0.0
20,Kansas,KS,1980,3.1,3.1,0.0,0,0.0
20,Kansas,KS,1981,3.35,3.35,0.0,0,0.0
20,Kansas,KS,1982,3.35,3.35,0.0,0,0.0
20,Kansas,KS,1983,3.35,3.35,0.0,0,0.0
20,Kansas,KS,1984,3.35,3.35,0.0,0,0.0
20,Kansas,KS,1985,3.35,3.35,0.0,0,0.0
20,Kansas,KS,1986,3.35,3.35,0.0,0,0.0
20,Kansas,KS,1987,3.35,3.35,0.0,0,0.0
20,Kansas,KS,1988,3.35,3.35,0.0,0,0.0
20,Kansas,KS,1989,3.35,3.35,0.0,0,0.0
20,Kansas,KS,1990,3.35,3.35,0.0,0,0.0
20,Kansas,KS,1991,3.8,3.8,0.0,0,0.0
20,Kansas,KS,1992,4.25,4.25,0.0,0,0.0
20,Kansas,KS,1993,4.25,4.25,0.0,0,0.0
20,Kansas,KS,1994,4.25,4.25,0.0,0,0.0
20,Kansas,KS,1995,4.25,4.25,0.0,0,0.0
20,Kansas,KS,1996,4.25,4.25,0.0,0,0.0
20,Kansas,KS,1997,4.75,4.75,0.0,0,0.0
20,Kansas,KS,1998,5.15,5.15,0.0,0,0.0
20,Kansas,KS,1999,5.15,5.15,0.0,0,0.0
20,Kansas,KS,2000,5.15,5.15,0.0,0,0.0
20,Kansas,KS,2001,5.15,5.15,0.0,0,0.0
20,Kansas,KS,2002,5.15,5.15,0.0,0,0.0
20,Kansas,KS,2003,5.15,5.15,0.0,0,0.0
20,Kansas,KS,2004,5.15,5.15,0.0,0,0.0
20,Kansas,KS,2005,5.15,5.15,0.0,0,0.0
20,Kansas,KS,2006,5.15,5.15,0.0,0,0.0
20,Kansas,KS,2007,5.15,5.15,0.0,0,0.0
20,Kansas,KS,2008,5.85,5.85,0.0,0,0.0
20,Kansas,KS,2009,6.55,6.55,0.0,0,0.0
20,Kansas,KS,2010,7.25,7.25,0.0,0,0.0
20,Kansas,KS,2011,7.25,7.25,0.0,0,0.0
20,Kansas,KS,2012,7.25,7.25,0.0,0,0.0
20,Kansas,KS,2013,7.25,7.25,0.0,0,0.0
20,Kansas,KS,2014,7.25,7.25,0.0,0,0.0
20,Kansas,KS,2015,7.25,7.25,0.0,0,0.0
20,Kansas,KS,2016,7.25,7.25,0.0,0,0.0
20,Kansas,KS,2017,7.25,7.25,0.0,0,0.0
20,Kansas,KS,2018,7.25,7.25,0.0,0,0.0
20,Kansas,KS,2019,7.25,7.25,0.0,0,0.0
20,Kansas,KS,2020,7.25,7.25,0.0,0,0.0
20,Kansas,KS,2021,7.25,7.25,0.0,0,0.0
20,Kansas,KS,2022,7.25,7.25,0.0,0,0.0
21,Kentucky,KY,1974,2.0,2.0,0.0,0,0.0
21,Kentucky,KY,1975,2.1,2.1,0.0,0,0.0
21,Kentucky,KY,1976,2.3,2.3,0.0,0,0.0
21,Kentucky,KY,1977,2.3,2.3,0.0,0,0.0
21,Kentucky,KY,1978,2.65,2.65,0.0,0,0.0
21,Kentucky,KY,1979,2.9,2.9,0.0,0,0.0
21,Kentucky,KY,1980,3.1,3.1,0.0,0,0.0
21,Kentucky,KY,1981,3.35,3.35,0.0,0,0.0
21,Kentucky,KY,1982,3.35,3.35,0.0,0,0.0
21,Kentucky,KY,1983,3.35,3.35,0.0,0,0.0
21,Kentucky,KY,1984,3.35,3.35,0.0,0,0.0
21,Kentucky,KY,1985,3.35,3.35,0.0,0,0.0
21,Kentucky,KY,1986,3.35,3.35,0.0,0,0.0
21,Kentucky,KY,1987,3.35,3.35,0.0,0,0.0
21,Kentucky,KY,1988,3.35,3.35,0.0,0,0.0
21,Kentucky,KY,1989,3.35,3.35,0.0,0,0.0
21,Kentucky,KY,1990,3.35,3.35,0.0,0,0.0
21,Kentucky,KY,1991,3.8,3.8,0.0,0,0.0
21,Kentucky,KY,1992,4.25,4.25,0.0,0,0.0
21,Kentucky,KY,1993,4.25,4.25,0.0,0,0.0
21,Kentucky,KY,1994,4.25,4.25,0.0,0,0.0
21,Kentucky,KY,1995,4.25,4.25,0.0,0,0.0
21,Kentucky,KY,1996,4.25,4.25,0.0,0,0.0
21,Kentucky,KY,1997,4.75,4.75,0.0,0,0.0
21,Kentucky,KY,1998,5.15,5.15,0.0,0,0.0
21,Kentucky,KY,1999,5.15,5.15,0.0,0,0.0
21,Kentucky,KY,2000,5.15,5.15,0.0,0,0.0
21,Kentucky,KY,2001,5.15,5.15,0.0,0,0.0
21,Kentucky,KY,2002,5.15,5.15,0.0,0,0.0
21,Kentucky,KY,2003,5.15,5.15,0.0,0,0.0
21,Kentucky,KY,2004,5.15,5.15,0.0,0,0.0
21,Kentucky,KY,2005,5.15,5.15,0.0,0,0.0
21,Kentucky,KY,2006,5.15,5.15,0.0,0,0.0
21,Kentucky,KY,2007,5.15,5.15,0.0,0,0.0
21,Kentucky,KY,2008,5.85,5.85,0.0,0,0.0
21,Kentucky,KY,2009,6.55,6.55,0.0,0,0.0
21,Kentucky,KY,2010,7.25,7.25,0.0,0,0.0
21,Kentucky,KY,2011,7.25,7.25,0.0,0,0.0
21,Kentucky,KY,2012,7.25,7.25,0.0,0,0.0
21,Kentucky,KY,2013,7.25,7.25,0.0,0,0.0
21,Kentucky,KY,2014,7.25,7.25,0.0,0,0.0
21,Kentucky,KY,2015,7.25,7.25,0.0,0,0.0
21,Kentucky,KY,2016,7.25,7.25,0.0,0,0.0
21,Kentucky,KY,2017,7.25,7.25,0.0,0,0.0
21,Kentucky,KY,2018,7.25,7.25,0.0,0,0.0
21,Kentucky,KY,2019,7.25,7.25,0.0,0,0.0
21,Kentucky,KY,2020,7.25,7.25,0.0,0,0.0
21,Kentucky,KY,2021,7.25,7.25,0.0,0,0.0
21,Kentucky,KY,2022,7.25,7.25,0.0,0,0.0
22,Louisiana,LA,1974,2.0,2.0,0.0,0,0.0
22,Louisiana,LA,1975,2.1,2.1,0.0,0,0.0
22,Louisiana,LA,1976,2.3,2.3,0.0,0,0.0
22,Louisiana,LA,1977,2.3,2.3,0.0,0,0.0
22,Louisiana,LA,1978,2.65,2.65,0.0,0,0.0
22,Louisiana,LA,1979,2.9,2.9,0.0,0,0.0
22,Louisiana,LA,1980,3.1,3.1,0.0,0,0.0
22,Louisiana,LA,1981,3.35,3.35,0.0,0,0.0
22,Louisiana,LA,1982,3.35,3.35,0.0,0,0.0
22,Louisiana,LA,1983,3.35,3.35,0.0,0,0.0
22,Louisiana,LA,1984,3.35,3.35,0.0,0,0.0
22,Louisiana,LA,1985,3.35,3.35,0.0,0,0.0
22,Louisiana,LA,1986,3.35,3.35,0.0,0,0.0
22,Louisiana,LA,1987,3.35,3.35,0.0,0,0.0
22,Louisiana,LA,1988,3.35,3.35,0.0,0,0.0
22,Louisiana,LA,1989,3.35,3.35,0.0,0,0.0
22,Louisiana,LA,1990,3.35,3.35,0.0,0,0.0
22,Louisiana,LA,1991,3.8,3.8,0.0,0,0.0
22,Louisiana,LA,1992,4.25,4.25,0.0,0,0.0
22,Louisiana,LA,1993,4.25,4.25,0.0,0,0.0
22,Louisiana,LA,1994,4.25,4.25,0.0,0,0.0
22,Louisiana,LA,1995,4.25,4.25,0.0,0,0.0
22,Louisiana,LA,1996,4.25,4.25,0.0,0,0.0
22,Louisiana,LA,1997,4.75,4.75,0.0,0,0.0
22,Louisiana,LA,1998,5.15,5.15,0.0,0,0.0
22,Louisiana,LA,1999,5.15,5.15,0.0,0,0.0
22,Louisiana,LA,2000,5.15,5.15,0.0,0,0.0
22,Louisiana,LA,2001,5.15,5.15,0.0,0,0.0
22,Louisiana,LA,2002,5.15,5.15,0.0,0,0.0
22,Louisiana,LA,2003,5.15,5.15,0.0,0,0.0
22,Louisiana,LA,2004,5.15,5.15,0.0,0,0.0
22,Louisiana,LA,2005,5.15,5.15,0.0,0,0.0
22,Louisiana,LA,2006,5.15,5.15,0.0,0,0.0
22,Louisiana,LA,2007,5.15,5.15,0.0,0,0.0
22,Louisiana,LA,2008,5.85,5.85,0.0,0,0.0
22,Louisiana,LA,2009,6.55,6.55,0.0,0,0.0
22,Louisiana,LA,2010,7.25,7.25,0.0,0,0.0
22,Louisiana,LA,2011,7.25,7.25,0.0,0,0.0
22,Louisiana,LA,2012,7.25,7.25,0.0,0,0.0
22,Louisiana,LA,2013,7.25,7.25,0.0,0,0.0
22,Louisiana,LA,2014,7.25,7.25,0.0,0,0.0
22,Louisiana,LA,2015,7.25,7.25,0.0,0,0.0
22,Louisiana,LA,2016,7.25,7.25,0.0,0,0.0
22,Louisiana,LA,2017,7.25,7.25,0.0,0,0.0
22,Louisiana,LA,2018,7.25,7.25,0.0,0,0.0
22,Louisiana,LA,2019,7.25,7.25,0.0,0,0.0
22,Louisiana,LA,2020,7.25,7.25,0.0,0,0.0
22,Louisiana,LA,2021,7.25,7.25,0.0,0,0.0
22,Louisiana,LA,2022,7.25,7.25,0.0,0,0.0
25,Massachusetts,MA,1974,2.0,2.0,0.0,1987,0.2
25,Massachusetts,MA,1975,2.1,2.1,0.0,1987,0.2
25,Massachusetts,MA,1976,2.3,2.3,0.0,1987,0.2
25,Massachusetts,MA,1977,2.3,2.3,0.0,1987,0.2
25,Massachusetts,MA,1978,2.65,2.65,0.0,1987,0.2
25,Massachusetts,MA,1979,2.9,2.9,0.0,1987,0.2
25,Massachusetts,MA,1980,3.1,3.1,0.0,1987,0.2
25,Massachusetts,MA,1981,3.35,3.35,0.0,1987,0.2
25,Massachusetts,MA,1982,3.35,3.35,0.0,1987,0.2
25,Massachusetts,MA,1983,3.35,3.35,0.0,1987,0.2
25,Massachusetts,MA,1984,3.35,3.35,0.0,1987,0.2
25,Massachusetts,MA,1985,3.35,3.35,0.0,1987,0.2
25,Massachusetts,MA,1986,3.35,3.35,0.0,1987,0.2
25,Massachusetts,MA,1987,3.55,3.35,0.2,1987,0.2
25,Massachusetts,MA,1988,3.65,3.35,0.3,1987,0.2
25,Massachusetts,MA,1989,3.75,3.35,0.4,1987,0.2
25,Massachusetts,MA,1990,3.75,3.35,0.4,1987,0.2
25,Massachusetts,MA,1991,3.8,3.8,0.0,1987,0.2
25,Massachusetts,MA,1992,4.25,4.25,0.0,1987,0.2
25,Massachusetts,MA,1993,4.25,4.25,0.0,1987,0.2
25,Massachusetts,MA,1994,4.25,4.25,0.0,1987,0.2
25,Massachusetts,MA,1995,4.25,4.25,0.0,1987,0.2
25,Massachusetts,MA,1996,4.75,4.25,0.5,1987,0.2
25,Massachusetts,MA,1997,5.25,4.75,0.5,1987,0.2
25,Massachusetts,MA,1998,5.25,5.15,0.1,1987,0.2
25,Massachusetts,MA,1999,5.25,5.15,0.1,1987,0.2
25,Massachusetts,MA,2000,6.0,5.15,0.85,1987,0.2
25,Massachusetts,MA,2001,6.75,5.15,1.6,1987,0.2
25,Massachusetts,MA,2002,6.75,5.15,1.6,1987,0.2
25,Massachusetts,MA,2003,6.75,5.15,1.6,1987,0.2
25,Massachusetts,MA,2004,6.75,5.15,1.6,1987,0.2
25,Massachusetts,MA,2005,6.75,5.15,1.6,1987,0.2
25,Massachusetts,MA,2006,6.75,5.15,1.6,1987,0.2
25,Massachusetts,MA,2007,7.5,5.15,2.35,1987,0.2
25,Massachusetts,MA,2008,8.0,5.85,2.15,1987,0.2
25,Massachusetts,MA,2009,8.0,6.55,1.45,1987,0.2
25,Massachusetts,MA,2010,8.0,7.25,0.75,1987,0.2
25,Massachusetts,MA,2011,8.0,7.25,0.75,1987,0.2
25,Massachusetts,MA,2012,8.0,7.25,0.75,1987,0.2
25,Massachusetts,MA,2013,8.0,7.25,0.75,1987,0.2
25,Massachusetts,MA,2014,8.0,7.25,0.75,1987,0.2
25,Massachusetts,MA,2015,9.0,7.25,1.75,1987,0.2
25,Massachusetts,MA,2016,10.0,7.25,2.75,1987,0.2
25,Massachusetts,MA,2017,11.0,7.25,3.75,1987,0.2
25,Massachusetts,MA,2018,11.0,7.25,3.75,1987,0.2
25,Massachusetts,MA,2019,12.0,7.25,4.75,1987,0.2
25,Massachusetts,MA,2020,12.75,7.25,5.5,1987,0.2
25,Massachusetts,MA,2021,13.5,7.25,6.25,1987,0.2
25,Massachusetts,MA,2022,14.25,7.25,7.0,1987,0.2
24,Maryland,MD,1974,2.0,2.0,0.0,2007,1.0
24,Maryland,MD,1975,2.1,2.1,0.0,2007,1.0
24,Maryland,MD,1976,2.3,2.3,0.0,2007,1.0
24,Maryland,MD,1977,2.3,2.3,0.0,2007,1.0
24,Maryland,MD,1978,2.65,2.65,0.0,2007,1.0
24,Maryland,MD,1979,2.9,2.9,0.0,2007,1.0
24,Maryland,MD,1980,3.1,3.1,0.0,2007,1.0
24,Maryland,MD,1981,3.35,3.35,0.0,2007,1.0
24,Maryland,MD,1982,3.35,3.35,0.0,2007,1.0
24,Maryland,MD,1983,3.35,3.35,0.0,2007,1.0
24,Maryland,MD,1984,3.35,3.35,0.0,2007,1.0
24,Maryland,MD,1985,3.35,3.35,0.0,2007,1.0
24,Maryland,MD,1986,3.35,3.35,0.0,2007,1.0
24,Maryland,MD,1987,3.35,3.35,0.0,2007,1.0
24,Maryland,MD,1988,3.35,3.35,0.0,2007,1.0
24,Maryland,MD,1989,3.35,3.35,0.0,2007,1.0
24,Maryland,MD,1990,3.35,3.35,0.0,2007,1.0
24,Maryland,MD,1991,3.8,3.8,0.0,2007,1.0
24,Maryland,MD,1992,4.25,4.25,0.0,2007,1.0
24,Maryland,MD,1993,4.25,4.25,0.0,2007,1.0
24,Maryland,MD,1994,4.25,4.25,0.0,2007,1.0
24,Maryland,MD,1995,4.25,4.25,0.0,2007,1.0
24,Maryland,MD,1996,4.25,4.25,0.0,2007,1.0
24,Maryland,MD,1997,4.75,4.75,0.0,2007,1.0
24,Maryland,MD,1998,5.15,5.15,0.0,2007,1.0
24,Maryland,MD,1999,5.15,5.15,0.0,2007,1.0
24,Maryland,MD,2000,5.15,5.15,0.0,2007,1.0
24,Maryland,MD,2001,5.15,5.15,0.0,2007,1.0
24,Maryland,MD,2002,5.15,5.15,0.0,2007,1.0
24,Maryland,MD,2003,5.15,5.15,0.0,2007,1.0
24,Maryland,MD,2004,5.15,5.15,0.0,2007,1.0
24,Maryland,MD,2005,5.15,5.15,0.0,2007,1.0
24,Maryland,MD,2006,5.15,5.15,0.0,2007,1.0
24,Maryland,MD,2007,6.15,5.15,1.0,2007,1.0
24,Maryland,MD,2008,6.15,5.85,0.3,2007,1.0
24,Maryland,MD,2009,6.55,6.55,0.0,2007,1.0
24,Maryland,MD,2010,7.25,7.25,0.0,2007,1.0
24,Maryland,MD,2011,7.25,7.25,0.0,2007,1.0
24,Maryland,MD,2012,7.25,7.25,0.0,2007,1.0
24,Maryland,MD,2013,7.25,7.25,0.0,2007,1.0
24,Maryland,MD,2014,7.25,7.25,0.0,2007,1.0
24,Maryland,MD,2015,8.0,7.25,0.75,2007,1.0
24,Maryland,MD,2016,8.25,7.25,1.0,2007,1.0
24,Maryland,MD,2017,8.75,7.25,1.5,2007,1.0
24,Maryland,MD,2018,9.25,7.25,2.0,2007,1.0
24,Maryland,MD,2019,10.1,7.25,2.85,2007,1.0
24,Maryland,MD,2020,11.0,7.25,3.75,2007,1.0
24,Maryland,MD,2021,11.75,7.25,4.5,2007,1.0
24,Maryland,MD,2022,12.5,7.25,5.25,2007,1.0
23,Maine,ME,1974,2.0,2.0,0.0,1985,0.1
23,Maine,ME,1975,2.1,2.1,0.0,1985,0.1
23,Maine,ME,1976,2.3,2.3,0.0,1985,0.1
23,Maine,ME,1977,2.3,2.3,0.0,1985,0.1
23,Maine,ME,1978,2.65,2.65,0.0,1985,0.1
23,Maine,ME,1979,2.9,2.9,0.0,1985,0.1
23,Maine,ME,1980,3.1,3.1,0.0,1985,0.1
23,Maine,ME,1981,3.35,3.35,0.0,1985,0.1
23,Maine,ME,1982,3.35,3.35,0.0,1985,0.1
23,Maine,ME,1983,3.35,3.35,0.0,1985,0.1
23,Maine,ME,1984,3.35,3.35,0.0,1985,0.1
23,Maine,ME,1985,3.45,3.35,0.1,1985,0.1
23,Maine,ME,1986,3.55,3.35,0.2,1985,0.1
23,Maine,ME,1987,3.65,3.35,0.3,1985,0.1
23,Maine,ME,1988,3.65,3.35,0.3,1985,0.1
23,Maine,ME,1989,3.75,3.35,0.4,1985,0.1
23,Maine,ME,1990,3.85,3.35,0.5,1985,0.1
23,Maine,ME,1991,3.85,3.8,0.05,1985,0.1
23,Maine,ME,1992,4.25,4.25,0.0,1985,0.1
23,Maine,ME,1993,4.25,4.25,0.0,1985,0.1
23,Maine,ME,1994,4.25,4.25,0.0,1985,0.1
23,Maine,ME,1995,4.25,4.25,0.0,1985,0.1
23,Maine,ME,1996,4.25,4.25,0.0,1985,0.1
23,Maine,ME,1997,4.75,4.75,0.0,1985,0.1
23,Maine,ME,1998,5.15,5.15,0.0,1985,0.1
23,Maine,ME,1999,5.15,5.15,0.0,1985,0.1
23,Maine,ME,2000,5.15,5.15,0.0,1985,0.1
23,Maine,ME,2001,5.15,5.15,0.0,1985,0.1
23,Maine,ME,2002,5.75,5.15,0.6,1985,0.1
23,Maine,ME,2003,6.25,5.15,1.1,1985,0.1
23,Maine,ME,2004,6.25,5.15,1.1,1985,0.1
23,Maine,ME,2005,6.35,5.15,1.2,1985,0.1
23,Maine,ME,2006,6.5,5.15,1.35,1985,0.1
23,Maine,ME,2007,6.75,5.15,1.6,1985,0.1
23,Maine,ME,2008,7.0,5.85,1.15,1985,0.1
23,Maine,ME,2009,7.25,6.55,0.7,1985,0.1
23,Maine,ME,2010,7.5,7.25,0.25,1985,0.1
23,Maine,ME,2011,7.5,7.25,0.25,1985,0.1
23,Maine,ME,2012,7.5,7.25,0.25,1985,0.1
23,Maine,ME,2013,7.5,7.25,0.25,1985,0.1
23,Maine,ME,2014,7.5,7.25,0.25,1985,0.1
23,Maine,ME,2015,7.5,7.25,0.25,1985,0.1
23,Maine,ME,2016,7.5,7.25,0.25,1985,0.1
23,Maine,ME,2017,9.0,7.25,1.75,1985,0.1
23,Maine,ME,2018,10.0,7.25,2.75,1985,0.1
23,Maine,ME,2019,11.0,7.25,3.75,1985,0.1
23,Maine,ME,2020,12.0,7.25,4.75,1985,0.1
23,Maine,ME,2021,12.15,7.25,4.9,1985,0.1
23,Maine,ME,2022,12.75,7.25,5.5,1985,0.1
26,Michigan,MI,1974,2.0,2.0,0.0,2007,1.8
26,Michigan,MI,1975,2.1,2.1,0.0,2007,1.8
26,Michigan,MI,1976,2.3,2.3,0.0,2007,1.8
26,Michigan,MI,1977,2.3,2.3,0.0,2007,1.8
26,Michigan,MI,1978,2.65,2.65,0.0,2007,1.8
26,Michigan,MI,1979,2.9,2.9,0.0,2007,1.8
26,Michigan,MI,1980,3.1,3.1,0.0,2007,1.8
26,Michigan,MI,1981,3.35,3.35,0.0,2007,1.8
26,Michigan,MI,1982,3.35,3.35,0.0,2007,1.8
26,Michigan,MI,1983,3.35,3.35,0.0,2007,1.8
26,Michigan,MI,1984,3.35,3.35,0.0,2007,1.8
26,Michigan,MI,1985,3.35,3.35,0.0,2007,1.8
26,Michigan,MI,1986,3.35,3.35,0.0,2007,1.8
26,Michigan,MI,1987,3.35,3.35,0.0,2007,1.8
26,Michigan,MI,1988,3.35,3.35,0.0,2007,1.8
26,Michigan,MI,1989,3.35,3.35,0.0,2007,1.8
26,Michigan,MI,1990,3.35,3.35,0.0,2007,1.8
26,Michigan,MI,1991,3.8,3.8,0.0,2007,1.8
26,Michigan,MI,1992,4.25,4.25,0.0,2007,1.8
26,Michigan,MI,1993,4.25,4.25,0.0,2007,1.8
26,Michigan,MI,1994,4.25,4.25,0.0,2007,1.8
26,Michigan,MI,1995,4.25,4.25,0.0,2007,1.8
26,Michigan,MI,1996,4.25,4.25,0.0,2007,1.8
26,Michigan,MI,1997,4.75,4.75,0.0,2007,1.8
26,Michigan,MI,1998,5.15,5.15,0.0,2007,1.8
26,Michigan,MI,1999,5.15,5.15,0.0,2007,1.8
26,Michigan,MI,2000,5.15,5.15,0.0,2007,1.8
26,Michigan,MI,2001,5.15,5.15,0.0,2007,1.8
26,Michigan,MI,2002,5.15,5.15,0.0,2007,1.8
26,Michigan,MI,2003,5.15,5.15,0.0,2007,1.8
26,Michigan,MI,2004,5.15,5.15,0.0,2007,1.8
26,Michigan,MI,2005,5.15,5.15,0.0,2007,1.8
26,Michigan,MI,2006,5.15,5.15,0.0,2007,1.8
26,Michigan,MI,2007,6.95,5.15,1.8,2007,1.8
26,Michigan,MI,2008,7.15,5.85,1.3,2007,1.8
26,Michigan,MI,2009,7.4,6.55,0.85,2007,1.8
26,Michigan,MI,2010,7.4,7.25,0.15,2007,1.8
26,Michigan,MI,2011,7.4,7.25,0.15,2007,1.8
26,Michigan,MI,2012,7.4,7.25,0.15,2007,1.8
26,Michigan,MI,2013,7.4,7.25,0.15,2007,1.8
26,Michigan,MI,2014,7.4,7.25,0.15,2007,1.8
26,Michigan,MI,2015,8.15,7.25,0.9,2007,1.8
26,Michigan,MI,2016,8.5,7.25,1.25,2007,1.8
26,Michigan,MI,2017,8.9,7.25,1.65,2007,1.8
26,Michigan,MI,2018,9.25,7.25,2.0,2007,1.8
26,Michigan,MI,2019,9.25,7.25,2.0,2007,1.8
26,Michigan,MI,2020,9.65,7.25,2.4,2007,1.8
26,Michigan,MI,2021,9.65,7.25,2.4,2007,1.8
26,Michigan,MI,2022,9.87,7.25,2.62,2007,1.8
27,Minnesota,MN,1974,2.0,2.0,0.0,1988,0.2
27,Minnesota,MN,1975,2.1,2.1,0.0,1988,0.2
27,Minnesota,MN,1976,2.3,2.3,0.0,1988,0.2
27,Minnesota,MN,1977,2.3,2.3,0.0,1988,0.2
27,Minnesota,MN,1978,2.65,2.65,0.0,1988,0.2
27,Minnesota,MN,1979,2.9,2.9,0.0,1988,0.2
27,Minnesota,MN,1980,3.1,3.1,0.0,1988,0.2
27,Minnesota,MN,1981,3.35,3.35,0.0,1988,0.2
27,Minnesota,MN,1982,3.35,3.35,0.0,1988,0.2
27,Minnesota,MN,1983,3.35,3.35,0.0,1988,0.2
27,Minnesota,MN,1984,3.35,3.35,0.0,1988,0.2
27,Minnesota,MN,1985,3.35,3.35,0.0,1988,0.2
27,Minnesota,MN,1986,3.35,3.35,0.0,1988,0.2
27,Minnesota,MN,1987,3.35,3.35,0.0,1988,0.2
27,Minnesota,MN,1988,3.55,3.35,0.2,1988,0.2
27,Minnesota,MN,1989,3.85,3.35,0.5,1988,0.2
27,Minnesota,MN,1990,3.95,3.35,0.6,1988,0.2
27,Minnesota,MN,1991,4.25,3.8,0.45,1988,0.2
27,Minnesota,MN,1992,4.25,4.25,0.0,1988,0.2
27,Minnesota,MN,1993,4.25,4.25,0.0,1988,0.2
27,Minnesota,MN,1994,4.25,4.25,0.0,1988,0.2
27,Minnesota,MN,1995,4.25,4.25,0.0,1988,0.2
27,Minnesota,MN,1996,4.25,4.25,0.0,1988,0.2
27,Minnesota,MN,1997,4.75,4.75,0.0,1988,0.2
27,Minnesota,MN,1998,5.15,5.15,0.0,1988,0.2
27,Minnesota,MN,1999,5.15,5.15,0.0,1988,0.2
27,Minnesota,MN,2000,5.15,5.15,0.0,1988,0.2
27,Minnesota,MN,2001,5.15,5.15,0.0,1988,0.2
27,Minnesota,MN,2002,5.15,5.15,0.0,1988,0.2
27,Minnesota,MN,2003,5.15,5.15,0.0,1988,0.2
27,Minnesota,MN,2004,5.15,5.15,0.0,1988,0.2
27,Minnesota,MN,2005,5.15,5.15,0.0,1988,0.2
27,Minnesota,MN,2006,6.15,5.15,1.0,1988,0.2
27,Minnesota,MN,2007,6.15,5.15,1.0,1988,0.2
27,Minnesota,MN,2008,6.15,5.85,0.3,1988,0.2
27,Minnesota,MN,2009,6.55,6.55,0.0,1988,0.2
27,Minnesota,MN,2010,7.25,7.25,0.0,1988,0.2
27,Minnesota,MN,2011,7.25,7.25,0.0,1988,0.2
27,Minnesota,MN,2012,7.25,7.25,0.0,1988,0.2
27,Minnesota,MN,2013,7.25,7.25,0.0,1988,0.2
27,Minnesota,MN,2014,7.25,7.25,0.0,1988,0.2
27,Minnesota,MN,2015,8.0,7.25,0.75,1988,0.2
27,Minnesota,MN,2016,9.0,7.25,1.75,1988,0.2
27,Minnesota,MN,2017,9.5,7.25,2.25,1988,0.2
27,Minnesota,MN,2018,9.65,7.25,2.4,1988,0.2
27,Minnesota,MN,2019,9.86,7.25,2.61,1988,0.2
27,Minnesota,MN,2020,10.0,7.25,2.75,1988,0.2
27,Minnesota,MN,2021,10.08,7.25,2.83,1988,0.2
27,Minnesota,MN,2022,10.33,7.25,3.08,1988,0.2
29,Missouri,MO,1974,2.0,2.0,0.0,2007,1.35
29,Missouri,MO,1975,2.1,2.1,0.0,2007,1.35
29,Missouri,MO,1976,2.3,2.3,0.0,2007,1.35
29,Missouri,MO,1977,2.3,2.3,0.0,2007,1.35
29,Missouri,MO,1978,2.65,2.65,0.0,2007,1.35
29,Missouri,MO,1979,2.9,2.9,0.0,2007,1.35
29,Missouri,MO,1980,3.1,3.1,0.0,2007,1.35
29,Missouri,MO,1981,3.35,3.35,0.0,2007,1.35
29,Missouri,MO,1982,3.35,3.35,0.0,2007,1.35
29,Missouri,MO,1983,3.35,3.35,0.0,2007,1.35
29,Missouri,MO,1984,3.35,3.35,0.0,2007,1.35
29,Missouri,MO,1985,3.35,3.35,0.0,2007,1.35
29,Missouri,MO,1986,3.35,3.35,0.0,2007,1.35
29,Missouri,MO,1987,3.35,3.35,0.0,2007,1.35
29,Missouri,MO,1988,3.35,3.35,0.0,2007,1.35
29,Missouri,MO,1989,3.35,3.35,0.0,2007,1.35
29,Missouri,MO,1990,3.35,3.35,0.0,2007,1.35
29,Missouri,MO,1991,3.8,3.8,0.0,2007,1.35
29,Missouri,MO,1992,4.25,4.25,0.0,2007,1.35
29,Missouri,MO,1993,4.25,4.25,0.0,2007,1.35
29,Missouri,MO,1994,4.25,4.25,0.0,2007,1.35
29,Missouri,MO,1995,4.25,4.25,0.0,2007,1.35
29,Missouri,MO,1996,4.25,4.25,0.0,2007,1.35
29,Missouri,MO,1997,4.75,4.75,0.0,2007,1.35
29,Missouri,MO,1998,5.15,5.15,0.0,2007,1.35
29,Missouri,MO,1999,5.15,5.15,0.0,2007,1.35
29,Missouri,MO,2000,5.15,5.15,0.0,2007,1.35
29,Missouri,MO,2001,5.15,5.15,0.0,2007,1.35
29,Missouri,MO,2002,5.15,5.15,0.0,2007,1.35
29,Missouri,MO,2003,5.15,5.15,0.0,2007,1.35
29,Missouri,MO,2004,5.15,5.15,0.0,2007,1.35
29,Missouri,MO,2005,5.15,5.15,0.0,2007,1.35
29,Missouri,MO,2006,5.15,5.15,0.0,2007,1.35
29,Missouri,MO,2007,6.5,5.15,1.35,2007,1.35
29,Missouri,MO,2008,6.65,5.85,0.8,2007,1.35
29,Missouri,MO,2009,7.05,6.55,0.5,2007,1.35
29,Missouri,MO,2010,7.25,7.25,0.0,2007,1.35
29,Missouri,MO,2011,7.25,7.25,0.0,2007,1.35
29,Missouri,MO,2012,7.25,7.25,0.0,2007,1.35
29,Missouri,MO,2013,7.35,7.25,0.1,2007,1.35
29,Missouri,MO,2014,7.5,7.25,0.25,2007,1.35
29,Missouri,MO,2015,7.65,7.25,0.4,2007,1.35
29,Missouri,MO,2016,7.65,7.25,0.4,2007,1.35
29,Missouri,MO,2017,7.7,7.25,0.45,2007,1.35
29,Missouri,MO,2018,7.85,7.25,0.6,2007,1.35
29,Missouri,MO,2019,8.6,7.25,1.35,2007,1.35
29,Missouri,MO,2020,9.45,7.25,2.2,2007,1.35
29,Missouri,MO,2021,10.3,7.25,3.05,2007,1.35
29,Missouri,MO,2022,11.15,7.25,3.9,2007,1.35
28,Mississippi,MS,1974,2.0,2.0,0.0,0,0.0
28,Mississippi,MS,1975,2.1,2.1,0.0,0,0.0
28,Mississippi,MS,1976,2.3,2.3,0.0,0,0.0
28,Mississippi,MS,1977,2.3,2.3,0.0,0,0.0
28,Mississippi,MS,1978,2.65,2.65,0.0,0,0.0
28,Mississippi,MS,1979,2.9,2.9,0.0,0,0.0
28,Mississippi,MS,1980,3.1,3.1,0.0,0,0.0
28,Mississippi,MS,1981,3.35,3.35,0.0,0,0.0
28,Mississippi,MS,1982,3.35,3.35,0.0,0,0.0
28,Mississippi,MS,1983,3.35,3.35,0.0,0,0.0
28,Mississippi,MS,1984,3.35,3.35,0.0,0,0.0
28,Mississippi,MS,1985,3.35,3.35,0.0,0,0.0
28,Mississippi,MS,1986,3.35,3.35,0.0,0,0.0
28,Mississippi,MS,1987,3.35,3.35,0.0,0,0.0
28,Mississippi,MS,1988,3.35,3.35,0.0,0,0.0
28,Mississippi,MS,1989,3.35,3.35,0.0,0,0.0
28,Mississippi,MS,1990,3.35,3.35,0.0,0,0.0
28,Mississippi,MS,1991,3.8,3.8,0.0,0,0.0
28,Mississippi,MS,1992,4.25,4.25,0.0,0,0.0
28,Mississippi,MS,1993,4.25,4.25,0.0,0,0.0
28,Mississippi,MS,1994,4.25,4.25,0.0,0,0.0
28,Mississippi,MS,1995,4.25,4.25,0.0,0,0.0
28,Mississippi,MS,1996,4.25,4.25,0.0,0,0.0
28,Mississippi,MS,1997,4.75,4.75,0.0,0,0.0
28,Mississippi,MS,1998,5.15,5.15,0.0,0,0.0
28,Mississippi,MS,1999,5.15,5.15,0.0,0,0.0
28,Mississippi,MS,2000,5.15,5.15,0.0,0,0.0
28,Mississippi,MS,2001,5.15,5.15,0.0,0,0.0
28,Mississippi,MS,2002,5.15,5.15,0.0,0,0.0
28,Mississippi,MS,2003,5.15,5.15,0.0,0,0.0
28,Mississippi,MS,2004,5.15,5.15,0.0,0,0.0
28,Mississippi,MS,2005,5.15,5.15,0.0,0,0.0
28,Mississippi,MS,2006,5.15,5.15,0.0,0,0.0
28,Mississippi,MS,2007,5.15,5.15,0.0,0,0.0
28,Mississippi,MS,2008,5.85,5.85,0.0,0,0.0
28,Mississippi,MS,2009,6.55,6.55,0.0,0,0.0
28,Mississippi,MS,2010,7.25,7.25,0.0,0,0.0
28,Mississippi,MS,2011,7.25,7.25,0.0,0,0.0
28,Mississippi,MS,2012,7.25,7.25,0.0,0,0.0
28,Mississippi,MS,2013,7.25,7.25,0.0,0,0.0
28,Mississippi,MS,2014,7.25,7.25,0.0,0,0.0
28,Mississippi,MS,2015,7.25,7.25,0.0,0,0.0
28,Mississippi,MS,2016,7.25,7.25,0.0,0,0.0
28,Mississippi,MS,2017,7.25,7.25,0.0,0,0.0
28,Mississippi,MS,2018,7.25,7.25,0.0,0,0.0
28,Mississippi,MS,2019,7.25,7.25,0.0,0,0.0
28,Mississippi,MS,2020,7.25,7.25,0.0,0,0.0
28,Mississippi,MS,2021,7.25,7.25,0.0,0,0.0
28,Mississippi,MS,2022,7.25,7.25,0.0,0,0.0
30,Montana,MT,1974,2.0,2.0,0.0,2007,1.0
30,Montana,MT,1975,2.1,2.1,0.0,2007,1.0
30,Montana,MT,1976,2.3,2.3,0.0,2007,1.0
30,Montana,MT,1977,2.3,2.3,0.0,2007,1.0
30,Montana,MT,1978,2.65,2.65,0.0,2007,1.0
30,Montana,MT,1979,2.9,2.9,0.0,2007,1.0
30,Montana,MT,1980,3.1,3.1,0.0,2007,1.0
30,Montana,MT,1981,3.35,3.35,0.0,2007,1.0
30,Montana,MT,1982,3.35,3.35,0.0,2007,1.0
30,Montana,MT,1983,3.35,3.35,0.0,2007,1.0
30,Montana,MT,1984,3.35,3.35,0.0,2007,1.0
30,Montana,MT,1985,3.35,3.35,0.0,2007,1.0
30,Montana,MT,1986,3.35,3.35,0.0,2007,1.0
30,Montana,MT,1987,3.35,3.35,0.0,2007,1.0
30,Montana,MT,1988,3.35,3.35,0.0,2007,1.0
30,Montana,MT,1989,3.35,3.35,0.0,2007,1.0
30,Montana,MT,1990,3.35,3.35,0.0,2007,1.0
30,Montana,MT,1991,3.8,3.8,0.0,2007,1.0
30,Montana,MT,1992,4.25,4.25,0.0,2007,1.0
30,Montana,MT,1993,4.25,4.25,0.0,2007,1.0
30,Montana,MT,1994,4.25,4.25,0.0,2007,1.0
30,Montana,MT,1995,4.25,4.25,0.0,2007,1.0
30,Montana,MT,1996,4.25,4.25,0.0,2007,1.0
30,Montana,MT,1997,4.75,4.75,0.0,2007,1.0
30,Montana,MT,1998,5.15,5.15,0.0,2007,1.0
30,Montana,MT,1999,5.15,5.15,0.0,2007,1.0
30,Montana,MT,2000,5.15,5.15,0.0,2007,1.0
30,Montana,MT,2001,5.15,5.15,0.0,2007,1.0
30,Montana,MT,2002,5.15,5.15,0.0,2007,1.0
30,Montana,MT,2003,5.15,5.15,0.0,2007,1.0
30,Montana,MT,2004,5.15,5.15,0.0,2007,1.0
30,Montana,MT,2005,5.15,5.15,0.0,2007,1.0
30,Montana,MT,2006,5.15,5.15,0.0,2007,1.0
30,Montana,MT,2007,6.15,5.15,1.0,2007,1.0
30,Montana,MT,2008,6.25,5.85,0.4,2007,1.0
30,Montana,MT,2009,6.9,6.55,0.35,2007,1.0
30,Montana,MT,2010,7.25,7.25,0.0,2007,1.0
30,Montana,MT,2011,7.35,7.25,0.1,2007,1.0
30,Montana,MT,2012,7.65,7.25,0.4,2007,1.0
30,Montana,MT,2013,7.8,7.25,0.55,2007,1.0
30,Montana,MT,2014,7.9,7.25,0.65,2007,1.0
30,Montana,MT,2015,8.05,7.25,0.8,2007,1.0
30,Montana,MT,2016,8.05,7.25,0.8,2007,1.0
30,Montana,MT,2017,8.15,7.25,0.9,2007,1.0
30,Montana,MT,2018,8.3,7.25,1.05,2007,1.0
30,Montana,MT,2019,8.5,7.25,1.25,2007,1.0
30,Montana,MT,2020,8.65,7.25,1.4,2007,1.0
30,Montana,MT,2021,8.75,7.25,1.5,2007,1.0
30,Montana,MT,2022,9.2,7.25,1.95,2007,1.0
37,North Carolina,NC,1974,2.0,2.0,0.0,2007,1.0
37,North Carolina,NC,1975,2.1,2.1,0.0,2007,1.0
37,North Carolina,NC,1976,2.3,2.3,0.0,2007,1.0
37,North Carolina,NC,1977,2.3,2.3,0.0,2007,1.0
37,North Carolina,NC,1978,2.65,2.65,0.0,2007,1.0
37,North Carolina,NC,1979,2.9,2.9,0.0,2007,1.0
37,North Carolina,NC,1980,3.1,3.1,0.0,2007,1.0
37,North Carolina,NC,1981,3.35,3.35,0.0,2007,1.0
37,North Carolina,NC,1982,3.35,3.35,0.0,2007,1.0
37,North Carolina,NC,1983,3.35,3.35,0.0,2007,1.0
37,North Carolina,NC,1984,3.35,3.35,0.0,2007,1.0
37,North Carolina,NC,1985,3.35,3.35,0.0,2007,1.0
37,North Carolina,NC,1986,3.35,3.35,0.0,2007,1.0
37,North Carolina,NC,1987,3.35,3.35,0.0,2007,1.0
37,North Carolina,NC,1988,3.35,3.35,0.0,2007,1.0
37,North Carolina,NC,1989,3.35,3.35,0.0,2007,1.0
37,North Carolina,NC,1990,3.35,3.35,0.0,2007,1.0
37,North Carolina,NC,1991,3.8,3.8,0.0,2007,1.0
37,North Carolina,NC,1992,4.25,4.25,0.0,2007,1.0
37,North Carolina,NC,1993,4.25,4.25,0.0,2007,1.0
37,North Carolina,NC,1994,4.25,4.25,0.0,2007,1.0
37,North Carolina,NC,1995,4.25,4.25,0.0,2007,1.0
37,North Carolina,NC,1996,4.25,4.25,0.0,2007,1.0
37,North Carolina,NC,1997,4.75,4.75,0.0,2007,1.0
37,North Carolina,NC,1998,5.15,5.15,0.0,2007,1.0
37,North Carolina,NC,1999,5.15,5.15,0.0,2007,1.0
37,North Carolina,NC,2000,5.15,5.15,0.0,2007,1.0
37,North Carolina,NC,2001,5.15,5.15,0.0,2007,1.0
37,North Carolina,NC,2002,5.15,5.15,0.0,2007,1.0
37,North Carolina,NC,2003,5.15,5.15,0.0,2007,1.0
37,North Carolina,NC,2004,5.15,5.15,0.0,2007,1.0
37,North Carolina,NC,2005,5.15,5.15,0.0,2007,1.0
37,North Carolina,NC,2006,5.15,5.15,0.0,2007,1.0
37,North Carolina,NC,2007,6.15,5.15,1.0,2007,1.0
37,North Carolina,NC,2008,6.15,5.85,0.3,2007,1.0
37,North Carolina,NC,2009,6.55,6.55,0.0,2007,1.0
37,North Carolina,NC,2010,7.25,7.25,0.0,2007,1.0
37,North Carolina,NC,2011,7.25,7.25,0.0,2007,1.0
37,North Carolina,NC,2012,7.25,7.25,0.0,2007,1.0
37,North Carolina,NC,2013,7.25,7.25,0.0,2007,1.0
37,North Carolina,NC,2014,7.25,7.25,0.0,2007,1.0
37,North Carolina,NC,2015,7.25,7.25,0.0,2007,1.0
37,North Carolina,NC,2016,7.25,7.25,0.0,2007,1.0
37,North Carolina,NC,2017,7.25,7.25,0.0,2007,1.0
37,North Carolina,NC,2018,7.25,7.25,0.0,2007,1.0
37,North Carolina,NC,2019,7.25,7.25,0.0,2007,1.0
37,North Carolina,NC,2020,7.25,7.25,0.0,2007,1.0
37,North Carolina,NC,2021,7.25,7.25,0.0,2007,1.0
37,North Carolina,NC,2022,7.25,7.25,0.0,2007,1.0
38,North Dakota,ND,1974,2.0,2.0,0.0,1990,0.05
38,North Dakota,ND,1975,2.1,2.1,0.0,1990,0.05
38,North Dakota,ND,1976,2.3,2.3,0.0,1990,0.05
38,North Dakota,ND,1977,2.3,2.3,0.0,1990,0.05
38,North Dakota,ND,1978,2.65,2.65,0.0,1990,0.05
38,North Dakota,ND,1979,2.9,2.9,0.0,1990,0.05
38,North Dakota,ND,1980,3.1,3.1,0.0,1990,0.05
38,North Dakota,ND,1981,3.35,3.35,0.0,1990,0.05
38,North Dakota,ND,1982,3.35,3.35,0.0,1990,0.05
38,North Dakota,ND,1983,3.35,3.35,0.0,1990,0.05
38,North Dakota,ND,1984,3.35,3.35,0.0,1990,0.05
38,North Dakota,ND,1985,3.35,3.35,0.0,1990,0.05
38,North Dakota,ND,1986,3.35,3.35,0.0,1990,0.05
38,North Dakota,ND,1987,3.35,3.35,0.0,1990,0.05
38,North Dakota,ND,1988,3.35,3.35,0.0,1990,0.05
38,North Dakota,ND,1989,3.35,3.35,0.0,1990,0.05
38,North Dakota,ND,1990,3.4,3.35,0.05,1990,0.05
38,North Dakota,ND,1991,3.8,3.8,0.0,1990,0.05
38,North Dakota,ND,1992,4.25,4.25,0.0,1990,0.05
38,North Dakota,ND,1993,4.25,4.25,0.0,1990,0.05
38,North Dakota,ND,1994,4.25,4.25,0.0,1990,0.05
38,North Dakota,ND,1995,4.25,4.25,0.0,1990,0.05
38,North Dakota,ND,1996,4.25,4.25,0.0,1990,0.05
38,North Dakota,ND,1997,4.75,4.75,0.0,1990,0.05
38,North Dakota,ND,1998,5.15,5.15,0.0,1990,0.05
38,North Dakota,ND,1999,5.15,5.15,0.0,1990,0.05
38,North Dakota,ND,2000,5.15,5.15,0.0,1990,0.05
38,North Dakota,ND,2001,5.15,5.15,0.0,1990,0.05
38,North Dakota,ND,2002,5.15,5.15,0.0,1990,0.05
38,North Dakota,ND,2003,5.15,5.15,0.0,1990,0.05
38,North Dakota,ND,2004,5.15,5.15,0.0,1990,0.05
38,North Dakota,ND,2005,5.15,5.15,0.0,1990,0.05
38,North Dakota,ND,2006,5.15,5.15,0.0,1990,0.05
38,North Dakota,ND,2007,5.15,5.15,0.0,1990,0.05
38,North Dakota,ND,2008,5.85,5.85,0.0,1990,0.05
38,North Dakota,ND,2009,6.55,6.55,0.0,1990,0.05
38,North Dakota,ND,2010,7.25,7.25,0.0,1990,0.05
38,North Dakota,ND,2011,7.25,7.25,0.0,1990,0.05
38,North Dakota,ND,2012,7.25,7.25,0.0,1990,0.05
38,North Dakota,ND,2013,7.25,7.25,0.0,1990,0.05
38,North Dakota,ND,2014,7.25,7.25,0.0,1990,0.05
38,North Dakota,ND,2015,7.25,7.25,0.0,1990,0.05
38,North Dakota,ND,2016,7.25,7.25,0.0,1990,0.05
38,North Dakota,ND,2017,7.25,7.25,0.0,1990,0.05
38,North Dakota,ND,2018,7.25,7.25,0.0,1990,0.05
38,North Dakota,ND,2019,7.25,7.25,0.0,1990,0.05
38,North Dakota,ND,2020,7.25,7.25,0.0,1990,0.05
38,North Dakota,ND,2021,7.25,7.25,0.0,1990,0.05
38,North Dakota,ND,2022,7.25,7.25,0.0,1990,0.05
31,Nebraska,NE,1974,2.0,2.0,0.0,2015,0.75
31,Nebraska,NE,1975,2.1,2.1,0.0,2015,0.75
31,Nebraska,NE,1976,2.3,2.3,0.0,2015,0.75
31,Nebraska,NE,1977,2.3,2.3,0.0,2015,0.75
31,Nebraska,NE,1978,2.65,2.65,0.0,2015,0.75
31,Nebraska,NE,1979,2.9,2.9,0.0,2015,0.75
31,Nebraska,NE,1980,3.1,3.1,0.0,2015,0.75
31,Nebraska,NE,1981,3.35,3.35,0.0,2015,0.75
31,Nebraska,NE,1982,3.35,3.35,0.0,2015,0.75
31,Nebraska,NE,1983,3.35,3.35,0.0,2015,0.75
31,Nebraska,NE,1984,3.35,3.35,0.0,2015,0.75
31,Nebraska,NE,1985,3.35,3.35,0.0,2015,0.75
31,Nebraska,NE,1986,3.35,3.35,0.0,2015,0.75
31,Nebraska,NE,1987,3.35,3.35,0.0,2015,0.75
31,Nebraska,NE,1988,3.35,3.35,0.0,2015,0.75
31,Nebraska,NE,1989,3.35,3.35,0.0,2015,0.75
31,Nebraska,NE,1990,3.35,3.35,0.0,2015,0.75
31,Nebraska,NE,1991,3.8,3.8,0.0,2015,0.75
31,Nebraska,NE,1992,4.25,4.25,0.0,2015,0.75
31,Nebraska,NE,1993,4.25,4.25,0.0,2015,0.75
31,Nebraska,NE,1994,4.25,4.25,0.0,2015,0.75
31,Nebraska,NE,1995,4.25,4.25,0.0,2015,0.75
31,Nebraska,NE,1996,4.25,4.25,0.0,2015,0.75
31,Nebraska,NE,1997,4.75,4.75,0.0,2015,0.75
31,Nebraska,NE,1998,5.15,5.15,0.0,2015,0.75
31,Nebraska,NE,1999,5.15,5.15,0.0,2015,0.75
31,Nebraska,NE,2000,5.15,5.15,0.0,2015,0.75
31,Nebraska,NE,2001,5.15,5.15,0.0,2015,0.75
31,Nebraska,NE,2002,5.15,5.15,0.0,2015,0.75
31,Nebraska,NE,2003,5.15,5.15,0.0,2015,0.75
31,Nebraska,NE,2004,5.15,5.15,0.0,2015,0.75
31,Nebraska,NE,2005,5.15,5.15,0.0,2015,0.75
31,Nebraska,NE,2006,5.15,5.15,0.0,2015,0.75
31,Nebraska,NE,2007,5.15,5.15,0.0,2015,0.75
31,Nebraska,NE,2008,5.85,5.85,0.0,2015,0.75
31,Nebraska,NE,2009,6.55,6.55,0.0,2015,0.75
31,Nebraska,NE,2010,7.25,7.25,0.0,2015,0.75
31,Nebraska,NE,2011,7.25,7.25,0.0,2015,0.75
31,Nebraska,NE,2012,7.25,7.25,0.0,2015,0.75
31,Nebraska,NE,2013,7.25,7.25,0.0,2015,0.75
31,Nebraska,NE,2014,7.25,7.25,0.0,2015,0.75
31,Nebraska,NE,2015,8.0,7.25,0.75,2015,0.75
31,Nebraska,NE,2016,9.0,7.25,1.75,2015,0.75
31,Nebraska,NE,2017,9.0,7.25,1.75,2015,0.75
31,Nebraska,NE,2018,9.0,7.25,1.75,2015,0.75
31,Nebraska,NE,2019,9.0,7.25,1.75,2015,0.75
31,Nebraska,NE,2020,9.0,7.25,1.75,2015,0.75
31,Nebraska,NE,2021,9.0,7.25,1.75,2015,0.75
31,Nebraska,NE,2022,9.0,7.25,1.75,2015,0.75
33,New Hampshire,NH,1974,2.0,2.0,0.0,1987,0.1
33,New Hampshire,NH,1975,2.1,2.1,0.0,1987,0.1
33,New Hampshire,NH,1976,2.3,2.3,0.0,1987,0.1
33,New Hampshire,NH,1977,2.3,2.3,0.0,1987,0.1
33,New Hampshire,NH,1978,2.65,2.65,0.0,1987,0.1
33,New Hampshire,NH,1979,2.9,2.9,0.0,1987,0.1
33,New Hampshire,NH,1980,3.1,3.1,0.0,1987,0.1
33,New Hampshire,NH,1981,3.35,3.35,0.0,1987,0.1
33,New Hampshire,NH,1982,3.35,3.35,0.0,1987,0.1
33,New Hampshire,NH,1983,3.35,3.35,0.0,1987,0.1
33,New Hampshire,NH,1984,3.35,3.35,0.0,1987,0.1
33,New Hampshire,NH,1985,3.35,3.35,0.0,1987,0.1
33,New Hampshire,NH,1986,3.35,3.35,0.0,1987,0.1
33,New Hampshire,NH,1987,3.45,3.35,0.1,1987,0.1
33,New Hampshire,NH,1988,3.55,3.35,0.2,1987,0.1
33,New Hampshire,NH,1989,3.65,3.35,0.3,1987,0.1
33,New Hampshire,NH,1990,3.75,3.35,0.4,1987,0.1
33,New Hampshire,NH,1991,3.85,3.8,0.05,1987,0.1
33,New Hampshire,NH,1992,4.25,4.25,0.0,1987,0.1
33,New Hampshire,NH,1993,4.25,4.25,0.0,1987,0.1
33,New Hampshire,NH,1994,4.25,4.25,0.0,1987,0.1
33,New Hampshire,NH,1995,4.25,4.25,0.0,1987,0.1
33,New Hampshire,NH,1996,4.25,4.25,0.0,1987,0.1
33,New Hampshire,NH,1997,4.75,4.75,0.0,1987,0.1
33,New Hampshire,NH,1998,5.15,5.15,0.0,1987,0.1
33,New Hampshire,NH,1999,5.15,5.15,0.0,1987,0.1
33,New Hampshire,NH,2000,5.15,5.15,0.0,1987,0.1
33,New Hampshire,NH,2001,5.15,5.15,0.0,1987,0.1
33,New Hampshire,NH,2002,5.15,5.15,0.0,1987,0.1
33,New Hampshire,NH,2003,5.15,5.15,0.0,1987,0.1
33,New Hampshire,NH,2004,5.15,5.15,0.0,1987,0.1
33,New Hampshire,NH,2005,5.15,5.15,0.0,1987,0.1
33,New Hampshire,NH,2006,5.15,5.15,0.0,1987,0.1
33,New Hampshire,NH,2007,5.15,5.15,0.0,1987,0.1
33,New Hampshire,NH,2008,6.5,5.85,0.65,1987,0.1
33,New Hampshire,NH,2009,7.25,6.55,0.7,1987,0.1
33,New Hampshire,NH,2010,7.25,7.25,0.0,1987,0.1
33,New Hampshire,NH,2011,7.25,7.25,0.0,1987,0.1
33,New Hampshire,NH,2012,7.25,7.25,0.0,1987,0.1
33,New Hampshire,NH,2013,7.25,7.25,0.0,1987,0.1
33,New Hampshire,NH,2014,7.25,7.25,0.0,1987,0.1
33,New Hampshire,NH,2015,7.25,7.25,0.0,1987,0.1
33,New Hampshire,NH,2016,7.25,7.25,0.0,1987,0.1
33,New Hampshire,NH,2017,7.25,7.25,0.0,1987,0.1
33,New Hampshire,NH,2018,7.25,7.25,0.0,1987,0.1
33,New Hampshire,NH,2019,7.25,7.25,0.0,1987,0.1
33,New Hampshire,NH,2020,7.25,7.25,0.0,1987,0.1
33,New Hampshire,NH,2021,7.25,7.25,0.0,1987,0.1
33,New Hampshire,NH,2022,7.25,7.25,0.0,1987,0.1
34,New Jersey,NJ,1974,2.0,2.0,0.0,1993,0.8
34,New Jersey,NJ,1975,2.1,2.1,0.0,1993,0.8
34,New Jersey,NJ,1976,2.3,2.3,0.0,1993,0.8
34,New Jersey,NJ,1977,2.3,2.3,0.0,1993,0.8
34,New Jersey,NJ,1978,2.65,2.65,0.0,1993,0.8
34,New Jersey,NJ,1979,2.9,2.9,0.0,1993,0.8
34,New Jersey,NJ,1980,3.1,3.1,0.0,1993,0.8
34,New Jersey,NJ,1981,3.35,3.35,0.0,1993,0.8
34,New Jersey,NJ,1982,3.35,3.35,0.0,1993,0.8
34,New Jersey,NJ,1983,3.35,3.35,0.0,1993,0.8
34,New Jersey,NJ,1984,3.35,3.35,0.0,1993,0.8
34,New Jersey,NJ,1985,3.35,3.35,0.0,1993,0.8
34,New Jersey,NJ,1986,3.35,3.35,0.0,1993,0.8
34,New Jersey,NJ,1987,3.35,3.35,0.0,1993,0.8
34,New Jersey,NJ,1988,3.35,3.35,0.0,1993,0.8
34,New Jersey,NJ,1989,3.35,3.35,0.0,1993,0.8
34,New Jersey,NJ,1990,3.35,3.35,0.0,1993,0.8
34,New Jersey,NJ,1991,3.8,3.8,0.0,1993,0.8
34,New Jersey,NJ,1992,4.25,4.25,0.0,1993,0.8
34,New Jersey,NJ,1993,5.05,4.25,0.8,1993,0.8
34,New Jersey,NJ,1994,5.05,4.25,0.8,1993,0.8
34,New Jersey,NJ,1995,5.05,4.25,0.8,1993,0.8
34,New Jersey,NJ,1996,5.05,4.25,0.8,1993,0.8
34,New Jersey,NJ,1997,5.05,4.75,0.3,1993,0.8
34,New Jersey,NJ,1998,5.15,5.15,0.0,1993,0.8
34,New Jersey,NJ,1999,5.15,5.15,0.0,1993,0.8
34,New Jersey,NJ,2000,5.15,5.15,0.0,1993,0.8
34,New Jersey,NJ,2001,5.15,5.15,0.0,1993,0.8
34,New Jersey,NJ,2002,5.15,5.15,0.0,1993,0.8
34,New Jersey,NJ,2003,5.15,5.15,0.0,1993,0.8
34,New Jersey,NJ,2004,5.15,5.15,0.0,1993,0.8
34,New Jersey,NJ,2005,5.15,5.15,0.0,1993,0.8
34,New Jersey,NJ,2006,6.15,5.15,1.0,1993,0.8
34,New Jersey,NJ,2007,7.15,5.15,2.0,1993,0.8
34,New Jersey,NJ,2008,7.15,5.85,1.3,1993,0.8
34,New Jersey,NJ,2009,7.15,6.55,0.6,1993,0.8
34,New Jersey,NJ,2010,7.25,7.25,0.0,1993,0.8
34,New Jersey,NJ,2011,7.25,7.25,0.0,1993,0.8
34,New Jersey,NJ,2012,7.25,7.25,0.0,1993,0.8
34,New Jersey,NJ,2013,7.25,7.25,0.0,1993,0.8
34,New Jersey,NJ,2014,8.25,7.25,1.0,1993,0.8
34,New Jersey,NJ,2015,8.38,7.25,1.13,1993,0.8
34,New Jersey,NJ,2016,8.38,7.25,1.13,1993,0.8
34,New Jersey,NJ,2017,8.44,7.25,1.19,1993,0.8
34,New Jersey,NJ,2018,8.6,7.25,1.35,1993,0.8
34,New Jersey,NJ,2019,8.85,7.25,1.6,1993,0.8
34,New Jersey,NJ,2020,11.0,7.25,3.75,1993,0.8
34,New Jersey,NJ,2021,12.0,7.25,4.75,1993,0.8
34,New Jersey,NJ,2022,13.0,7.25,5.75,1993,0.8
35,New Mexico,NM,1974,2.0,2.0,0.0,2008,0.65
35,New Mexico,NM,1975,2.1,2.1,0.0,2008,0.65
35,New Mexico,NM,1976,2.3,2.3,0.0,2008,0.65
35,New Mexico,NM,1977,2.3,2.3,0.0,2008,0.65
35,New Mexico,NM,1978,2.65,2.65,0.0,2008,0.65
35,New Mexico,NM,1979,2.9,2.9,0.0,2008,0.65
35,New Mexico,NM,1980,3.1,3.1,0.0,2008,0.65
35,New Mexico,NM,1981,3.35,3.35,0.0,2008,0.65
35,New Mexico,NM,1982,3.35,3.35,0.0,2008,0.65
35,New Mexico,NM,1983,3.35,3.35,0.0,2008,0.65
35,New Mexico,NM,1984,3.35,3.35,0.0,2008,0.65
35,New Mexico,NM,1985,3.35,3.35,0.0,2008,0.65
35,New Mexico,NM,1986,3.35,3.35,0.0,2008,0.65
35,New Mexico,NM,1987,3.35,3.35,0.0,2008,0.65
35,New Mexico,NM,1988,3.35,3.35,0.0,2008,0.65
35,New Mexico,NM,1989,3.35,3.35,0.0,2008,0.65
35,New Mexico,NM,1990,3.35,3.35,0.0,2008,0.65
35,New Mexico,NM,1991,3.8,3.8,0.0,2008,0.65
35,New Mexico,NM,1992,4.25,4.25,0.0,2008,0.65
35,New Mexico,NM,1993,4.25,4.25,0.0,2008,0.65
35,New Mexico,NM,1994,4.25,4.25,0.0,2008,0.65
35,New Mexico,NM,1995,4.25,4.25,0.0,2008,0.65
35,New Mexico,NM,1996,4.25,4.25,0.0,2008,0.65
35,New Mexico,NM,1997,4.75,4.75,0.0,2008,0.65
35,New Mexico,NM,1998,5.15,5.15,0.0,2008,0.65
35,New Mexico,NM,1999,5.15,5.15,0.0,2008,0.65
35,New Mexico,NM,2000,5.15,5.15,0.0,2008,0.65
35,New Mexico,NM,2001,5.15,5.15,0.0,2008,0.65
35,New Mexico,NM,2002,5.15,5.15,0.0,2008,0.65
35,New Mexico,NM,2003,5.15,5.15,0.0,2008,0.65
35,New Mexico,NM,2004,5.15,5.15,0.0,2008,0.65
35,New Mexico,NM,2005,5.15,5.15,0.0,2008,0.65
35,New Mexico,NM,2006,5.15,5.15,0.0,2008,0.65
35,New Mexico,NM,2007,5.15,5.15,0.0,2008,0.65
35,New Mexico,NM,2008,6.5,5.85,0.65,2008,0.65
35,New Mexico,NM,2009,7.5,6.55,0.95,2008,0.65
35,New Mexico,NM,2010,7.5,7.25,0.25,2008,0.65
35,New Mexico,NM,2011,7.5,7.25,0.25,2008,0.65
35,New Mexico,NM,2012,7.5,7.25,0.25,2008,0.65
35,New Mexico,NM,2013,7.5,7.25,0.25,2008,0.65
35,New Mexico,NM,2014,7.5,7.25,0.25,2008,0.65
35,New Mexico,NM,2015,7.5,7.25,0.25,2008,0.65
35,New Mexico,NM,2016,7.5,7.25,0.25,2008,0.65
35,New Mexico,NM,2017,7.5,7.25,0.25,2008,0.65
35,New Mexico,NM,2018,7.5,7.25,0.25,2008,0.65
35,New Mexico,NM,2019,7.5,7.25,0.25,2008,0.65
35,New Mexico,NM,2020,9.0,7.25,1.75,2008,0.65
35,New Mexico,NM,2021,10.5,7.25,3.25,2008,0.65
35,New Mexico,NM,2022,11.5,7.25,4.25,2008,0.65
32,Nevada,NV,1974,2.0,2.0,0.0,2007,1.0
32,Nevada,NV,1975,2.1,2.1,0.0,2007,1.0
32,Nevada,NV,1976,2.3,2.3,0.0,2007,1.0
32,Nevada,NV,1977,2.3,2.3,0.0,2007,1.0
32,Nevada,NV,1978,2.65,2.65,0.0,2007,1.0
32,Nevada,NV,1979,2.9,2.9,0.0,2007,1.0
32,Nevada,NV,1980,3.1,3.1,0.0,2007,1.0
32,Nevada,NV,1981,3.35,3.35,0.0,2007,1.0
32,Nevada,NV,1982,3.35,3.35,0.0,2007,1.0
32,Nevada,NV,1983,3.35,3.35,0.0,2007,1.0
32,Nevada,NV,1984,3.35,3.35,0.0,2007,1.0
32,Nevada,NV,1985,3.35,3.35,0.0,2007,1.0
32,Nevada,NV,1986,3.35,3.35,0.0,2007,1.0
32,Nevada,NV,1987,3.35,3.35,0.0,2007,1.0
32,Nevada,NV,1988,3.35,3.35,0.0,2007,1.0
32,Nevada,NV,1989,3.35,3.35,0.0,2007,1.0
32,Nevada,NV,1990,3.35,3.35,0.0,2007,1.0
32,Nevada,NV,1991,3.8,3.8,0.0,2007,1.0
32,Nevada,NV,1992,4.25,4.25,0.0,2007,1.0
32,Nevada,NV,1993,4.25,4.25,0.0,2007,1.0
32,Nevada,NV,1994,4.25,4.25,0.0,2007,1.0
32,Nevada,NV,1995,4.25,4.25,0.0,2007,1.0
32,Nevada,NV,1996,4.25,4.25,0.0,2007,1.0
32,Nevada,NV,1997,4.75,4.75,0.0,2007,1.0
32,Nevada,NV,1998,5.15,5.15,0.0,2007,1.0
32,Nevada,NV,1999,5.15,5.15,0.0,2007,1.0
32,Nevada,NV,2000,5.15,5.15,0.0,2007,1.0
32,Nevada,NV,2001,5.15,5.15,0.0,2007,1.0
32,Nevada,NV,2002,5.15,5.15,0.0,2007,1.0
32,Nevada,NV,2003,5.15,5.15,0.0,2007,1.0
32,Nevada,NV,2004,5.15,5.15,0.0,2007,1.0
32,Nevada,NV,2005,5.15,5.15,0.0,2007,1.0
32,Nevada,NV,2006,5.15,5.15,0.0,2007,1.0
32,Nevada,NV,2007,6.15,5.15,1.0,2007,1.0
32,Nevada,NV,2008,6.33,5.85,0.48,2007,1.0
32,Nevada,NV,2009,6.85,6.55,0.3,2007,1.0
32,Nevada,NV,2010,7.55,7.25,0.3,2007,1.0
32,Nevada,NV,2011,8.25,7.25,1.0,2007,1.0
32,Nevada,NV,2012,8.25,7.25,1.0,2007,1.0
32,Nevada,NV,2013,8.25,7.25,1.0,2007,1.0
32,Nevada,NV,2014,8.25,7.25,1.0,2007,1.0
32,Nevada,NV,2015,8.25,7.25,1.0,2007,1.0
32,Nevada,NV,2016,8.25,7.25,1.0,2007,1.0
32,Nevada,NV,2017,8.25,7.25,1.0,2007,1.0
32,Nevada,NV,2018,8.25,7.25,1.0,2007,1.0
32,Nevada,NV,2019,8.25,7.25,1.0,2007,1.0
32,Nevada,NV,2020,8.25,7.25,1.0,2007,1.0
32,Nevada,NV,2021,9.0,7.25,1.75,2007,1.0
32,Nevada,NV,2022,9.75,7.25,2.5,2007,1.0
36,New York,NY,1974,2.0,2.0,0.0,2005,0.85
36,New York,NY,1975,2.1,2.1,0.0,2005,0.85
36,New York,NY,1976,2.3,2.3,0.0,2005,0.85
36,New York,NY,1977,2.3,2.3,0.0,2005,0.85
36,New York,NY,1978,2.65,2.65,0.0,2005,0.85
36,New York,NY,1979,2.9,2.9,0.0,2005,0.85
36,New York,NY,1980,3.1,3.1,0.0,2005,0.85
36,New York,NY,1981,3.35,3.35,0.0,2005,0.85
36,New York,NY,1982,3.35,3.35,0.0,2005,0.85
36,New York,NY,1983,3.35,3.35,0.0,2005,0.85
36,New York,NY,1984,3.35,3.35,0.0,2005,0.85
36,New York,NY,1985,3.35,3.35,0.0,2005,0.85
36,New York,NY,1986,3.35,3.35,0.0,2005,0.85
36,New York,NY,1987,3.35,3.35,0.0,2005,0.85
36,New York,NY,1988,3.35,3.35,0.0,2005,0.85
36,New York,NY,1989,3.35,3.35,0.0,2005,0.85
36,New York,NY,1990,3.35,3.35,0.0,2005,0.85
36,New York,NY,1991,3.8,3.8,0.0,2005,0.85
36,New York,NY,1992,4.25,4.25,0.0,2005,0.85
36,New York,NY,1993,4.25,4.25,0.0,2005,0.85
36,New York,NY,1994,4.25,4.25,0.0,2005,0.85
36,New York,NY,1995,4.25,4.25,0.0,2005,0.85
36,New York,NY,1996,4.25,4.25,0.0,2005,0.85
36,New York,NY,1997,4.75,4.75,0.0,2005,0.85
36,New York,NY,1998,5.15,5.15,0.0,2005,0.85
36,New York,NY,1999,5.15,5.15,0.0,2005,0.85
36,New York,NY,2000,5.15,5.15,0.0,2005,0.85
36,New York,NY,2001,5.15,5.15,0.0,2005,0.85
36,New York,NY,2002,5.15,5.15,0.0,2005,0.85
36,New York,NY,2003,5.15,5.15,0.0,2005,0.85
36,New York,NY,2004,5.15,5.15,0.0,2005,0.85
36,New York,NY,2005,6.0,5.15,0.85,2005,0.85
36,New York,NY,2006,6.75,5.15,1.6,2005,0.85
36,New York,NY,2007,7.15,5.15,2.0,2005,0.85
36,New York,NY,2008,7.15,5.85,1.3,2005,0.85
36,New York,NY,2009,7.15,6.55,0.6,2005,0.85
36,New York,NY,2010,7.25,7.25,0.0,2005,0.85
36,New York,NY,2011,7.25,7.25,0.0,2005,0.85
36,New York,NY,2012,7.25,7.25,0.0,2005,0.85
36,New York,NY,2013,7.25,7.25,0.0,2005,0.85
36,New York,NY,2014,8.0,7.25,0.75,2005,0.85
36,New York,NY,2015,8.75,7.25,1.5,2005,0.85
36,New York,NY,2016,9.0,7.25,1.75,2005,0.85
36,New York,NY,2017,9.7,7.25,2.45,2005,0.85
36,New York,NY,2018,10.4,7.25,3.15,2005,0.85
36,New York,NY,2019,11.1,7.25,3.85,2005,0.85
36,New York,NY,2020,11.8,7.25,4.55,2005,0.85
36,New York,NY,2021,12.5,7.25,5.25,2005,0.85
36,New York,NY,2022,13.2,7.25,5.95,2005,0.85
39,Ohio,OH,1974,2.0,2.0,0.0,2007,1.7
39,Ohio,OH,1975,2.1,2.1,0.0,2007,1.7
39,Ohio,OH,1976,2.3,2.3,0.0,2007,1.7
39,Ohio,OH,1977,2.3,2.3,0.0,2007,1.7
39,Ohio,OH,1978,2.65,2.65,0.0,2007,1.7
39,Ohio,OH,1979,2.9,2.9,0.0,2007,1.7
39,Ohio,OH,1980,3.1,3.1,0.0,2007,1.7
39,Ohio,OH,1981,3.35,3.35,0.0,2007,1.7
39,Ohio,OH,1982,3.35,3.35,0.0,2007,1.7
39,Ohio,OH,1983,3.35,3.35,0.0,2007,1.7
39,Ohio,OH,1984,3.35,3.35,0.0,2007,1.7
39,Ohio,OH,1985,3.35,3.35,0.0,2007,1.7
39,Ohio,OH,1986,3.35,3.35,0.0,2007,1.7
39,Ohio,OH,1987,3.35,3.35,0.0,2007,1.7
39,Ohio,OH,1988,3.35,3.35,0.0,2007,1.7
39,Ohio,OH,1989,3.35,3.35,0.0,2007,1.7
39,Ohio,OH,1990,3.35,3.35,0.0,2007,1.7
39,Ohio,OH,1991,3.8,3.8,0.0,2007,1.7
39,Ohio,OH,1992,4.25,4.25,0.0,2007,1.7
39,Ohio,OH,1993,4.25,4.25,0.0,2007,1.7
39,Ohio,OH,1994,4.25,4.25,0.0,2007,1.7
39,Ohio,OH,1995,4.25,4.25,0.0,2007,1.7
39,Ohio,OH,1996,4.25,4.25,0.0,2007,1.7
39,Ohio,OH,1997,4.75,4.75,0.0,2007,1.7
39,Ohio,OH,1998,5.15,5.15,0.0,2007,1.7
39,Ohio,OH,1999,5.15,5.15,0.0,2007,1.7
39,Ohio,OH,2000,5.15,5.15,0.0,2007,1.7
39,Ohio,OH,2001,5.15,5.15,0.0,2007,1.7
39,Ohio,OH,2002,5.15,5.15,0.0,2007,1.7
39,Ohio,OH,2003,5.15,5.15,0.0,2007,1.7
39,Ohio,OH,2004,5.15,5.15,0.0,2007,1.7
39,Ohio,OH,2005,5.15,5.15,0.0,2007,1.7
39,Ohio,OH,2006,5.15,5.15,0.0,2007,1.7
39,Ohio,OH,2007,6.85,5.15,1.7,2007,1.7
39,Ohio,OH,2008,7.0,5.85,1.15,2007,1.7
39,Ohio,OH,2009,7.3,6.55,0.75,2007,1.7
39,Ohio,OH,2010,7.3,7.25,0.05,2007,1.7
39,Ohio,OH,2011,7.4,7.25,0.15,2007,1.7
39,Ohio,OH,2012,7.7,7.25,0.45,2007,1.7
39,Ohio,OH,2013,7.85,7.25,0.6,2007,1.7
39,Ohio,OH,2014,7.95,7.25,0.7,2007,1.7
39,Ohio,OH,2015,8.1,7.25,0.85,2007,1.7
39,Ohio,OH,2016,8.1,7.25,0.85,2007,1.7
39,Ohio,OH,2017,8.15,7.25,0.9,2007,1.7
39,Ohio,OH,2018,8.3,7.25,1.05,2007,1.7
39,Ohio,OH,2019,8.55,7.25,1.3,2007,1.7
39,Ohio,OH,2020,8.7,7.25,1.45,2007,1.7
39,Ohio,OH,2021,8.8,7.25,1.55,2007,1.7
39,Ohio,OH,2022,9.3,7.25,2.05,2007,1.7
40,Oklahoma,OK,1974,2.0,2.0,0.0,0,0.0
40,Oklahoma,OK,1975,2.1,2.1,0.0,0,0.0
40,Oklahoma,OK,1976,2.3,2.3,0.0,0,0.0
40,Oklahoma,OK,1977,2.3,2.3,0.0,0,0.0
40,Oklahoma,OK,1978,2.65,2.65,0.0,0,0.0
40,Oklahoma,OK,1979,2.9,2.9,0.0,0,0.0
40,Oklahoma,OK,1980,3.1,3.1,0.0,0,0.0
40,Oklahoma,OK,1981,3.35,3.35,0.0,0,0.0
40,Oklahoma,OK,1982,3.35,3.35,0.0,0,0.0
40,Oklahoma,OK,1983,3.35,3.35,0.0,0,0.0
40,Oklahoma,OK,1984,3.35,3.35,0.0,0,0.0
40,Oklahoma,OK,1985,3.35,3.35,0.0,0,0.0
40,Oklahoma,OK,1986,3.35,3.35,0.0,0,0.0
40,Oklahoma,OK,1987,3.35,3.35,0.0,0,0.0
40,Oklahoma,OK,1988,3.35,3.35,0.0,0,0.0
40,Oklahoma,OK,1989,3.35,3.35,0.0,0,0.0
40,Oklahoma,OK,1990,3.35,3.35,0.0,0,0.0
40,Oklahoma,OK,1991,3.8,3.8,0.0,0,0.0
40,Oklahoma,OK,1992,4.25,4.25,0.0,0,0.0
40,Oklahoma,OK,1993,4.25,4.25,0.0,0,0.0
40,Oklahoma,OK,1994,4.25,4.25,0.0,0,0.0
40,Oklahoma,OK,1995,4.25,4.25,0.0,0,0.0
40,Oklahoma,OK,1996,4.25,4.25,0.0,0,0.0
40,Oklahoma,OK,1997,4.75,4.75,0.0,0,0.0
40,Oklahoma,OK,1998,5.15,5.15,0.0,0,0.0
40,Oklahoma,OK,1999,5.15,5.15,0.0,0,0.0
40,Oklahoma,OK,2000,5.15,5.15,0.0,0,0.0
40,Oklahoma,OK,2001,5.15,5.15,0.0,0,0.0
40,Oklahoma,OK,2002,5.15,5.15,0.0,0,0.0
40,Oklahoma,OK,2003,5.15,5.15,0.0,0,0.0
40,Oklahoma,OK,2004,5.15,5.15,0.0,0,0.0
40,Oklahoma,OK,2005,5.15,5.15,0.0,0,0.0
40,Oklahoma,OK,2006,5.15,5.15,0.0,0,0.0
40,Oklahoma,OK,2007,5.15,5.15,0.0,0,0.0
40,Oklahoma,OK,2008,5.85,5.85,0.0,0,0.0
40,Oklahoma,OK,2009,6.55,6.55,0.0,0,0.0
40,Oklahoma,OK,2010,7.25,7.25,0.0,0,0.0
40,Oklahoma,OK,2011,7.25,7.25,0.0,0,0.0
40,Oklahoma,OK,2012,7.25,7.25,0.0,0,0.0
40,Oklahoma,OK,2013,7.25,7.25,0.0,0,0.0
40,Oklahoma,OK,2014,7.25,7.25,0.0,0,0.0
40,Oklahoma,OK,2015,7.25,7.25,0.0,0,0.0
40,Oklahoma,OK,2016,7.25,7.25,0.0,0,0.0
40,Oklahoma,OK,2017,7.25,7.25,0.0,0,0.0
40,Oklahoma,OK,2018,7.25,7.25,0.0,0,0.0
40,Oklahoma,OK,2019,7.25,7.25,0.0,0,0.0
40,Oklahoma,OK,2020,7.25,7.25,0.0,0,0.0
40,Oklahoma,OK,2021,7.25,7.25,0.0,0,0.0
40,Oklahoma,OK,2022,7.25,7.25,0.0,0,0.0
41,Oregon,OR,1974,2.0,2.0,0.0,1990,0.9
41,Oregon,OR,1975,2.1,2.1,0.0,1990,0.9
41,Oregon,OR,1976,2.3,2.3,0.0,1990,0.9
41,Oregon,OR,1977,2.3,2.3,0.0,1990,0.9
41,Oregon,OR,1978,2.65,2.65,0.0,1990,0.9
41,Oregon,OR,1979,2.9,2.9,0.0,1990,0.9
41,Oregon,OR,1980,3.1,3.1,0.0,1990,0.9
41,Oregon,OR,1981,3.35,3.35,0.0,1990,0.9
41,Oregon,OR,1982,3.35,3.35,0.0,1990,0.9
41,Oregon,OR,1983,3.35,3.35,0.0,1990,0.9
41,Oregon,OR,1984,3.35,3.35,0.0,1990,0.9
41,Oregon,OR,1985,3.35,3.35,0.0,1990,0.9
41,Oregon,OR,1986,3.35,3.35,0.0,1990,0.9
41,Oregon,OR,1987,3.35,3.35,0.0,1990,0.9
41,Oregon,OR,1988,3.35,3.35,0.0,1990,0.9
41,Oregon,OR,1989,3.35,3.35,0.0,1990,0.9
41,Oregon,OR,1990,4.25,3.35,0.9,1990,0.9
41,Oregon,OR,1991,4.75,3.8,0.95,1990,0.9
41,Oregon,OR,1992,4.75,4.25,0.5,1990,0.9
41,Oregon,OR,1993,4.75,4.25,0.5,1990,0.9
41,Oregon,OR,1994,4.75,4.25,0.5,1990,0.9
41,Oregon,OR,1995,4.75,4.25,0.5,1990,0.9
41,Oregon,OR,1996,4.75,4.25,0.5,1990,0.9
41,Oregon,OR,1997,5.5,4.75,0.75,1990,0.9
41,Oregon,OR,1998,6.0,5.15,0.85,1990,0.9
41,Oregon,OR,1999,6.5,5.15,1.35,1990,0.9
41,Oregon,OR,2000,6.5,5.15,1.35,1990,0.9
41,Oregon,OR,2001,6.5,5.15,1.35,1990,0.9
41,Oregon,OR,2002,6.5,5.15,1.35,1990,0.9
41,Oregon,OR,2003,6.9,5.15,1.75,1990,0.9
41,Oregon,OR,2004,7.05,5.15,1.9,1990,0.9
41,Oregon,OR,2005,7.25,5.15,2.1,1990,0.9
41,Oregon,OR,2006,7.5,5.15,2.35,1990,0.9
41,Oregon,OR,2007,7.8,5.15,2.65,1990,0.9
41,Oregon,OR,2008,7.95,5.85,2.1,1990,0.9
41,Oregon,OR,2009,8.4,6.55,1.85,1990,0.9
41,Oregon,OR,2010,8.4,7.25,1.15,1990,0.9
41,Oregon,OR,2011,8.5,7.25,1.25,1990,0.9
41,Oregon,OR,2012,8.8,7.25,1.55,1990,0.9
41,Oregon,OR,2013,8.95,7.25,1.7,1990,0.9
41,Oregon,OR,2014,9.1,7.25,1.85,1990,0.9
41,Oregon,OR,2015,9.25,7.25,2.0,1990,0.9
41,Oregon,OR,2016,9.25,7.25,2.0,1990,0.9
41,Oregon,OR,2017,9.75,7.25,2.5,1990,0.9
41,Oregon,OR,2018,10.25,7.25,3.0,1990,0.9
41,Oregon,OR,2019,10.75,7.25,3.5,1990,0.9
41,Oregon,OR,2020,11.25,7.25,4.0,1990,0.9
41,Oregon,OR,2021,12.0,7.25,4.75,1990,0.9
41,Oregon,OR,2022,12.75,7.25,5.5,1990,0.9
42,Pennsylvania,PA,1974,2.0,2.0,0.0,1990,0.35
42,Pennsylvania,PA,1975,2.1,2.1,0.0,1990,0.35
42,Pennsylvania,PA,1976,2.3,2.3,0.0,1990,0.35
42,Pennsylvania,PA,1977,2.3,2.3,0.0,1990,0.35
42,Pennsylvania,PA,1978,2.65,2.65,0.0,1990,0.35
42,Pennsylvania,PA,1979,2.9,2.9,0.0,1990,0.35
42,Pennsylvania,PA,1980,3.1,3.1,0.0,1990,0.35
42,Pennsylvania,PA,1981,3.35,3.35,0.0,1990,0.35
42,Pennsylvania,PA,1982,3.35,3.35,0.0,1990,0.35
42,Pennsylvania,PA,1983,3.35,3.35,0.0,1990,0.35
42,Pennsylvania,PA,1984,3.35,3.35,0.0,1990,0.35
42,Pennsylvania,PA,1985,3.35,3.35,0.0,1990,0.35
42,Pennsylvania,PA,1986,3.35,3.35,0.0,1990,0.35
42,Pennsylvania,PA,1987,3.35,3.35,0.0,1990,0.35
42,Pennsylvania,PA,1988,3.35,3.35,0.0,1990,0.35
42,Pennsylvania,PA,1989,3.35,3.35,0.0,1990,0.35
42,Pennsylvania,PA,1990,3.7,3.35,0.35,1990,0.35
42,Pennsylvania,PA,1991,3.8,3.8,0.0,1990,0.35
42,Pennsylvania,PA,1992,4.25,4.25,0.0,1990,0.35
42,Pennsylvania,PA,1993,4.25,4.25,0.0,1990,0.35
42,Pennsylvania,PA,1994,4.25,4.25,0.0,1990,0.35
42,Pennsylvania,PA,1995,4.25,4.25,0.0,1990,0.35
42,Pennsylvania,PA,1996,4.25,4.25,0.0,1990,0.35
42,Pennsylvania,PA,1997,4.75,4.75,0.0,1990,0.35
42,Pennsylvania,PA,1998,5.15,5.15,0.0,1990,0.35
42,Pennsylvania,PA,1999,5.15,5.15,0.0,1990,0.35
42,Pennsylvania,PA,2000,5.15,5.15,0.0,1990,0.35
42,Pennsylvania,PA,2001,5.15,5.15,0.0,1990,0.35
42,Pennsylvania,PA,2002,5.15,5.15,0.0,1990,0.35
42,Pennsylvania,PA,2003,5.15,5.15,0.0,1990,0.35
42,Pennsylvania,PA,2004,5.15,5.15,0.0,1990,0.35
42,Pennsylvania,PA,2005,5.15,5.15,0.0,1990,0.35
42,Pennsylvania,PA,2006,5.15,5.15,0.0,1990,0.35
42,Pennsylvania,PA,2007,6.25,5.15,1.1,1990,0.35
42,Pennsylvania,PA,2008,7.15,5.85,1.3,1990,0.35
42,Pennsylvania,PA,2009,7.15,6.55,0.6,1990,0.35
42,Pennsylvania,PA,2010,7.25,7.25,0.0,1990,0.35
42,Pennsylvania,PA,2011,7.25,7.25,0.0,1990,0.35
42,Pennsylvania,PA,2012,7.25,7.25,0.0,1990,0.35
42,Pennsylvania,PA,2013,7.25,7.25,0.0,1990,0.35
42,Pennsylvania,PA,2014,7.25,7.25,0.0,1990,0.35
42,Pennsylvania,PA,2015,7.25,7.25,0.0,1990,0.35
42,Pennsylvania,PA,2016,7.25,7.25,0.0,1990,0.35
42,Pennsylvania,PA,2017,7.25,7.25,0.0,1990,0.35
42,Pennsylvania,PA,2018,7.25,7.25,0.0,1990,0.35
42,Pennsylvania,PA,2019,7.25,7.25,0.0,1990,0.35
42,Pennsylvania,PA,2020,7.25,7.25,0.0,1990,0.35
42,Pennsylvania,PA,2021,7.25,7.25,0.0,1990,0.35
42,Pennsylvania,PA,2022,7.25,7.25,0.0,1990,0.35
44,Rhode Island,RI,1974,2.0,2.0,0.0,1987,0.2
44,Rhode Island,RI,1975,2.1,2.1,0.0,1987,0.2
44,Rhode Island,RI,1976,2.3,2.3,0.0,1987,0.2
44,Rhode Island,RI,1977,2.3,2.3,0.0,1987,0.2
44,Rhode Island,RI,1978,2.65,2.65,0.0,1987,0.2
44,Rhode Island,RI,1979,2.9,2.9,0.0,1987,0.2
44,Rhode Island,RI,1980,3.1,3.1,0.0,1987,0.2
44,Rhode Island,RI,1981,3.35,3.35,0.0,1987,0.2
44,Rhode Island,RI,1982,3.35,3.35,0.0,1987,0.2
44,Rhode Island,RI,1983,3.35,3.35,0.0,1987,0.2
44,Rhode Island,RI,1984,3.35,3.35,0.0,1987,0.2
44,Rhode Island,RI,1985,3.35,3.35,0.0,1987,0.2
44,Rhode Island,RI,1986,3.35,3.35,0.0,1987,0.2
44,Rhode Island,RI,1987,3.55,3.35,0.2,1987,0.2
44,Rhode Island,RI,1988,3.65,3.35,0.3,1987,0.2
44,Rhode Island,RI,1989,4.0,3.35,0.65,1987,0.2
44,Rhode Island,RI,1990,4.25,3.35,0.9,1987,0.2
44,Rhode Island,RI,1991,4.25,3.8,0.45,1987,0.2
44,Rhode Island,RI,1992,4.45,4.25,0.2,1987,0.2
44,Rhode Island,RI,1993,4.45,4.25,0.2,1987,0.2
44,Rhode Island,RI,1994,4.45,4.25,0.2,1987,0.2
44,Rhode Island,RI,1995,4.45,4.25,0.2,1987,0.2
44,Rhode Island,RI,1996,4.45,4.25,0.2,1987,0.2
44,Rhode Island,RI,1997,5.15,4.75,0.4,1987,0.2
44,Rhode Island,RI,1998,5.15,5.15,0.0,1987,0.2
44,Rhode Island,RI,1999,5.15,5.15,0.0,1987,0.2
44,Rhode Island,RI,2000,5.65,5.15,0.5,1987,0.2
44,Rhode Island,RI,2001,6.15,5.15,1.0,1987,0.2
44,Rhode Island,RI,2002,6.15,5.15,1.0,1987,0.2
44,Rhode Island,RI,2003,6.15,5.15,1.0,1987,0.2
44,Rhode Island,RI,2004,6.75,5.15,1.6,1987,0.2
44,Rhode Island,RI,2005,6.75,5.15,1.6,1987,0.2
44,Rhode Island,RI,2006,6.75,5.15,1.6,1987,0.2
44,Rhode Island,RI,2007,7.4,5.15,2.25,1987,0.2
44,Rhode Island,RI,2008,7.4,5.85,1.55,1987,0.2
44,Rhode Island,RI,2009,7.4,6.55,0.85,1987,0.2
44,Rhode Island,RI,2010,7.4,7.25,0.15,1987,0.2
44,Rhode Island,RI,2011,7.4,7.25,0.15,1987,0.2
44,Rhode Island,RI,2012,7.4,7.25,0.15,1987,0.2
44,Rhode Island,RI,2013,7.75,7.25,0.5,1987,0.2
44,Rhode Island,RI,2014,8.0,7.25,0.75,1987,0.2
44,Rhode Island,RI,2015,9.0,7.25,1.75,1987,0.2
44,Rhode Island,RI,2016,9.6,7.25,2.35,1987,0.2
44,Rhode Island,RI,2017,9.6,7.25,2.35,1987,0.2
44,Rhode Island,RI,2018,10.1,7.25,2.85,1987,0.2
44,Rhode Island,RI,2019,10.5,7.25,3.25,1987,0.2
44,Rhode Island,RI,2020,10.5,7.25,3.25,1987,0.2
44,Rhode Island,RI,2021,11.5,7.25,4.25,1987,0.2
44,Rhode Island,RI,2022,12.25,7.25,5.0,1987,0.2
45,South Carolina,SC,1974,2.0,2.0,0.0,0,0.0
45,South Carolina,SC,1975,2.1,2.1,0.0,0,0.0
45,South Carolina,SC,1976,2.3,2.3,0.0,0,0.0
45,South Carolina,SC,1977,2.3,2.3,0.0,0,0.0
45,South Carolina,SC,1978,2.65,2.65,0.0,0,0.0
45,South Carolina,SC,1979,2.9,2.9,0.0,0,0.0
45,South Carolina,SC,1980,3.1,3.1,0.0,0,0.0
45,South Carolina,SC,1981,3.35,3.35,0.0,0,0.0
45,South Carolina,SC,1982,3.35,3.35,0.0,0,0.0
45,South Carolina,SC,1983,3.35,3.35,0.0,0,0.0
45,South Carolina,SC,1984,3.35,3.35,0.0,0,0.0
45,South Carolina,SC,1985,3.35,3.35,0.0,0,0.0
45,South Carolina,SC,1986,3.35,3.35,0.0,0,0.0
45,South Carolina,SC,1987,3.35,3.35,0.0,0,0.0
45,South Carolina,SC,1988,3.35,3.35,0.0,0,0.0
45,South Carolina,SC,1989,3.35,3.35,0.0,0,0.0
45,South Carolina,SC,1990,3.35,3.35,0.0,0,0.0
45,South Carolina,SC,1991,3.8,3.8,0.0,0,0.0
45,South Carolina,SC,1992,4.25,4.25,0.0,0,0.0
45,South Carolina,SC,1993,4.25,4.25,0.0,0,0.0
45,South Carolina,SC,1994,4.25,4.25,0.0,0,0.0
45,South Carolina,SC,1995,4.25,4.25,0.0,0,0.0
45,South Carolina,SC,1996,4.25,4.25,0.0,0,0.0
45,South Carolina,SC,1997,4.75,4.75,0.0,0,0.0
45,South Carolina,SC,1998,5.15,5.15,0.0,0,0.0
45,South Carolina,SC,1999,5.15,5.15,0.0,0,0.0
45,South Carolina,SC,2000,5.15,5.15,0.0,0,0.0
45,South Carolina,SC,2001,5.15,5.15,0.0,0,0.0
45,South Carolina,SC,2002,5.15,5.15,0.0,0,0.0
45,South Carolina,SC,2003,5.15,5.15,0.0,0,0.0
45,South Carolina,SC,2004,5.15,5.15,0.0,0,0.0
45,South Carolina,SC,2005,5.15,5.15,0.0,0,0.0
45,South Carolina,SC,2006,5.15,5.15,0.0,0,0.0
45,South Carolina,SC,2007,5.15,5.15,0.0,0,0.0
45,South Carolina,SC,2008,5.85,5.85,0.0,0,0.0
45,South Carolina,SC,2009,6.55,6.55,0.0,0,0.0
45,South Carolina,SC,2010,7.25,7.25,0.0,0,0.0
45,South Carolina,SC,2011,7.25,7.25,0.0,0,0.0
45,South Carolina,SC,2012,7.25,7.25,0.0,0,0.0
45,South Carolina,SC,2013,7.25,7.25,0.0,0,0.0
45,South Carolina,SC,2014,7.25,7.25,0.0,0,0.0
45,South Carolina,SC,2015,7.25,7.25,0.0,0,0.0
45,South Carolina,SC,2016,7.25,7.25,0.0,0,0.0
45,South Carolina,SC,2017,7.25,7.25,0.0,0,0.0
45,South Carolina,SC,2018,7.25,7.25,0.0,0,0.0
45,South Carolina,SC,2019,7.25,7.25,0.0,0,0.0
45,South Carolina,SC,2020,7.25,7.25,0.0,0,0.0
45,South Carolina,SC,2021,7.25,7.25,0.0,0,0.0
45,South Carolina,SC,2022,7.25,7.25,0.0,0,0.0
46,South Dakota,SD,1974,2.0,2.0,0.0,2015,1.25
46,South Dakota,SD,1975,2.1,2.1,0.0,2015,1.25
46,South Dakota,SD,1976,2.3,2.3,0.0,2015,1.25
46,South Dakota,SD,1977,2.3,2.3,0.0,2015,1.25
46,South Dakota,SD,1978,2.65,2.65,0.0,2015,1.25
46,South Dakota,SD,1979,2.9,2.9,0.0,2015,1.25
46,South Dakota,SD,1980,3.1,3.1,0.0,2015,1.25
46,South Dakota,SD,1981,3.35,3.35,0.0,2015,1.25
46,South Dakota,SD,1982,3.35,3.35,0.0,2015,1.25
46,South Dakota,SD,1983,3.35,3.35,0.0,2015,1.25
46,South Dakota,SD,1984,3.35,3.35,0.0,2015,1.25
46,South Dakota,SD,1985,3.35,3.35,0.0,2015,1.25
46,South Dakota,SD,1986,3.35,3.35,0.0,2015,1.25
46,South Dakota,SD,1987,3.35,3.35,0.0,2015,1.25
46,South Dakota,SD,1988,3.35,3.35,0.0,2015,1.25
46,South Dakota,SD,1989,3.35,3.35,0.0,2015,1.25
46,South Dakota,SD,1990,3.35,3.35,0.0,2015,1.25
46,South Dakota,SD,1991,3.8,3.8,0.0,2015,1.25
46,South Dakota,SD,1992,4.25,4.25,0.0,2015,1.25
46,South Dakota,SD,1993,4.25,4.25,0.0,2015,1.25
46,South Dakota,SD,1994,4.25,4.25,0.0,2015,1.25
46,South Dakota,SD,1995,4.25,4.25,0.0,2015,1.25
46,South Dakota,SD,1996,4.25,4.25,0.0,2015,1.25
46,South Dakota,SD,1997,4.75,4.75,0.0,2015,1.25
46,South Dakota,SD,1998,5.15,5.15,0.0,2015,1.25
46,South Dakota,SD,1999,5.15,5.15,0.0,2015,1.25
46,South Dakota,SD,2000,5.15,5.15,0.0,2015,1.25
46,South Dakota,SD,2001,5.15,5.15,0.0,2015,1.25
46,South Dakota,SD,2002,5.15,5.15,0.0,2015,1.25
46,South Dakota,SD,2003,5.15,5.15,0.0,2015,1.25
46,South Dakota,SD,2004,5.15,5.15,0.0,2015,1.25
46,South Dakota,SD,2005,5.15,5.15,0.0,2015,1.25
46,South Dakota,SD,2006,5.15,5.15,0.0,2015,1.25
46,South Dakota,SD,2007,5.15,5.15,0.0,2015,1.25
46,South Dakota,SD,2008,5.85,5.85,0.0,2015,1.25
46,South Dakota,SD,2009,6.55,6.55,0.0,2015,1.25
46,South Dakota,SD,2010,7.25,7.25,0.0,2015,1.25
46,South Dakota,SD,2011,7.25,7.25,0.0,2015,1.25
46,South Dakota,SD,2012,7.25,7.25,0.0,2015,1.25
46,South Dakota,SD,2013,7.25,7.25,0.0,2015,1.25
46,South Dakota,SD,2014,7.25,7.25,0.0,2015,1.25
46,South Dakota,SD,2015,8.5,7.25,1.25,2015,1.25
46,South Dakota,SD,2016,8.55,7.25,1.3,2015,1.25
46,South Dakota,SD,2017,8.65,7.25,1.4,2015,1.25
46,South Dakota,SD,2018,8.85,7.25,1.6,2015,1.25
46,South Dakota,SD,2019,9.1,7.25,1.85,2015,1.25
46,South Dakota,SD,2020,9.3,7.25,2.05,2015,1.25
46,South Dakota,SD,2021,9.45,7.25,2.2,2015,1.25
46,South Dakota,SD,2022,9.95,7.25,2.7,2015,1.25
47,Tennessee,TN,1974,2.0,2.0,0.0,0,0.0
47,Tennessee,TN,1975,2.1,2.1,0.0,0,0.0
47,Tennessee,TN,1976,2.3,2.3,0.0,0,0.0
47,Tennessee,TN,1977,2.3,2.3,0.0,0,0.0
47,Tennessee,TN,1978,2.65,2.65,0.0,0,0.0
47,Tennessee,TN,1979,2.9,2.9,0.0,0,0.0
47,Tennessee,TN,1980,3.1,3.1,0.0,0,0.0
47,Tennessee,TN,1981,3.35,3.35,0.0,0,0.0
47,Tennessee,TN,1982,3.35,3.35,0.0,0,0.0
47,Tennessee,TN,1983,3.35,3.35,0.0,0,0.0
47,Tennessee,TN,1984,3.35,3.35,0.0,0,0.0
47,Tennessee,TN,1985,3.35,3.35,0.0,0,0.0
47,Tennessee,TN,1986,3.35,3.35,0.0,0,0.0
47,Tennessee,TN,1987,3.35,3.35,0.0,0,0.0
47,Tennessee,TN,1988,3.35,3.35,0.0,0,0.0
47,Tennessee,TN,1989,3.35,3.35,0.0,0,0.0
47,Tennessee,TN,1990,3.35,3.35,0.0,0,0.0
47,Tennessee,TN,1991,3.8,3.8,0.0,0,0.0
47,Tennessee,TN,1992,4.25,4.25,0.0,0,0.0
47,Tennessee,TN,1993,4.25,4.25,0.0,0,0.0
47,Tennessee,TN,1994,4.25,4.25,0.0,0,0.0
47,Tennessee,TN,1995,4.25,4.25,0.0,0,0.0
47,Tennessee,TN,1996,4.25,4.25,0.0,0,0.0
47,Tennessee,TN,1997,4.75,4.75,0.0,0,0.0
47,Tennessee,TN,1998,5.15,5.15,0.0,0,0.0
47,Tennessee,TN,1999,5.15,5.15,0.0,0,0.0
47,Tennessee,TN,2000,5.15,5.15,0.0,0,0.0
47,Tennessee,TN,2001,5.15,5.15,0.0,0,0.0
47,Tennessee,TN,2002,5.15,5.15,0.0,0,0.0
47,Tennessee,TN,2003,5.15,5.15,0.0,0,0.0
47,Tennessee,TN,2004,5.15,5.15,0.0,0,0.0
47,Tennessee,TN,2005,5.15,5.15,0.0,0,0.0
47,Tennessee,TN,2006,5.15,5.15,0.0,0,0.0
47,Tennessee,TN,2007,5.15,5.15,0.0,0,0.0
47,Tennessee,TN,2008,5.85,5.85,0.0,0,0.0
47,Tennessee,TN,2009,6.55,6.55,0.0,0,0.0
47,Tennessee,TN,2010,7.25,7.25,0.0,0,0.0
47,Tennessee,TN,2011,7.25,7.25,0.0,0,0.0
47,Tennessee,TN,2012,7.25,7.25,0.0,0,0.0
47,Tennessee,TN,2013,7.25,7.25,0.0,0,0.0
47,Tennessee,TN,2014,7.25,7.25,0.0,0,0.0
47,Tennessee,TN,2015,7.25,7.25,0.0,0,0.0
47,Tennessee,TN,2016,7.25,7.25,0.0,0,0.0
47,Tennessee,TN,2017,7.25,7.25,0.0,0,0.0
47,Tennessee,TN,2018,7.25,7.25,0.0,0,0.0
47,Tennessee,TN,2019,7.25,7.25,0.0,0,0.0
47,Tennessee,TN,2020,7.25,7.25,0.0,0,0.0
47,Tennessee,TN,2021,7.25,7.25,0.0,0,0.0
47,Tennessee,TN,2022,7.25,7.25,0.0,0,0.0
48,Texas,TX,1974,2.0,2.0,0.0,0,0.0
48,Texas,TX,1975,2.1,2.1,0.0,0,0.0
48,Texas,TX,1976,2.3,2.3,0.0,0,0.0
48,Texas,TX,1977,2.3,2.3,0.0,0,0.0
48,Texas,TX,1978,2.65,2.65,0.0,0,0.0
48,Texas,TX,1979,2.9,2.9,0.0,0,0.0
48,Texas,TX,1980,3.1,3.1,0.0,0,0.0
48,Texas,TX,1981,3.35,3.35,0.0,0,0.0
48,Texas,TX,1982,3.35,3.35,0.0,0,0.0
48,Texas,TX,1983,3.35,3.35,0.0,0,0.0
48,Texas,TX,1984,3.35,3.35,0.0,0,0.0
48,Texas,TX,1985,3.35,3.35,0.0,0,0.0
48,Texas,TX,1986,3.35,3.35,0.0,0,0.0
48,Texas,TX,1987,3.35,3.35,0.0,0,0.0
48,Texas,TX,1988,3.35,3.35,0.0,0,0.0
48,Texas,TX,1989,3.35,3.35,0.0,0,0.0
48,Texas,TX,1990,3.35,3.35,0.0,0,0.0
48,Texas,TX,1991,3.8,3.8,0.0,0,0.0
48,Texas,TX,1992,4.25,4.25,0.0,0,0.0
48,Texas,TX,1993,4.25,4.25,0.0,0,0.0
48,Texas,TX,1994,4.25,4.25,0.0,0,0.0
48,Texas,TX,1995,4.25,4.25,0.0,0,0.0
48,Texas,TX,1996,4.25,4.25,0.0,0,0.0
48,Texas,TX,1997,4.75,4.75,0.0,0,0.0
48,Texas,TX,1998,5.15,5.15,0.0,0,0.0
48,Texas,TX,1999,5.15,5.15,0.0,0,0.0
48,Texas,TX,2000,5.15,5.15,0.0,0,0.0
48,Texas,TX,2001,5.15,5.15,0.0,0,0.0
48,Texas,TX,2002,5.15,5.15,0.0,0,0.0
48,Texas,TX,2003,5.15,5.15,0.0,0,0.0
48,Texas,TX,2004,5.15,5.15,0.0,0,0.0
48,Texas,TX,2005,5.15,5.15,0.0,0,0.0
48,Texas,TX,2006,5.15,5.15,0.0,0,0.0
48,Texas,TX,2007,5.15,5.15,0.0,0,0.0
48,Texas,TX,2008,5.85,5.85,0.0,0,0.0
48,Texas,TX,2009,6.55,6.55,0.0,0,0.0
48,Texas,TX,2010,7.25,7.25,0.0,0,0.0
48,Texas,TX,2011,7.25,7.25,0.0,0,0.0
48,Texas,TX,2012,7.25,7.25,0.0,0,0.0
48,Texas,TX,2013,7.25,7.25,0.0,0,0.0
48,Texas,TX,2014,7.25,7.25,0.0,0,0.0
48,Texas,TX,2015,7.25,7.25,0.0,0,0.0
48,Texas,TX,2016,7.25,7.25,0.0,0,0.0
48,Texas,TX,2017,7.25,7.25,0.0,0,0.0
48,Texas,TX,2018,7.25,7.25,0.0,0,0.0
48,Texas,TX,2019,7.25,7.25,0.0,0,0.0
48,Texas,TX,2020,7.25,7.25,0.0,0,0.0
48,Texas,TX,2021,7.25,7.25,0.0,0,0.0
48,Texas,TX,2022,7.25,7.25,0.0,0,0.0
49,Utah,UT,1974,2.0,2.0,0.0,0,0.0
49,Utah,UT,1975,2.1,2.1,0.0,0,0.0
49,Utah,UT,1976,2.3,2.3,0.0,0,0.0
49,Utah,UT,1977,2.3,2.3,0.0,0,0.0
49,Utah,UT,1978,2.65,2.65,0.0,0,0.0
49,Utah,UT,1979,2.9,2.9,0.0,0,0.0
49,Utah,UT,1980,3.1,3.1,0.0,0,0.0
49,Utah,UT,1981,3.35,3.35,0.0,0,0.0
49,Utah,UT,1982,3.35,3.35,0.0,0,0.0
49,Utah,UT,1983,3.35,3.35,0.0,0,0.0
49,Utah,UT,1984,3.35,3.35,0.0,0,0.0
49,Utah,UT,1985,3.35,3.35,0.0,0,0.0
49,Utah,UT,1986,3.35,3.35,0.0,0,0.0
49,Utah,UT,1987,3.35,3.35,0.0,0,0.0
49,Utah,UT,1988,3.35,3.35,0.0,0,0.0
49,Utah,UT,1989,3.35,3.35,0.0,0,0.0
49,Utah,UT,1990,3.35,3.35,0.0,0,0.0
49,Utah,UT,1991,3.8,3.8,0.0,0,0.0
49,Utah,UT,1992,4.25,4.25,0.0,0,0.0
49,Utah,UT,1993,4.25,4.25,0.0,0,0.0
49,Utah,UT,1994,4.25,4.25,0.0,0,0.0
49,Utah,UT,1995,4.25,4.25,0.0,0,0.0
49,Utah,UT,1996,4.25,4.25,0.0,0,0.0
49,Utah,UT,1997,4.75,4.75,0.0,0,0.0
49,Utah,UT,1998,5.15,5.15,0.0,0,0.0
49,Utah,UT,1999,5.15,5.15,0.0,0,0.0
49,Utah,UT,2000,5.15,5.15,0.0,0,0.0
49,Utah,UT,2001,5.15,5.15,0.0,0,0.0
49,Utah,UT,2002,5.15,5.15,0.0,0,0.0
49,Utah,UT,2003,5.15,5.15,0.0,0,0.0
49,Utah,UT,2004,5.15,5.15,0.0,0,0.0
49,Utah,UT,2005,5.15,5.15,0.0,0,0.0
49,Utah,UT,2006,5.15,5.15,0.0,0,0.0
49,Utah,UT,2007,5.15,5.15,0.0,0,0.0
49,Utah,UT,2008,5.85,5.85,0.0,0,0.0
49,Utah,UT,2009,6.55,6.55,0.0,0,0.0
49,Utah,UT,2010,7.25,7.25,0.0,0,0.0
49,Utah,UT,2011,7.25,7.25,0.0,0,0.0
49,Utah,UT,2012,7.25,7.25,0.0,0,0.0
49,Utah,UT,2013,7.25,7.25,0.0,0,0.0
49,Utah,UT,2014,7.25,7.25,0.0,0,0.0
49,Utah,UT,2015,7.25,7.25,0.0,0,0.0
49,Utah,UT,2016,7.25,7.25,0.0,0,0.0
49,Utah,UT,2017,7.25,7.25,0.0,0,0.0
49,Utah,UT,2018,7.25,7.25,0.0,0,0.0
49,Utah,UT,2019,7.25,7.25,0.0,0,0.0
49,Utah,UT,2020,7.25,7.25,0.0,0,0.0
49,Utah,UT,2021,7.25,7.25,0.0,0,0.0
49,Utah,UT,2022,7.25,7.25,0.0,0,0.0
51,Virginia,VA,1974,2.0,2.0,0.0,2022,3.75
51,Virginia,VA,1975,2.1,2.1,0.0,2022,3.75
51,Virginia,VA,1976,2.3,2.3,0.0,2022,3.75
51,Virginia,VA,1977,2.3,2.3,0.0,2022,3.75
51,Virginia,VA,1978,2.65,2.65,0.0,2022,3.75
51,Virginia,VA,1979,2.9,2.9,0.0,2022,3.75
51,Virginia,VA,1980,3.1,3.1,0.0,2022,3.75
51,Virginia,VA,1981,3.35,3.35,0.0,2022,3.75
51,Virginia,VA,1982,3.35,3.35,0.0,2022,3.75
51,Virginia,VA,1983,3.35,3.35,0.0,2022,3.75
51,Virginia,VA,1984,3.35,3.35,0.0,2022,3.75
51,Virginia,VA,1985,3.35,3.35,0.0,2022,3.75
51,Virginia,VA,1986,3.35,3.35,0.0,2022,3.75
51,Virginia,VA,1987,3.35,3.35,0.0,2022,3.75
51,Virginia,VA,1988,3.35,3.35,0.0,2022,3.75
51,Virginia,VA,1989,3.35,3.35,0.0,2022,3.75
51,Virginia,VA,1990,3.35,3.35,0.0,2022,3.75
51,Virginia,VA,1991,3.8,3.8,0.0,2022,3.75
51,Virginia,VA,1992,4.25,4.25,0.0,2022,3.75
51,Virginia,VA,1993,4.25,4.25,0.0,2022,3.75
51,Virginia,VA,1994,4.25,4.25,0.0,2022,3.75
51,Virginia,VA,1995,4.25,4.25,0.0,2022,3.75
51,Virginia,VA,1996,4.25,4.25,0.0,2022,3.75
51,Virginia,VA,1997,4.75,4.75,0.0,2022,3.75
51,Virginia,VA,1998,5.15,5.15,0.0,2022,3.75
51,Virginia,VA,1999,5.15,5.15,0.0,2022,3.75
51,Virginia,VA,2000,5.15,5.15,0.0,2022,3.75
51,Virginia,VA,2001,5.15,5.15,0.0,2022,3.75
51,Virginia,VA,2002,5.15,5.15,0.0,2022,3.75
51,Virginia,VA,2003,5.15,5.15,0.0,2022,3.75
51,Virginia,VA,2004,5.15,5.15,0.0,2022,3.75
51,Virginia,VA,2005,5.15,5.15,0.0,2022,3.75
51,Virginia,VA,2006,5.15,5.15,0.0,2022,3.75
51,Virginia,VA,2007,5.15,5.15,0.0,2022,3.75
51,Virginia,VA,2008,5.85,5.85,0.0,2022,3.75
51,Virginia,VA,2009,6.55,6.55,0.0,2022,3.75
51,Virginia,VA,2010,7.25,7.25,0.0,2022,3.75
51,Virginia,VA,2011,7.25,7.25,0.0,2022,3.75
51,Virginia,VA,2012,7.25,7.25,0.0,2022,3.75
51,Virginia,VA,2013,7.25,7.25,0.0,2022,3.75
51,Virginia,VA,2014,7.25,7.25,0.0,2022,3.75
51,Virginia,VA,2015,7.25,7.25,0.0,2022,3.75
51,Virginia,VA,2016,7.25,7.25,0.0,2022,3.75
51,Virginia,VA,2017,7.25,7.25,0.0,2022,3.75
51,Virginia,VA,2018,7.25,7.25,0.0,2022,3.75
51,Virginia,VA,2019,7.25,7.25,0.0,2022,3.75
51,Virginia,VA,2020,7.25,7.25,0.0,2022,3.75
51,Virginia,VA,2021,7.25,7.25,0.0,2022,3.75
51,Virginia,VA,2022,11.0,7.25,3.75,2022,3.75
50,Vermont,VT,1974,2.0,2.0,0.0,1987,0.1
50,Vermont,VT,1975,2.1,2.1,0.0,1987,0.1
50,Vermont,VT,1976,2.3,2.3,0.0,1987,0.1
50,Vermont,VT,1977,2.3,2.3,0.0,1987,0.1
50,Vermont,VT,1978,2.65,2.65,0.0,1987,0.1
50,Vermont,VT,1979,2.9,2.9,0.0,1987,0.1
50,Vermont,VT,1980,3.1,3.1,0.0,1987,0.1
50,Vermont,VT,1981,3.35,3.35,0.0,1987,0.1
50,Vermont,VT,1982,3.35,3.35,0.0,1987,0.1
50,Vermont,VT,1983,3.35,3.35,0.0,1987,0.1
50,Vermont,VT,1984,3.35,3.35,0.0,1987,0.1
50,Vermont,VT,1985,3.35,3.35,0.0,1987,0.1
50,Vermont,VT,1986,3.35,3.35,0.0,1987,0.1
50,Vermont,VT,1987,3.45,3.35,0.1,1987,0.1
50,Vermont,VT,1988,3.55,3.35,0.2,1987,0.1
50,Vermont,VT,1989,3.65,3.35,0.3,1987,0.1
50,Vermont,VT,1990,3.75,3.35,0.4,1987,0.1
50,Vermont,VT,1991,3.85,3.8,0.05,1987,0.1
50,Vermont,VT,1992,4.25,4.25,0.0,1987,0.1
50,Vermont,VT,1993,4.25,4.25,0.0,1987,0.1
50,Vermont,VT,1994,4.25,4.25,0.0,1987,0.1
50,Vermont,VT,1995,4.25,4.25,0.0,1987,0.1
50,Vermont,VT,1996,4.5,4.25,0.25,1987,0.1
50,Vermont,VT,1997,4.75,4.75,0.0,1987,0.1
50,Vermont,VT,1998,5.25,5.15,0.1,1987,0.1
50,Vermont,VT,1999,5.25,5.15,0.1,1987,0.1
50,Vermont,VT,2000,5.75,5.15,0.6,1987,0.1
50,Vermont,VT,2001,6.25,5.15,1.1,1987,0.1
50,Vermont,VT,2002,6.25,5.15,1.1,1987,0.1
50,Vermont,VT,2003,6.25,5.15,1.1,1987,0.1
50,Vermont,VT,2004,6.75,5.15,1.6,1987,0.1
50,Vermont,VT,2005,7.0,5.15,1.85,1987,0.1
50,Vermont,VT,2006,7.25,5.15,2.1,1987,0.1
50,Vermont,VT,2007,7.53,5.15,2.38,1987,0.1
50,Vermont,VT,2008,7.68,5.85,1.83,1987,0.1
50,Vermont,VT,2009,8.06,6.55,1.51,1987,0.1
50,Vermont,VT,2010,8.06,7.25,0.81,1987,0.1
50,Vermont,VT,2011,8.15,7.25,0.9,1987,0.1
50,Vermont,VT,2012,8.46,7.25,1.21,1987,0.1
50,Vermont,VT,2013,8.6,7.25,1.35,1987,0.1
50,Vermont,VT,2014,8.73,7.25,1.48,1987,0.1
50,Vermont,VT,2015,9.15,7.25,1.9,1987,0.1
50,Vermont,VT,2016,9.6,7.25,2.35,1987,0.1
50,Vermont,VT,2017,10.0,7.25,2.75,1987,0.1
50,Vermont,VT,2018,10.5,7.25,3.25,1987,0.1
50,Vermont,VT,2019,10.78,7.25,3.53,1987,0.1
50,Vermont,VT,2020,10.96,7.25,3.71,1987,0.1
50,Vermont,VT,2021,11.75,7.25,4.5,1987,0.1
50,Vermont,VT,2022,12.55,7.25,5.3,1987,0.1
53,Washington,WA,1974,2.0,2.0,0.0,1989,0.5
53,Washington,WA,1975,2.1,2.1,0.0,1989,0.5
53,Washington,WA,1976,2.3,2.3,0.0,1989,0.5
53,Washington,WA,1977,2.3,2.3,0.0,1989,0.5
53,Washington,WA,1978,2.65,2.65,0.0,1989,0.5
53,Washington,WA,1979,2.9,2.9,0.0,1989,0.5
53,Washington,WA,1980,3.1,3.1,0.0,1989,0.5
53,Washington,WA,1981,3.35,3.35,0.0,1989,0.5
53,Washington,WA,1982,3.35,3.35,0.0,1989,0.5
53,Washington,WA,1983,3.35,3.35,0.0,1989,0.5
53,Washington,WA,1984,3.35,3.35,0.0,1989,0.5
53,Washington,WA,1985,3.35,3.35,0.0,1989,0.5
53,Washington,WA,1986,3.35,3.35,0.0,1989,0.5
53,Washington,WA,1987,3.35,3.35,0.0,1989,0.5
53,Washington,WA,1988,3.35,3.35,0.0,1989,0.5
53,Washington,WA,1989,3.85,3.35,0.5,1989,0.5
53,Washington,WA,1990,4.25,3.35,0.9,1989,0.5
53,Washington,WA,1991,4.25,3.8,0.45,1989,0.5
53,Washington,WA,1992,4.25,4.25,0.0,1989,0.5
53,Washington,WA,1993,4.25,4.25,0.0,1989,0.5
53,Washington,WA,1994,4.9,4.25,0.65,1989,0.5
53,Washington,WA,1995,4.9,4.25,0.65,1989,0.5
53,Washington,WA,1996,4.9,4.25,0.65,1989,0.5
53,Washington,WA,1997,4.9,4.75,0.15,1989,0.5
53,Washington,WA,1998,5.15,5.15,0.0,1989,0.5
53,Washington,WA,1999,5.7,5.15,0.55,1989,0.5
53,Washington,WA,2000,6.5,5.15,1.35,1989,0.5
53,Washington,WA,2001,6.72,5.15,1.57,1989,0.5
53,Washington,WA,2002,6.9,5.15,1.75,1989,0.5
53,Washington,WA,2003,7.01,5.15,1.86,1989,0.5
53,Washington,WA,2004,7.16,5.15,2.01,1989,0.5
53,Washington,WA,2005,7.35,5.15,2.2,1989,0.5
53,Washington,WA,2006,7.63,5.15,2.48,1989,0.5
53,Washington,WA,2007,7.93,5.15,2.78,1989,0.5
53,Washington,WA,2008,8.07,5.85,2.22,1989,0.5
53,Washington,WA,2009,8.55,6.55,2.0,1989,0.5
53,Washington,WA,2010,8.55,7.25,1.3,1989,0.5
53,Washington,WA,2011,8.67,7.25,1.42,1989,0.5
53,Washington,WA,2012,9.04,7.25,1.79,1989,0.5
53,Washington,WA,2013,9.19,7.25,1.94,1989,0.5
53,Washington,WA,2014,9.32,7.25,2.07,1989,0.5
53,Washington,WA,2015,9.47,7.25,2.22,1989,0.5
53,Washington,WA,2016,9.47,7.25,2.22,1989,0.5
53,Washington,WA,2017,11.0,7.25,3.75,1989,0.5
53,Washington,WA,2018,11.5,7.25,4.25,1989,0.5
53,Washington,WA,2019,12.0,7.25,4.75,1989,0.5
53,Washington,WA,2020,13.5,7.25,6.25,1989,0.5
53,Washington,WA,2021,13.96,7.25,6.71,1989,0.5
53,Washington,WA,2022,14.49,7.25,7.24,1989,0.5
55,Wisconsin,WI,1974,2.0,2.0,0.0,1990,0.3
55,Wisconsin,WI,1975,2.1,2.1,0.0,1990,0.3
55,Wisconsin,WI,1976,2.3,2.3,0.0,1990,0.3
55,Wisconsin,WI,1977,2.3,2.3,0.0,1990,0.3
55,Wisconsin,WI,1978,2.65,2.65,0.0,1990,0.3
55,Wisconsin,WI,1979,2.9,2.9,0.0,1990,0.3
55,Wisconsin,WI,1980,3.1,3.1,0.0,1990,0.3
55,Wisconsin,WI,1981,3.35,3.35,0.0,1990,0.3
55,Wisconsin,WI,1982,3.35,3.35,0.0,1990,0.3
55,Wisconsin,WI,1983,3.35,3.35,0.0,1990,0.3
55,Wisconsin,WI,1984,3.35,3.35,0.0,1990,0.3
55,Wisconsin,WI,1985,3.35,3.35,0.0,1990,0.3
55,Wisconsin,WI,1986,3.35,3.35,0.0,1990,0.3
55,Wisconsin,WI,1987,3.35,3.35,0.0,1990,0.3
55,Wisconsin,WI,1988,3.35,3.35,0.0,1990,0.3
55,Wisconsin,WI,1989,3.35,3.35,0.0,1990,0.3
55,Wisconsin,WI,1990,3.65,3.35,0.3,1990,0.3
55,Wisconsin,WI,1991,3.8,3.8,0.0,1990,0.3
55,Wisconsin,WI,1992,4.25,4.25,0.0,1990,0.3
55,Wisconsin,WI,1993,4.25,4.25,0.0,1990,0.3
55,Wisconsin,WI,1994,4.25,4.25,0.0,1990,0.3
55,Wisconsin,WI,1995,4.25,4.25,0.0,1990,0.3
55,Wisconsin,WI,1996,4.25,4.25,0.0,1990,0.3
55,Wisconsin,WI,1997,4.75,4.75,0.0,1990,0.3
55,Wisconsin,WI,1998,5.15,5.15,0.0,1990,0.3
55,Wisconsin,WI,1999,5.15,5.15,0.0,1990,0.3
55,Wisconsin,WI,2000,5.15,5.15,0.0,1990,0.3
55,Wisconsin,WI,2001,5.15,5.15,0.0,1990,0.3
55,Wisconsin,WI,2002,5.15,5.15,0.0,1990,0.3
55,Wisconsin,WI,2003,5.15,5.15,0.0,1990,0.3
55,Wisconsin,WI,2004,5.15,5.15,0.0,1990,0.3
55,Wisconsin,WI,2005,5.15,5.15,0.0,1990,0.3
55,Wisconsin,WI,2006,5.7,5.15,0.55,1990,0.3
55,Wisconsin,WI,2007,6.5,5.15,1.35,1990,0.3
55,Wisconsin,WI,2008,6.5,5.85,0.65,1990,0.3
55,Wisconsin,WI,2009,6.55,6.55,0.0,1990,0.3
55,Wisconsin,WI,2010,7.25,7.25,0.0,1990,0.3
55,Wisconsin,WI,2011,7.25,7.25,0.0,1990,0.3
55,Wisconsin,WI,2012,7.25,7.25,0.0,1990,0.3
55,Wisconsin,WI,2013,7.25,7.25,0.0,1990,0.3
55,Wisconsin,WI,2014,7.25,7.25,0.0,1990,0.3
55,Wisconsin,WI,2015,7.25,7.25,0.0,1990,0.3
55,Wisconsin,WI,2016,7.25,7.25,0.0,1990,0.3
55,Wisconsin,WI,2017,7.25,7.25,0.0,1990,0.3
55,Wisconsin,WI,2018,7.25,7.25,0.0,1990,0.3
55,Wisconsin,WI,2019,7.25,7.25,0.0,1990,0.3
55,Wisconsin,WI,2020,7.25,7.25,0.0,1990,0.3
55,Wisconsin,WI,2021,7.25,7.25,0.0,1990,0.3
55,Wisconsin,WI,2022,7.25,7.25,0.0,1990,0.3
54,West Virginia,WV,1974,2.0,2.0,0.0,2007,0.7
54,West Virginia,WV,1975,2.1,2.1,0.0,2007,0.7
54,West Virginia,WV,1976,2.3,2.3,0.0,2007,0.7
54,West Virginia,WV,1977,2.3,2.3,0.0,2007,0.7
54,West Virginia,WV,1978,2.65,2.65,0.0,2007,0.7
54,West Virginia,WV,1979,2.9,2.9,0.0,2007,0.7
54,West Virginia,WV,1980,3.1,3.1,0.0,2007,0.7
54,West Virginia,WV,1981,3.35,3.35,0.0,2007,0.7
54,West Virginia,WV,1982,3.35,3.35,0.0,2007,0.7
54,West Virginia,WV,1983,3.35,3.35,0.0,2007,0.7
54,West Virginia,WV,1984,3.35,3.35,0.0,2007,0.7
54,West Virginia,WV,1985,3.35,3.35,0.0,2007,0.7
54,West Virginia,WV,1986,3.35,3.35,0.0,2007,0.7
54,West Virginia,WV,1987,3.35,3.35,0.0,2007,0.7
54,West Virginia,WV,1988,3.35,3.35,0.0,2007,0.7
54,West Virginia,WV,1989,3.35,3.35,0.0,2007,0.7
54,West Virginia,WV,1990,3.35,3.35,0.0,2007,0.7
54,West Virginia,WV,1991,3.8,3.8,0.0,2007,0.7
54,West Virginia,WV,1992,4.25,4.25,0.0,2007,0.7
54,West Virginia,WV,1993,4.25,4.25,0.0,2007,0.7
54,West Virginia,WV,1994,4.25,4.25,0.0,2007,0.7
54,West Virginia,WV,1995,4.25,4.25,0.0,2007,0.7
54,West Virginia,WV,1996,4.25,4.25,0.0,2007,0.7
54,West Virginia,WV,1997,4.75,4.75,0.0,2007,0.7
54,West Virginia,WV,1998,5.15,5.15,0.0,2007,0.7
54,West Virginia,WV,1999,5.15,5.15,0.0,2007,0.7
54,West Virginia,WV,2000,5.15,5.15,0.0,2007,0.7
54,West Virginia,WV,2001,5.15,5.15,0.0,2007,0.7
54,West Virginia,WV,2002,5.15,5.15,0.0,2007,0.7
54,West Virginia,WV,2003,5.15,5.15,0.0,2007,0.7
54,West Virginia,WV,2004,5.15,5.15,0.0,2007,0.7
54,West Virginia,WV,2005,5.15,5.15,0.0,2007,0.7
54,West Virginia,WV,2006,5.15,5.15,0.0,2007,0.7
54,West Virginia,WV,2007,5.85,5.15,0.7,2007,0.7
54,West Virginia,WV,2008,6.55,5.85,0.7,2007,0.7
54,West Virginia,WV,2009,7.25,6.55,0.7,2007,0.7
54,West Virginia,WV,2010,7.25,7.25,0.0,2007,0.7
54,West Virginia,WV,2011,7.25,7.25,0.0,2007,0.7
54,West Virginia,WV,2012,7.25,7.25,0.0,2007,0.7
54,West Virginia,WV,2013,7.25,7.25,0.0,2007,0.7
54,West Virginia,WV,2014,7.25,7.25,0.0,2007,0.7
54,West Virginia,WV,2015,8.0,7.25,0.75,2007,0.7
54,West Virginia,WV,2016,8.75,7.25,1.5,2007,0.7
54,West Virginia,WV,2017,8.75,7.25,1.5,2007,0.7
54,West Virginia,WV,2018,8.75,7.25,1.5,2007,0.7
54,West Virginia,WV,2019,8.75,7.25,1.5,2007,0.7
54,West Virginia,WV,2020,8.75,7.25,1.5,2007,0.7
54,West Virginia,WV,2021,8.75,7.25,1.5,2007,0.7
54,West Virginia,WV,2022,8.75,7.25,1.5,2007,0.7
56,Wyoming,WY,1974,2.0,2.0,0.0,0,0.0
56,Wyoming,WY,1975,2.1,2.1,0.0,0,0.0
56,Wyoming,WY,1976,2.3,2.3,0.0,0,0.0
56,Wyoming,WY,1977,2.3,2.3,0.0,0,0.0
56,Wyoming,WY,1978,2.65,2.65,0.0,0,0.0
56,Wyoming,WY,1979,2.9,2.9,0.0,0,0.0
56,Wyoming,WY,1980,3.1,3.1,0.0,0,0.0
56,Wyoming,WY,1981,3.35,3.35,0.0,0,0.0
56,Wyoming,WY,1982,3.35,3.35,0.0,0,0.0
56,Wyoming,WY,1983,3.35,3.35,0.0,0,0.0
56,Wyoming,WY,1984,3.35,3.35,0.0,0,0.0
56,Wyoming,WY,1985,3.35,3.35,0.0,0,0.0
56,Wyoming,WY,1986,3.35,3.35,0.0,0,0.0
56,Wyoming,WY,1987,3.35,3.35,0.0,0,0.0
56,Wyoming,WY,1988,3.35,3.35,0.0,0,0.0
56,Wyoming,WY,1989,3.35,3.35,0.0,0,0.0
56,Wyoming,WY,1990,3.35,3.35,0.0,0,0.0
56,Wyoming,WY,1991,3.8,3.8,0.0,0,0.0
56,Wyoming,WY,1992,4.25,4.25,0.0,0,0.0
56,Wyoming,WY,1993,4.25,4.25,0.0,0,0.0
56,Wyoming,WY,1994,4.25,4.25,0.0,0,0.0
56,Wyoming,WY,1995,4.25,4.25,0.0,0,0.0
56,Wyoming,WY,1996,4.25,4.25,0.0,0,0.0
56,Wyoming,WY,1997,4.75,4.75,0.0,0,0.0
56,Wyoming,WY,1998,5.15,5.15,0.0,0,0.0
56,Wyoming,WY,1999,5.15,5.15,0.0,0,0.0
56,Wyoming,WY,2000,5.15,5.15,0.0,0,0.0
56,Wyoming,WY,2001,5.15,5.15,0.0,0,0.0
56,Wyoming,WY,2002,5.15,5.15,0.0,0,0.0
56,Wyoming,WY,2003,5.15,5.15,0.0,0,0.0
56,Wyoming,WY,2004,5.15,5.15,0.0,0,0.0
56,Wyoming,WY,2005,5.15,5.15,0.0,0,0.0
56,Wyoming,WY,2006,5.15,5.15,0.0,0,0.0
56,Wyoming,WY,2007,5.15,5.15,0.0,0,0.0
56,Wyoming,WY,2008,5.85,5.85,0.0,0,0.0
56,Wyoming,WY,2009,6.55,6.55,0.0,0,0.0
56,Wyoming,WY,2010,7.25,7.25,0.0,0,0.0
56,Wyoming,WY,2011,7.25,7.25,0.0,0,0.0
56,Wyoming,WY,2012,7.25,7.25,0.0,0,0.0
56,Wyoming,WY,2013,7.25,7.25,0.0,0,0.0
56,Wyoming,WY,2014,7.25,7.25,0.0,0,0.0
56,Wyoming,WY,2015,7.25,7.25,0.0,0,0.0
56,Wyoming,WY,2016,7.25,7.25,0.0,0,0.0
56,Wyoming,WY,2017,7.25,7.25,0.0,0,0.0
56,Wyoming,WY,2018,7.25,7.25,0.0,0,0.0
56,Wyoming,WY,2019,7.25,7.25,0.0,0,0.0
56,Wyoming,WY,2020,7.25,7.25,0.0,0,0.0
56,Wyoming,WY,2021,7.25,7.25,0.0,0,0.0
56,Wyoming,WY,2022,7.25,7.25,0.0,0,0.0
