LEAID,NAME,YEAR,MEMBERSCH,TCURELSC,TOTALREV,TOTALEXP,per_pupil_spending,name_key,districtorganizationid,districtcode,districtname,graduationrate,graduate,finalcohort
5300001,Enumclaw School District,2016,4078,47410000,54305000,58432000,11625.796959293772,enumclaw,100080,17216,Enumclaw School District,0.8392417440711881,5486.0,6308.0
5300002,Inchelium School District,2016,213,4159000,5078000,4387000,19525.82159624413,inchelium,100109,10070,Inchelium School District,0.71,0.0,0.0
5300003,Kelso School District,2016,5018,53751000,58723000,55511000,10711.638102829813,kelso,100115,8458,Kelso School District,0.8407224858496092,5862.0,6817.0
5300014,Bates Technical College,2016,298,-1,-1,-1,-0.003355704697986577,bates technical college,104220,27931,Bates Technical College,0.11421216217711765,202.0,1754.0
5300030,Aberdeen School District,2016,3288,40252000,45467000,42555000,12242.092457420924,aberdeen,100010,14005,Aberdeen School District,0.798417843262488,3549.0,4287.0
5300060,Adna School District,2016,631,6512000,7207000,7592000,10320.12678288431,adna,100011,21226,Adna School District,0.88,0.0,0.0
5300150,Anacortes School District,2016,2791,31661000,36762000,43877000,11343.962737370119,anacortes,100013,29103,Anacortes School District,0.8722022016948797,3635.0,4068.0
5300240,Arlington School District,2016,5559,59888000,67381000,62087000,10773.16064040295,arlington,100014,31016,Arlington School District,0.8108600896564746,7041.0,8287.0
5300280,Asotin-Anatone School District,2016,654,7635000,7869000,7840000,11674.311926605504,asotin anatone,100015,2420,Asotin-Anatone School District,,0.0,0.0
5300300,Auburn School District,2016,15846,184836000,224434000,211850000,11664.521014767133,auburn,100016,17408,Auburn School District,0.7515300351912814,23293.0,28909.0
5300327,MUCKLESHOOT INDIAN TRIBE,2016,-3,2947000,3080000,2947000,-982333.3333333334,muckleshoot indian tribe,105771,17903,Muckleshoot Indian Tribe,0.5448011695906375,170.0,346.0
5300328,Suquamish Tribal Education Department,2016,79,1661000,1741000,1696000,21025.316455696204,suquamish tribal education department,105768,18902,Suquamish Tribal Education Department,0.78,0.0,0.0
5300329,Lummi Tribal Agency,2016,-3,2956000,2978000,2978000,-985333.3333333334,lummi tribal agency,105800,37903,Lummi Tribal Agency,0.6562684030425904,108.0,184.0
5300330,Bainbridge Island School District,2016,3921,42836000,53294000,49451000,10924.764090793165,bainbridge island,100017,18303,Bainbridge Island School District,0.9335169872508056,6090.0,6362.0
5300380,Battle Ground School District,2016,13571,140502000,155987000,149500000,10353.105887554344,battle ground,100018,6119,Battle Ground School District,0.7611746899266973,23906.0,29581.0
5300390,Bellevue School District,2016,20047,242716000,339568000,383022000,12107.347732827855,bellevue,100019,17405,Bellevue School District,0.9146269438212653,32775.0,35074.0
5300420,Bellingham School District,2016,11312,131586000,155588000,165942000,11632.425742574258,bellingham,100020,37501,Bellingham School District,0.8141394084967207,21556.0,24881.0
5300480,Bethel School District,2016,18941,202911000,246041000,223056000,10712.792355208278,bethel,100022,27403,Bethel School District,0.868248957657087,20972.0,23584.0
5300510,Bickleton School District,2016,86,1769000,3460000,1956000,20569.767441860466,bickleton,100023,20203,Bickleton School District,,0.0,0.0
5300570,Blaine School District,2016,2235,25743000,30114000,35256000,11518.120805369128,blaine,100024,37503,Blaine School District,0.7787885077847384,2060.0,2551.0
5300660,Bremerton School District,2016,5187,61516000,70984000,67569000,11859.649122807017,bremerton,100026,18100,Bremerton School District,0.6943295796727145,5608.0,7815.0
5300690,Brewster School District,2016,997,11658000,12540000,12264000,11693.07923771314,brewster,100027,24111,Brewster School District,0.819604650881158,755.0,895.0
5300720,Bridgeport School District,2016,888,9382000,9978000,9887000,10565.315315315316,bridgeport,100028,9075,Bridgeport School District,0.862721856149775,328.0,382.0
5300780,Burlington-Edison School District,2016,3683,44850000,49302000,46652000,12177.572631007331,burlington edison,100030,29100,Burlington-Edison School District,0.7763390165466454,4891.0,5971.0
5300810,Camas School District,2016,6903,68253000,91595000,100385000,9887.440243372446,camas,100031,6117,Camas School District,0.9042908533796215,9537.0,10243.0
5300840,Cape Flattery School District,2016,475,8432000,9257000,9035000,17751.57894736842,cape flattery,100032,5401,Cape Flattery School District,0.8563012698875999,67.0,81.0
5300950,Cascade School District,2016,1310,15152000,19342000,21642000,11566.412213740457,cascade,100034,4228,Cascade School District,0.8970042802762245,729.0,825.0
5300960,CASHMERE SCHOOL DISTRICT,2016,1543,16749000,19181000,17273000,10854.828256642904,cashmere,100035,4222,CASHMERE SCHOOL DISTRICT,0.9376411721742125,266.0,281.0
5300990,Castle Rock School District,2016,1228,13499000,13791000,13841000,10992.671009771986,castle rock,100036,8401,Castle Rock School District,0.8078865098639799,1080.0,1344.0
5301080,Central Kitsap School District,2016,11090,125054000,170334000,156453000,11276.284941388638,central kitsap,100038,18401,Central Kitsap School District,0.8597960669310394,18572.0,20846.0
5301110,Central Valley School District,2016,13333,139303000,170134000,202629000,10447.986199654992,central valley,100039,32356,Central Valley School District,0.845269010628162,19516.0,22551.0
5301140,Centralia School District,2016,3593,39862000,43956000,42091000,11094.350125243529,centralia,100040,21401,Centralia School District,0.7766280857254709,3674.0,4616.0
5301170,Chehalis School District,2016,3026,33720000,37540000,37674000,11143.42366159947,chehalis,100041,21302,Chehalis School District,0.8268895163566896,2911.0,3384.0
5301200,Lake Chelan School District,2016,1440,17503000,19167000,18810000,12154.861111111111,lake chelan,100125,4129,Lake Chelan School District,0.7880821983811358,1549.0,1878.0
5301230,Cheney School District,2016,4554,48225000,57066000,52616000,10589.591567852438,cheney,100042,32360,Cheney School District,0.8500676481121549,4790.0,5459.0
5301260,Chewelah School District,2016,809,9331000,9591000,9689000,11533.99258343634,chewelah,100043,33036,Chewelah School District,0.8276532249512829,904.0,1069.0
5301290,Chimacum School District,2016,1089,12596000,14946000,13705000,11566.574839302111,chimacum,100044,16049,Chimacum School District,0.864821117014209,745.0,850.0
5301320,Clarkston School District,2016,2687,30670000,31523000,30919000,11414.216598436919,clarkston,100045,2250,Clarkston School District,0.6765268787448933,3242.0,4598.0
5301350,Cle Elum-Roslyn School District,2016,902,10057000,12388000,12039000,11149.667405764967,cle elum roslyn,100046,19404,Cle Elum-Roslyn School District,0.8209601958067799,623.0,747.0
5301410,Clover Park School District,2016,12819,153764000,214417000,210022000,11995.007410874483,clover park,100047,27400,Clover Park School District,0.8440566138013178,6711.0,7797.0
5301440,Colfax School District,2016,600,6911000,7946000,7219000,11518.333333333334,colfax,100048,38300,Colfax School District,0.8750815577570195,288.0,332.0
5301470,College Place School District,2016,1202,13396000,21006000,19538000,11144.758735440932,college place,100049,36250,College Place School District,,0.0,0.0
5301500,Colton School District,2016,159,2603000,5942000,6207000,16371.069182389938,colton,100050,38306,Colton School District,,0.0,0.0
5301560,Columbia (Stevens) School District,2016,159,2928000,3123000,3065000,18415.094339622643,columbia stevens,100051,33206,Columbia (Stevens) School District,0.64,0.0,0.0
5301590,Columbia (Walla Walla) School District,2016,844,9647000,11751000,10663000,11430.094786729858,columbia walla walla,100052,36400,Columbia (Walla Walla) School District,0.8006377134664467,597.0,749.0
5301630,Colville School District,2016,1814,20270000,20882000,20418000,11174.2006615215,colville,100053,33115,Colville School District,0.8388238738689056,2132.0,2512.0
5301660,Concrete School District,2016,530,6861000,7685000,7113000,12945.283018867925,concrete,100054,29011,Concrete School District,0.6770148040702756,284.0,411.0
5301800,Coupeville School District,2016,949,10604000,14003000,12489000,11173.86722866175,coupeville,100058,15204,Coupeville School District,0.8916005923220679,295.0,332.0
5301830,Crescent School District,2016,272,3738000,3845000,3859000,13742.64705882353,crescent,100059,5313,Crescent School District,0.6707142857142857,0.0,0.0
5301860,Creston School District,2016,93,2381000,2487000,2434000,25602.15053763441,creston,100060,22073,Creston School District,,0.0,0.0
5301890,Curlew School District,2016,171,2967000,3081000,2967000,17350.877192982458,curlew,100061,10050,Curlew School District,,0.0,0.0
5301920,Cusick School District,2016,239,3561000,3780000,3565000,14899.58158995816,cusick,100062,26059,Cusick School District,0.8177777777777778,0.0,0.0
5301980,Darrington School District,2016,428,6134000,6713000,6198000,14331.775700934579,darrington,100064,31330,Darrington School District,0.8064129023150676,239.0,304.0
5302010,Davenport School District,2016,598,7436000,8456000,7995000,12434.782608695652,davenport,100065,22207,Davenport School District,0.88353246753246,36.0,43.0
5302040,Dayton School District,2016,399,5287000,5879000,6027000,13250.62656641604,dayton,100066,7002,Dayton School District,0.81372727272727,16.0,22.0
5302070,Deer Park School District,2016,2500,24627000,28746000,25713000,9850.8,deer park,100067,32414,Deer Park School District,0.884857234871573,2783.0,3129.0
5302280,East Valley School District (Spokane),2016,4311,49357000,52347000,51564000,11449.083739271631,east valley spokane,100070,32361,East Valley School District (Spokane),0.7813037743086046,4265.0,5342.0
5302310,Eastmont School District,2016,5965,60330000,71838000,64163000,10113.998323554066,eastmont,100072,9206,Eastmont School District,0.8477447199597314,8047.0,9184.0
5302340,Easton School District,2016,113,2372000,2862000,2470000,20991.150442477876,easton,100073,19028,Easton School District,,0.0,0.0
5302370,Eatonville School District,2016,1950,21365000,23916000,23906000,10956.410256410256,eatonville,100074,27404,Eatonville School District,0.9237399596098675,1059.0,1128.0
5302400,Edmonds School District,2016,21021,238011000,306524000,362160000,11322.534608248894,edmonds,100075,31015,Edmonds School District,0.8307586960505458,31873.0,36856.0
5302460,Ellensburg School District,2016,3257,32899000,40331000,41567000,10101.013202333435,ellensburg,100076,19401,Ellensburg School District,0.8659055005863339,3269.0,3675.0
5302490,Elma School District,2016,1426,16925000,18321000,17258000,11868.863955119215,elma,100077,14068,Elma School District,0.9235584111602978,2001.0,2157.0
5302550,Entiat School District,2016,343,4311000,6618000,5985000,12568.513119533527,entiat,100079,4127,Entiat School District,0.8566666666666666,0.0,0.0
5302610,Ephrata School District,2016,2414,25634000,27808000,26709000,10618.889809444905,ephrata,100081,13165,Ephrata School District,0.9047871003229359,2413.0,2571.0
5302670,Everett School District,2016,19923,228993000,275263000,243780000,11493.901520855294,everett,100083,31002,Everett School District,0.9305907402772962,24207.0,25531.0
5302700,Evergreen School District (Clark),2016,26015,288620000,330846000,301651000,11094.368633480684,evergreen clark,100084,6114,Evergreen School District (Clark),0.8237389519235631,38775.0,45433.0
5302820,Federal Way School District,2016,23039,263982000,310014000,320034000,11458.04939450497,federal way,100086,17210,Federal Way School District,0.8164284620052557,31738.0,37748.0
5302850,Ferndale School District,2016,4829,55849000,62131000,58179000,11565.334437771795,ferndale,100087,37502,Ferndale School District,0.7398980277446139,5440.0,6879.0
5302880,Fife School District,2016,3692,39439000,45286000,40676000,10682.286023835319,fife,100088,27417,Fife School District,0.8516555585290083,3811.0,4353.0
5302910,Finley School District,2016,912,11289000,11589000,11693000,12378.28947368421,finley,100089,3053,Finley School District,0.8834731525373317,447.0,514.0
5302940,Franklin Pierce School District,2016,7737,89085000,108723000,101340000,11514.152772392401,franklin pierce,100090,27402,Franklin Pierce School District,0.860615421749886,9749.0,11130.0
5302970,Freeman School District,2016,900,9969000,11338000,10953000,11076.666666666666,freeman,100091,32358,Freeman School District,0.9344094654524101,222.0,238.0
5303000,Garfield School District,2016,116,2471000,2682000,2678000,21301.724137931036,garfield,100092,38302,Garfield School District,,0.0,0.0
5303030,Glenwood School District,2016,66,1842000,2134000,1996000,27909.090909090908,glenwood,100093,20401,Glenwood School District,,0.0,0.0
5303090,Goldendale School District,2016,944,10942000,12255000,12016000,11591.101694915254,goldendale,100094,20404,Goldendale School District,0.848867154109951,954.0,1113.0
5303130,Grand Coulee Dam School District,2016,722,10274000,10353000,10445000,14229.916897506926,grand coulee dam,100095,13301,Grand Coulee Dam School District,0.7528195213393675,419.0,565.0
5303150,Grandview School District,2016,3707,38102000,43103000,40499000,10278.392230914485,grandview,100096,39200,Grandview School District,0.8175711365310855,3573.0,4259.0
5303180,Granger School District,2016,1521,17646000,19112000,25371000,11601.577909270218,granger,100097,39204,Granger School District,0.7991234156062491,926.0,1092.0
5303210,Granite Falls School District,2016,2061,23743000,27993000,26854000,11520.135856380399,granite falls,100098,31332,Granite Falls School District,0.7997972695556745,2952.0,3607.0
5303360,Harrington School District,2016,83,2631000,2731000,2783000,31698.795180722893,harrington,100103,22204,Harrington School District,,0.0,0.0
5303440,Coulee-Hartline School District,2016,170,3147000,3823000,3371000,18511.764705882353,coulee hartline,100057,13151,Coulee-Hartline School District,0.8366666666666666,0.0,0.0
5303510,Highland School District,2016,1167,13626000,15141000,15514000,11676.092544987147,highland,100104,39203,Highland School District,0.7946814181212176,1205.0,1460.0
5303540,Highline School District,2016,19545,241626000,279234000,262943000,12362.547966231772,highline,100105,17401,Highline School District,0.7688805940006544,26325.0,32797.0
5303570,Hockinson School District,2016,1874,18387000,22333000,35501000,9811.632870864461,hockinson,100106,6098,Hockinson School District,0.9210473795669065,1308.0,1374.0
5303660,Hoquiam School District,2016,1699,19950000,21851000,20422000,11742.20129487934,hoquiam,100108,14028,Hoquiam School District,0.7829436437719018,1488.0,1899.0
5303750,Issaquah School District,2016,19951,196181000,270251000,318406000,9833.14119593003,issaquah,100111,17411,Issaquah School District,0.8974321271704211,26327.0,27954.0
5303780,Kahlotus School District,2016,47,1847000,2032000,2122000,39297.87234042553,kahlotus,100112,11056,Kahlotus School District,,0.0,0.0
5303810,Kalama School District,2016,925,8169000,10132000,9403000,8831.351351351352,kalama,100113,8402,Kalama School District,0.9134968034913167,279.0,303.0
5303930,Kennewick School District,2016,17795,187659000,254524000,267037000,10545.602697386907,kennewick,100116,3017,Kennewick School District,0.766648266212037,29235.0,36099.0
5303960,Kent School District,2016,27738,326383000,355302000,347233000,11766.637825365924,kent,100117,17415,Kent School District,0.8169938115107582,40498.0,47587.0
5303990,Kettle Falls School District,2016,912,9881000,10350000,9998000,10834.429824561403,kettle falls,100118,33212,Kettle Falls School District,0.8575192726129237,194.0,220.0
5304020,Kiona-Benton City School District,2016,1481,17208000,19211000,17899000,11619.17623227549,kiona benton city,100119,3052,Kiona-Benton City School District,0.771103276627965,1577.0,2000.0
5304050,Kittitas School District,2016,661,7462000,8319000,7627000,11288.956127080182,kittitas,100120,19403,Kittitas School District,0.8414181531029308,187.0,221.0
5304080,Klickitat School District,2016,76,1988000,3092000,2777000,26157.894736842107,klickitat,100121,20402,Klickitat School District,0.6844444444444444,0.0,0.0
5304110,La Conner School District,2016,627,10275000,14342000,14131000,16387.55980861244,la conner,100123,29311,La Conner School District,0.7982085004171814,253.0,320.0
5304150,LaCrosse School District,2016,70,2430000,2849000,2746000,34714.28571428572,lacrosse,100124,38126,LaCrosse School District,,0.0,0.0
5304170,La Center School District,2016,1647,16441000,18349000,17420000,9982.392228293867,la center,100122,6101,La Center School District,0.8594498522991837,1541.0,1765.0
5304200,Lake Stevens School District,2016,8580,88078000,100522000,97842000,10265.501165501166,lake stevens,100126,31004,Lake Stevens School District,0.9092757148594859,9296.0,9930.0
5304230,Lake Washington School District,2016,27886,287641000,385982000,343204000,10314.8891917091,lake washington,100127,17414,Lake Washington School District,0.9148201271009261,39587.0,41858.0
5304260,Lakewood School District,2016,2318,24435000,31178000,49980000,10541.415012942192,lakewood,100128,31306,Lakewood School District,0.8603067309835554,2181.0,2458.0
5304380,Liberty School District,2016,446,5733000,6750000,6172000,12854.260089686099,liberty,100130,32362,Liberty School District,0.8362499999999999,12.0,16.0
5304410,Lind School District,2016,191,3923000,4538000,4347000,20539.267015706806,lind,100131,1158,Lind School District,0.66,0.0,0.0
5304470,Longview School District,2016,6872,75119000,86376000,80236000,10931.16996507567,longview,100132,8122,Longview School District,0.7710829430166677,6943.0,8638.0
5304530,Lopez School District,2016,242,3887000,5071000,7691000,16061.98347107438,lopez,100134,28144,Lopez School District,0.71324242424242,29.0,41.0
5304560,Riverview School District,2016,3277,35299000,43082000,40794000,10771.742447360391,riverview,100222,17407,Riverview School District,0.915192906075934,3673.0,3872.0
5304590,Lyle School District,2016,251,3698000,4381000,4095000,14733.067729083665,lyle,100135,20406,Lyle School District,0.764222222222216,14.0,18.0
5304620,Lynden School District,2016,3082,31449000,34925000,37150000,10204.088254380273,lynden,100136,37504,Lynden School District,0.8853979932318983,3250.0,3625.0
5304650,Mabton School District,2016,958,10896000,11409000,10946000,11373.695198329853,mabton,100137,39120,Mabton School District,0.8113549913466891,709.0,862.0
5304710,Mansfield School District,2016,97,2162000,2271000,2171000,22288.659793814433,mansfield,100138,9207,Mansfield School District,,0.0,0.0
5304740,Manson School District,2016,668,8894000,9666000,9558000,13314.37125748503,manson,100139,4019,Manson School District,0.8795465447824808,344.0,386.0
5304800,Mary M Knight School District,2016,157,2913000,3210000,3006000,18554.140127388535,mary m knight,100140,23311,Mary M Knight School District,,0.0,0.0
5304830,Mary Walker School District,2016,484,10228000,11220000,10365000,21132.23140495868,mary walker,100141,33207,Mary Walker School District,0.8392110720256953,339.0,416.0
5304860,Marysville School District,2016,11249,135334000,154819000,146878000,12030.758289625745,marysville,100142,31025,Marysville School District,0.7381181376822928,15321.0,19684.0
5304920,Mead School District,2016,9872,105806000,114265000,119303000,10717.787682333874,mead,100144,32354,Mead School District,0.9035713029681866,17538.0,18867.0
5304950,Medical Lake School District,2016,1909,19765000,22281000,20967000,10353.58826610791,medical lake,100145,32326,Medical Lake School District,0.8901814231128897,1754.0,1952.0
5304980,Mercer Island School District,2016,4450,51428000,66441000,115924000,11556.85393258427,mercer island,100146,17400,Mercer Island School District,0.934890577992302,5081.0,5292.0
5305010,Meridian School District,2016,1762,17948000,21369000,21831000,10186.152099886493,meridian,100147,37505,Meridian School District,0.7968670736419019,1169.0,1434.0
5305020,Methow Valley School District,2016,612,7323000,9216000,8598000,11965.686274509804,methow valley,100148,24350,Methow Valley School District,0.9427083333333334,29.0,32.0
5305130,Monroe School District,2016,7006,74031000,81719000,88840000,10566.799885812161,monroe,100150,31103,Monroe School District,0.8107844198870758,7122.0,8401.0
5305160,Montesano School District,2016,1384,14087000,16823000,15378000,10178.468208092485,montesano,100151,14066,Montesano School District,0.9216765203427161,295.0,314.0
5305190,Morton School District,2016,319,4380000,4652000,4492000,13730.407523510972,morton,100152,21214,Morton School District,0.8220146520146476,9.0,13.0
5305220,Moses Lake School District,2016,8397,93602000,102510000,97592000,11147.076336786948,moses lake,100153,13161,Moses Lake School District,0.7639907107992155,9499.0,11966.0
5305250,Mossyrock School District,2016,515,6416000,7346000,6623000,12458.252427184467,mossyrock,100154,21206,Mossyrock School District,0.8938181475193291,119.0,133.0
5305280,Mount Adams School District,2016,950,13973000,14242000,13976000,14708.421052631578,mount adams,100155,39209,Mount Adams School District,0.7296936671571255,506.0,693.0
5305310,Mount Baker School District,2016,1933,23143000,25966000,25182000,11972.581479565442,mount baker,100156,37507,Mount Baker School District,0.7404460543851052,1695.0,2282.0
5305370,East Valley School District (Yakima),2016,3137,32974000,38336000,37246000,10511.316544469239,east valley yakima,100071,39090,East Valley School District (Yakima),0.875906145955735,3024.0,3383.0
5305400,Mount Vernon School District,2016,6781,80412000,91718000,85223000,11858.427960477806,mount vernon,100158,29320,Mount Vernon School District,0.7063491827563838,6046.0,8258.0
5305430,Mukilteo School District,2016,15358,177744000,201266000,228107000,11573.381950774841,mukilteo,100159,31006,Mukilteo School District,0.8379218284672865,21649.0,25114.0
5305460,Naches Valley School District,2016,1342,14082000,18729000,31269000,10493.293591654246,naches valley,100160,39003,Naches Valley School District,0.9056684461442882,965.0,1059.0
5305490,Napavine School District,2016,797,8354000,9207000,8574000,10481.806775407778,napavine,100161,21014,Napavine School District,0.9196271751504272,149.0,166.0
5305520,Naselle-Grays River Valley School District,2016,436,5006000,6150000,5714000,11481.651376146789,naselle grays river valley,100162,25155,Naselle-Grays River Valley School District,,0.0,0.0
5305610,Newport School District,2016,1085,12793000,14206000,13081000,11790.783410138249,newport,100164,26056,Newport School District,0.8403288721557389,1640.0,1911.0
5305640,Nine Mile Falls School District,2016,1449,16000000,17800000,16398000,11042.097998619738,nine mile falls,100165,32325,Nine Mile Falls School District,0.946879075832235,1151.0,1209.0
5305670,Nooksack Valley School District,2016,1620,18961000,21972000,26303000,11704.32098765432,nooksack valley,100166,37506,Nooksack Valley School District,0.8143737972407264,971.0,1173.0
5305700,North Beach School District,2016,674,8073000,9542000,8735000,11977.744807121662,north beach,100167,14064,North Beach School District No. 64,0.7865799828828,398.0,494.0
5305730,North Franklin School District,2016,2114,23052000,25826000,26285000,10904.446546830653,north franklin,100168,11051,North Franklin School District,0.8693114308621263,1404.0,1610.0
5305760,North Kitsap School District,2016,6126,68698000,82614000,72534000,11214.16911524649,north kitsap,100169,18400,North Kitsap School District,0.8550390661384368,7985.0,8874.0
5305790,North Mason School District,2016,2173,24546000,37834000,43925000,11295.904279797514,north mason,100170,23403,North Mason School District,0.7465035391111063,2848.0,3677.0
5305820,North River School District,2016,61,1604000,1772000,1632000,26295.081967213115,north river,100171,25200,North River School District,,0.0,0.0
5305850,North Thurston Public Schools,2016,14894,164874000,210302000,238418000,11069.826775882906,north thurston,100172,34003,North Thurston Public Schools,0.8434296615523746,22086.0,25250.0
5305880,Northport School District,2016,227,3206000,3572000,3228000,14123.348017621145,northport,100173,33211,Northport School District,,0.0,0.0
5305910,Northshore School District,2016,21481,225460000,291572000,341504000,10495.786974535637,northshore,100174,17417,Northshore School District,0.9150100773737198,37447.0,39591.0
5305940,Oak Harbor School District,2016,5861,60408000,69514000,64841000,10306.773588124894,oak harbor,100175,15201,Oak Harbor School District,0.8953481661415984,4343.0,4711.0
5305970,Oakesdale School District,2016,105,2450000,3020000,2781000,23333.333333333332,oakesdale,100176,38324,Oakesdale School District,,0.0,0.0
5306000,Oakville School District,2016,227,4095000,3625000,4095000,18039.64757709251,oakville,100177,14400,Oakville School District,0.7539097744360895,19.0,26.0
5306060,Ocean Beach School District,2016,1024,11889000,16784000,15327000,11610.3515625,ocean beach,100178,25101,Ocean Beach School District,0.8216448131012912,757.0,914.0
5306090,Ocosta School District,2016,605,8684000,12122000,16800000,14353.719008264463,ocosta,100179,14172,Ocosta School District,0.8227912076219206,350.0,432.0
5306120,Odessa School District,2016,233,3782000,4040000,3884000,16231.75965665236,odessa,100180,22105,Odessa School District,,0.0,0.0
5306150,Okanogan School District,2016,1113,12391000,13936000,12949000,11132.9739442947,okanogan,100181,24105,Okanogan School District,0.895982142857139,119.0,128.0
5306180,Olympia School District,2016,9986,109261000,128360000,121703000,10941.41798517925,olympia,100182,34111,Olympia School District,0.9038957880662569,14735.0,15951.0
5306220,Omak School District,2016,5417,47998000,51934000,48947000,8860.623961602363,omak,100183,24019,Omak School District,0.8594633433935673,1013.0,1176.0
5306240,Onalaska School District,2016,760,8336000,9017000,8771000,10968.421052631578,onalaska,100184,21300,Onalaska School District,0.8954499279726789,186.0,216.0
5306300,Orcas Island School District,2016,843,8943000,12135000,11370000,10608.540925266903,orcas island,100186,28137,Orcas Island School District,0.89,0.0,0.0
5306420,Oroville School District,2016,570,7325000,7583000,7464000,12850.877192982456,oroville,100190,24410,Oroville School District,0.8568128891147069,206.0,249.0
5306450,Orting School District,2016,2500,25088000,30126000,26322000,10035.2,orting,100191,27344,Orting School District,0.882913538783688,2421.0,2729.0
5306480,Othello School District,2016,4281,42190000,49459000,45390000,9855.17402476057,othello,100192,1147,Othello School District,0.7358625006368532,5575.0,6965.0
5306540,Palouse School District,2016,183,2798000,3191000,2949000,15289.617486338799,palouse,100194,38301,Palouse School District,0.8400000000000001,0.0,0.0
5306570,Pasco School District,2016,17407,199357000,216002000,220704000,11452.691445970013,pasco,100195,11001,Pasco School District,0.7624142282639986,24481.0,31389.0
5306600,Pateros School District,2016,289,4409000,4800000,4462000,15256.055363321799,pateros,100196,24122,Pateros School District,,0.0,0.0
5306660,Pe Ell School District,2016,274,3802000,4479000,4081000,13875.912408759124,pe ell,100198,21301,Pe Ell School District,0.8285714285714285,0.0,0.0
5306690,Peninsula School District,2016,8924,97042000,105211000,98951000,10874.271627073062,peninsula,100199,27401,Peninsula School District,0.8559995826575925,15313.0,17216.0
5306780,Pomeroy School District,2016,385,4899000,5747000,5235000,12724.675324675325,pomeroy,100201,12110,Pomeroy School District,0.8424489795918285,18.0,21.0
5306820,Port Angeles School District,2016,3840,43203000,45802000,44562000,11250.78125,port angeles,100202,5121,Port Angeles School District,0.8015007653387377,4786.0,5799.0
5306840,Port Townsend School District,2016,1178,14871000,16435000,16020000,12623.938879456706,port townsend,100203,16050,Port Townsend School District,0.7976644441662961,1777.0,2208.0
5306870,Prescott School District,2016,344,4433000,5155000,4923000,12886.627906976744,prescott,100204,36402,Prescott School District,,0.0,0.0
5306900,Prosser School District,2016,2824,32735000,33234000,33301000,11591.71388101983,prosser,100205,3116,Prosser School District,0.7769545004769435,4661.0,5828.0
5306930,Pullman School District,2016,2847,25113000,40405000,57018000,8820.86406743941,pullman,100206,38267,Pullman School District,0.9403416520301422,1112.0,1159.0
5306960,Puyallup School District,2016,22097,226990000,282963000,251851000,10272.43517219532,puyallup,100207,27003,Puyallup School District,0.870728545137872,39413.0,43675.0
5306990,Quilcene School District,2016,322,5829000,6391000,6202000,18102.48447204969,quilcene,100209,16048,Quilcene School District,0.7292165242165001,82.0,119.0
5307020,Quillayute Valley School District,2016,3092,27727000,29099000,29880000,8967.335058214749,quillayute valley,100210,5402,Quillayute Valley School District,0.6675841028209638,787.0,1161.0
5307050,Lake Quinault School District,2016,174,2929000,3668000,3334000,16833.333333333332,lake quinault,100211,14097,Lake Quinault School District,0.7166666666666667,0.0,0.0
5307080,Quincy School District,2016,2923,32989000,36756000,33921000,11286.007526513855,quincy,100212,13144,Quincy School District,0.7661192161812119,2472.0,3148.0
5307110,Rainier School District,2016,804,9375000,10227000,10293000,11660.44776119403,rainier,100213,34307,Rainier School District,0.8923939297632258,134.0,159.0
5307140,Raymond School District,2016,617,7834000,8807000,8153000,12696.920583468396,raymond,100214,25116,Raymond School District,0.8885124491869917,65.0,73.0
5307210,Reardan-Edwall School District,2016,544,6995000,7245000,7210000,12858.45588235294,reardan edwall,100215,22009,Reardan-Edwall School District,0.9233333333333333,0.0,0.0
5307230,Renton School District,2016,15949,181250000,245764000,242433000,11364.348861997618,renton,100216,17403,Renton School District,0.7876152722817674,20714.0,25686.0
5307260,Republic School District,2016,333,4369000,4770000,4572000,13120.12012012012,republic,100217,10309,Republic School District,0.7793424036281144,20.0,29.0
5307320,Richland School District,2016,13218,131421000,165528000,173464000,9942.578302315025,richland,100218,3400,Richland School District,0.7809741415766959,19372.0,23320.0
5307350,Ridgefield School District,2016,2499,20851000,29294000,27908000,8343.737494997999,ridgefield,100219,6122,Ridgefield School District,0.9147409188889711,1985.0,2156.0
5307380,Ritzville School District,2016,360,4637000,4927000,4705000,12880.555555555555,ritzville,100220,1160,Ritzville School District,0.71170909008764,128.0,203.0
5307440,Riverside School District,2016,1471,17553000,18468000,18031000,11932.69884432359,riverside,100221,32416,Riverside School District,0.8404188992042756,1081.0,1283.0
5307470,Rochester School District,2016,2195,24878000,28104000,25471000,11333.940774487472,rochester,100223,34401,Rochester School District,0.8242887234777482,1756.0,2091.0
5307560,Rosalia School District,2016,181,3368000,3798000,3445000,18607.734806629833,rosalia,100225,38320,Rosalia School District,0.8177777777777778,0.0,0.0
5307620,Royal School District,2016,1741,17706000,20622000,18669000,10170.017231476164,royal,100226,13160,Royal School District,0.7889793679733362,1746.0,2048.0
5307650,San Juan Island School District,2016,804,10096000,10882000,11619000,12557.213930348258,san juan island,100227,28149,San Juan Island School District,0.8494700252103208,732.0,841.0
5307710,Seattle Public Schools,2016,53317,712723000,881789000,934358000,13367.650092840933,seattle,100229,17001,Seattle School District No. 1,0.7590076880571032,90411.0,106819.0
5307740,Sedro-Woolley School District,2016,4350,48188000,55238000,51929000,11077.701149425287,sedro woolley,100230,29101,Sedro-Woolley School District,0.673228001762511,5525.0,7810.0
5307770,Selah School District,2016,3618,38696000,43110000,44288000,10695.411829740187,selah,100231,39119,Selah School District,0.8031874568961356,3373.0,4120.0
5307800,Selkirk School District,2016,258,3997000,5151000,4445000,15492.248062015504,selkirk,100232,26070,Selkirk School District,,0.0,0.0
5307830,Sequim School District,2016,2843,30009000,30936000,30991000,10555.399226169538,sequim,100233,5323,Sequim School District,0.8584365283618683,3830.0,4350.0
5307900,Shelton School District,2016,4317,50493000,56181000,52629000,11696.316886726894,shelton,100235,23309,Shelton School District,0.7791856990512295,7759.0,9448.0
5307920,Shoreline School District,2016,9440,105159000,132816000,127520000,11139.724576271186,shoreline,100236,17412,Shoreline School District,0.8668866853164556,14239.0,15787.0
5307980,Skykomish School District,2016,43,2136000,2048000,3752000,49674.41860465116,skykomish,100238,17404,Skykomish School District,,0.0,0.0
5308020,Snohomish School District,2016,10159,112259000,141828000,133024000,11050.201791514914,snohomish,100239,31201,Snohomish School District,0.8414359528162438,17926.0,20341.0
5308040,Snoqualmie Valley School District,2016,6898,69725000,88168000,118653000,10108.002319512902,snoqualmie valley,100240,17410,Snoqualmie Valley School District,0.9067116425475842,7834.0,8335.0
5308070,Soap Lake School District,2016,510,6547000,7008000,6577000,12837.254901960785,soap lake,100241,13156,Soap Lake School District,0.63634051653822,208.0,334.0
5308100,South Bend School District,2016,608,8112000,8755000,8420000,13342.105263157895,south bend,100242,25118,South Bend School District,0.85,16.0,20.0
5308130,Tukwila School District,2016,3040,43311000,48454000,45489000,14247.03947368421,tukwila,100243,17406,Tukwila School District,0.7470081115101169,3251.0,4250.0
5308160,South Kitsap School District,2016,9749,103194000,112752000,106423000,10585.085649810237,south kitsap,100244,18402,South Kitsap School District,0.8160814488811972,12412.0,14912.0
5308190,South Whidbey School District,2016,1416,16290000,18631000,18152000,11504.237288135593,south whidbey,100245,15206,South Whidbey School District,0.8613693015466724,2102.0,2446.0
5308250,Spokane School District,2016,30434,354948000,415010000,414710000,11662.87704540974,spokane,100247,32081,Spokane School District,0.8256841239960946,41346.0,45244.0
5308280,Sprague School District,2016,69,1754000,2046000,1907000,25420.289855072464,sprague,100248,22008,Sprague School District,,0.0,0.0
5308310,St. John School District,2016,161,2859000,3462000,3147000,17757.763975155278,st john,100249,38322,St. John School District,,0.0,0.0
5308340,Stanwood-Camano School District,2016,4519,49413000,57184000,57827000,10934.498782916575,stanwood camano,100250,31401,Stanwood-Camano School District,0.8301152821692609,5231.0,6023.0
5308460,Steilacoom Hist. School District,2016,3164,32465000,40006000,36289000,10260.745891276865,steilacoom hist,100254,27001,Steilacoom Hist. School District,0.9314378659383142,1724.0,1806.0
5308520,Stevenson-Carson School District,2016,929,10675000,11579000,12019000,11490.850376749193,stevenson carson,100256,30303,Stevenson-Carson School District,0.7803981622158549,891.0,1110.0
5308550,Sultan School District,2016,1973,22574000,24163000,23180000,11441.459706031425,sultan,100257,31311,Sultan School District,0.8506523750234327,1115.0,1283.0
5308670,Sunnyside School District,2016,6805,71970000,91528000,94506000,10576.047024246876,sunnyside,100260,39201,Sunnyside School District,0.8701020267939492,7360.0,8283.0
5308700,Tacoma School District,2016,29323,376409000,455794000,540696000,12836.647000647956,tacoma,100261,27010,Tacoma School District,0.8308284494659461,30971.0,35844.0
5308730,Taholah School District,2016,187,4293000,5997000,5599000,22957.219251336897,taholah,100262,14077,Taholah School District,0.6103448275862069,0.0,0.0
5308760,Tahoma School District,2016,8191,78916000,103085000,200241000,9634.476864851666,tahoma,100263,17409,Tahoma School District,0.9064203787922983,8985.0,9711.0
5308790,Tekoa School District,2016,211,3302000,3574000,3428000,15649.289099526066,tekoa,100264,38265,Tekoa School District,0.770909090909091,0.0,0.0
5308820,Tenino School District,2016,1208,13814000,15121000,15428000,11435.430463576158,tenino,100265,34402,Tenino School District,0.8509578065692713,947.0,1111.0
5308850,Thorp School District,2016,121,2597000,2750000,2842000,21462.80991735537,thorp,100266,19400,Thorp School District,,0.0,0.0
5308910,Toledo School District,2016,758,8060000,8723000,8294000,10633.245382585752,toledo,100267,21237,Toledo School District,0.8160420759475596,767.0,954.0
5308940,Tonasket School District,2016,1146,12619000,13380000,12985000,11011.343804537522,tonasket,100268,24404,Tonasket School District,0.8880625298509616,395.0,444.0
5308970,Toppenish School District,2016,4405,43910000,47186000,45143000,9968.217934165721,toppenish,100269,39202,Toppenish School District,0.697498966731522,3638.0,4972.0
5309000,Touchet School District,2016,226,3559000,5159000,4576000,15747.787610619469,touchet,100270,36300,Touchet School District,,0.0,0.0
5309030,Toutle Lake School District,2016,639,6274000,7911000,8532000,9818.46635367762,toutle lake,100271,8130,Toutle Lake School District,0.8910125852874298,433.0,480.0
5309060,Trout Lake School District,2016,223,2882000,3199000,3149000,12923.766816143498,trout lake,100272,20400,Trout Lake School District,,0.0,0.0
5309100,Tumwater School District,2016,6450,72641000,87966000,110992000,11262.170542635658,tumwater,100273,34033,Tumwater School District,0.8058432043428118,12030.0,14008.0
5309180,University Place School District,2016,5643,59298000,70173000,63319000,10508.240297713983,university place,100275,27083,University Place School District,0.8940057033583797,6654.0,7248.0
5309270,Vancouver School District,2016,23522,258050000,292989000,263385000,10970.580732930874,vancouver,100278,6037,Vancouver School District,0.7841188814008788,34813.0,41900.0
5309300,Vashon Island School District,2016,1588,19162000,23837000,21588000,12066.750629722921,vashon island,100279,17402,Vashon Island School District,0.9113367329955369,1408.0,1533.0
5309330,Wahkiakum School District,2016,458,4931000,6569000,5919000,10766.375545851528,wahkiakum,100280,35200,Wahkiakum School District,0.822775119617221,33.0,42.0
5309360,Wahluke School District,2016,2371,25430000,28419000,26036000,10725.432307043442,wahluke,100281,13073,Wahluke School District,0.7110853461517068,1927.0,2543.0
5309390,Waitsburg School District,2016,286,4049000,4532000,4273000,14157.342657342657,waitsburg,100282,36401,Waitsburg School District,0.9085714285714286,0.0,0.0
5309450,Walla Walla Public Schools,2016,5935,69921000,76577000,72954000,11781.128896377422,walla walla,100283,36140,Walla Walla Public Schools,0.798516210126569,9168.0,11078.0
5309480,Wapato School District,2016,3371,37786000,43368000,40240000,11209.136754672205,wapato,100284,39207,Wapato School District,0.7584752554967855,2409.0,3000.0
5309510,Warden School District,2016,982,10582000,11699000,11012000,10775.967413441955,warden,100285,13146,Warden School District,0.8126671136888438,818.0,970.0
5309540,Washougal School District,2016,3204,31694000,40454000,46835000,9892.009987515605,washougal,100286,6112,Washougal School District,0.8009031770547526,3045.0,3679.0
5309570,Washtucna School District,2016,42,1874000,2185000,1994000,44619.04761904762,washtucna,100287,1109,Washtucna School District,,0.0,0.0
5309600,Waterville School District,2016,280,3886000,4330000,4322000,13878.57142857143,waterville,100288,9209,Waterville School District,0.75875,0.0,0.0
5309630,Wellpinit School District,2016,467,7525000,8421000,7909000,16113.490364025696,wellpinit,100289,33049,Wellpinit School District #49,0.5207700012358703,417.0,835.0
5309660,Wenatchee School District,2016,7983,88806000,99562000,140985000,11124.389327320556,wenatchee,100290,4246,Wenatchee School District,0.7642350455207069,11787.0,14943.0
5309690,West Valley School District (Spokane),2016,3782,41414000,48587000,44146000,10950.290851401374,west valley spokane,100291,32363,West Valley School District (Spokane),0.96620301794743,1640.0,1698.0
5309720,West Valley School District (Yakima),2016,5049,50098000,57387000,53922000,9922.360863537335,west valley yakima,100292,39208,West Valley School District (Yakima),0.7802209471175838,4433.0,5521.0
5309750,White Pass School District,2016,436,5944000,7509000,6768000,13633.02752293578,white pass,100293,21303,White Pass School District,0.7948017576738475,225.0,285.0
5309780,White River School District,2016,3630,38326000,50346000,41025000,10558.126721763085,white river,100294,27416,White River School District,0.9067180478618428,5042.0,5411.0
5309810,White Salmon Valley School District,2016,1292,12979000,16005000,14945000,10045.665634674922,white salmon valley,100295,20405,White Salmon Valley School District,0.8333173342935911,910.0,1072.0
5309840,Wilbur School District,2016,284,4150000,4560000,4301000,14612.676056338029,wilbur,100296,22200,Wilbur School District,,0.0,0.0
5309870,Willapa Valley School District,2016,340,4529000,5441000,4846000,13320.588235294117,willapa valley,100297,25160,Willapa Valley School District,,0.0,0.0
5309930,Winlock School District,2016,664,8225000,8865000,8413000,12387.048192771084,winlock,100299,21232,Winlock School District,0.8097442039678066,425.0,538.0
5309990,Wishkah Valley School District,2016,151,2517000,2311000,2520000,16668.87417218543,wishkah valley,100300,14117,Wishkah Valley School District,,0.0,0.0
5310020,Wishram School District,2016,78,1755000,1966000,1848000,22500.0,wishram,100301,20094,Wishram School District,,0.0,0.0
5310050,Woodland School District,2016,2342,27455000,33315000,32865000,11722.886421861656,woodland,100302,8404,Woodland School District,0.7524018387533845,1713.0,2245.0
5310110,Yakima School District,2016,16226,180139000,205641000,193195000,11101.873536299765,yakima,100303,39007,Yakima School District,0.7287581477913363,22700.0,29816.0
5310140,Yelm School District,2016,5703,56245000,67328000,61530000,9862.353147466245,yelm,100304,34002,Yelm School District,0.7676946578154016,6414.0,8149.0
5310170,Zillah School District,2016,1359,14196000,15049000,14382000,10445.916114790287,zillah,100305,39205,Zillah School District,0.9209841292827657,922.0,1003.0
5300001,Enumclaw School District,2017,4055,49394000,56328000,95251000,12181.011097410605,enumclaw,100080,17216,Enumclaw School District,0.8585811283175914,5310.0,6040.0
5300002,Inchelium School District,2017,223,3932000,4405000,4142000,17632.286995515697,inchelium,100109,10070,Inchelium School District,0.648571428571423,30.0,70.0
5300003,Kelso School District,2017,4985,56667000,60966000,59092000,11367.502507522568,kelso,100115,8458,Kelso School District,0.8425765573730812,5054.0,5869.0
5300014,Bates Technical College,2017,270,-1,-1,-1,-0.003703703703703704,bates technical college,104220,27931,Bates Technical College,0.11359164869001305,136.0,1196.0
5300030,Aberdeen School District,2017,3408,43325000,47069000,46080000,12712.734741784037,aberdeen,100010,14005,Aberdeen School District,0.7993850086157739,4056.0,4901.0
5300060,Adna School District,2017,645,6947000,8305000,13604000,10770.542635658914,adna,100011,21226,Adna School District,,0.0,0.0
5300150,Anacortes School District,2017,2806,34775000,40899000,53880000,12393.086243763364,anacortes,100013,29103,Anacortes School District,0.8847567066877019,3139.0,3460.0
5300240,Arlington School District,2017,5550,63402000,70301000,65419000,11423.783783783783,arlington,100014,31016,Arlington School District,0.8222153680785969,5922.0,6858.0
5300280,Asotin-Anatone School District,2017,665,7890000,8027000,8065000,11864.661654135338,asotin anatone,100015,2420,Asotin-Anatone School District,0.9049999999999999,0.0,0.0
5300300,Auburn School District,2017,16158,197154000,233233000,218419000,12201.633865577423,auburn,100016,17408,Auburn School District,0.7516346069088385,25669.0,31931.0
5300328,Suquamish Tribal Education Department,2017,74,1797000,1842000,1797000,24283.783783783783,suquamish tribal education department,105768,18902,Suquamish Tribal Education Department,,0.0,0.0
5300330,Bainbridge Island School District,2017,3884,44503000,55521000,52383000,11458.032955715757,bainbridge island,100017,18303,Bainbridge Island School District,0.9359125255447152,5638.0,5899.0
5300380,Battle Ground School District,2017,13427,147121000,166639000,156339000,10957.101362925448,battle ground,100018,6119,Battle Ground School District,0.7621748569084493,23371.0,28697.0
5300390,Bellevue School District,2017,20443,256891000,359838000,459706000,12566.20848212102,bellevue,100019,17405,Bellevue School District,0.9146015854641077,34941.0,37074.0
5300420,Bellingham School District,2017,11524,136059000,167600000,180662000,11806.577577230128,bellingham,100020,37501,Bellingham School District,0.8406971046139936,20208.0,22815.0
5300480,Bethel School District,2017,19226,217129000,259060000,232330000,11293.508790179965,bethel,100022,27403,Bethel School District,0.8741134633936578,20793.0,23312.0
5300510,Bickleton School District,2017,95,2158000,3453000,2376000,22715.78947368421,bickleton,100023,20203,Bickleton School District,,0.0,0.0
5300570,Blaine School District,2017,2256,27420000,32337000,47782000,12154.255319148937,blaine,100024,37503,Blaine School District,0.8040226861666443,2107.0,2526.0
5300660,Bremerton School District,2017,5138,63937000,74464000,68954000,12443.947061113273,bremerton,100026,18100,Bremerton School District,0.6779465290045316,5472.0,7809.0
5300690,Brewster School District,2017,963,11884000,13282000,14514000,12340.602284527518,brewster,100027,24111,Brewster School District,0.8179629056231372,652.0,778.0
5300720,Bridgeport School District,2017,864,9947000,10536000,10440000,11512.731481481482,bridgeport,100028,9075,Bridgeport School District,0.8335159782534903,409.0,489.0
5300780,Burlington-Edison School District,2017,3675,46341000,51444000,47504000,12609.795918367347,burlington edison,100030,29100,Burlington-Edison School District,0.8005064725578701,5143.0,6083.0
5300810,Camas School District,2017,7097,73738000,95716000,101298000,10390.02395378329,camas,100031,6117,Camas School District,0.8948129111963105,7778.0,8393.0
5300840,Cape Flattery School District,2017,503,8515000,10154000,8733000,16928.429423459245,cape flattery,100032,5401,Cape Flattery School District,0.8598742237451779,91.0,109.0
5300950,Cascade School District,2017,1309,15978000,20550000,32163000,12206.264323911382,cascade,100034,4228,Cascade School District,0.9274753990096833,694.0,757.0
5300960,CASHMERE SCHOOL DISTRICT,2017,1611,17723000,20222000,21925000,11001.241464928617,cashmere,100035,4222,CASHMERE SCHOOL DISTRICT,0.9331949963642786,508.0,540.0
5300990,Castle Rock School District,2017,1284,14371000,14903000,14651000,11192.367601246106,castle rock,100036,8401,Castle Rock School District,0.806457700822146,1356.0,1661.0
5301080,Central Kitsap School District,2017,11109,134242000,162082000,194871000,12084.075974435144,central kitsap,100038,18401,Central Kitsap School District,0.862291235530084,17779.0,19739.0
5301110,Central Valley School District,2017,13468,149717000,225485000,279543000,11116.498366498367,central valley,100039,32356,Central Valley School District,0.864926416882463,21720.0,24121.0
5301140,Centralia School District,2017,3606,43767000,45450000,44777000,12137.271214642264,centralia,100040,21401,Centralia School District,0.7984089981462322,3228.0,3933.0
5301170,Chehalis School District,2017,3068,35410000,40559000,54139000,11541.720990873533,chehalis,100041,21302,Chehalis School District,0.8542479879923811,2754.0,3160.0
5301200,Lake Chelan School District,2017,1442,17980000,20158000,18890000,12468.793342579751,lake chelan,100125,4129,Lake Chelan School District,0.8171896447720041,1855.0,2169.0
5301230,Cheney School District,2017,4696,51123000,61091000,55498000,10886.499148211244,cheney,100042,32360,Cheney School District,0.8449217514870081,4896.0,5598.0
5301260,Chewelah School District,2017,802,9488000,9982000,10781000,11830.423940149625,chewelah,100043,33036,Chewelah School District,0.8323990008446106,899.0,1066.0
5301290,Chimacum School District,2017,1064,13282000,15146000,14110000,12483.082706766918,chimacum,100044,16049,Chimacum School District,0.8696993451834841,759.0,884.0
5301320,Clarkston School District,2017,2726,31937000,32312000,32199000,11715.700660308145,clarkston,100045,2250,Clarkston School District,0.6945783508234851,3291.0,4590.0
5301350,Cle Elum-Roslyn School District,2017,889,10262000,12629000,12909000,11543.307086614173,cle elum roslyn,100046,19404,Cle Elum-Roslyn School District,0.8386911578416523,593.0,713.0
5301410,Clover Park School District,2017,13181,165201000,202359000,187206000,12533.267582125787,clover park,100047,27400,Clover Park School District,0.8679511809663066,10060.0,11358.0
5301440,Colfax School District,2017,604,7174000,8161000,7686000,11877.48344370861,colfax,100048,38300,Colfax School District,0.9010857142857119,45.0,53.0
5301470,College Place School District,2017,1354,15505000,18587000,18287000,11451.25553914328,college place,100049,36250,College Place School District,0.9533825923303333,219.0,231.0
5301500,Colton School District,2017,154,2764000,3428000,3258000,17948.051948051947,colton,100050,38306,Colton School District,,0.0,0.0
5301560,Columbia (Stevens) School District,2017,156,3181000,3144000,3184000,20391.02564102564,columbia stevens,100051,33206,Columbia (Stevens) School District,0.6844444444444444,0.0,0.0
5301590,Columbia (Walla Walla) School District,2017,796,9784000,11625000,10267000,12291.457286432162,columbia walla walla,100052,36400,Columbia (Walla Walla) School District,0.821014961645534,573.0,696.0
5301630,Colville School District,2017,1740,21178000,21643000,21260000,12171.264367816091,colville,100053,33115,Colville School District,0.8407511614650905,2137.0,2476.0
5301660,Concrete School District,2017,555,7553000,7998000,8064000,13609.009009009009,concrete,100054,29011,Concrete School District,0.6744094347234378,244.0,361.0
5301800,Coupeville School District,2017,998,11534000,15157000,13238000,11557.114228456914,coupeville,100058,15204,Coupeville School District,0.8865372675164299,297.0,327.0
5301830,Crescent School District,2017,302,3947000,4341000,4180000,13069.53642384106,crescent,100059,5313,Crescent School District,0.634,0.0,0.0
5301860,Creston School District,2017,91,2353000,2458000,2465000,25857.14285714286,creston,100060,22073,Creston School District,,0.0,0.0
5301890,Curlew School District,2017,181,3101000,2977000,3101000,17132.596685082874,curlew,100061,10050,Curlew School District,0.5480212924330539,142.0,281.0
5301920,Cusick School District,2017,236,3688000,3899000,3692000,15627.118644067798,cusick,100062,26059,Cusick School District,0.8311111111111111,12.0,15.0
5301980,Darrington School District,2017,414,6226000,6704000,6422000,15038.64734299517,darrington,100064,31330,Darrington School District,0.7880316676077475,112.0,139.0
5302010,Davenport School District,2017,609,7546000,8511000,8029000,12390.80459770115,davenport,100065,22207,Davenport School District,0.88353246753246,36.0,43.0
5302040,Dayton School District,2017,427,5493000,6710000,6300000,12864.168618266978,dayton,100066,7002,Dayton School District,0.8019486215538842,28.0,37.0
5302070,Deer Park School District,2017,2518,26057000,29937000,27267000,10348.292295472598,deer park,100067,32414,Deer Park School District,0.9069178161499826,2877.0,3158.0
5302280,East Valley School District (Spokane),2017,4262,51136000,55026000,52559000,11998.122946973252,east valley spokane,100070,32361,East Valley School District (Spokane),0.8364861684841833,3413.0,4035.0
5302310,Eastmont School District,2017,6102,64748000,73869000,68250000,10610.947230416257,eastmont,100072,9206,Eastmont School District,0.844284499651224,9594.0,11063.0
5302340,Easton School District,2017,113,2467000,2982000,2565000,21831.858407079646,easton,100073,19028,Easton School District,,0.0,0.0
5302370,Eatonville School District,2017,1961,22897000,25032000,25807000,11676.185619581845,eatonville,100074,27404,Eatonville School District,0.9485838828834225,1344.0,1406.0
5302400,Edmonds School District,2017,21265,252200000,336671000,325330000,11859.863625675993,edmonds,100075,31015,Edmonds School District,0.8447961637782744,36650.0,42069.0
5302460,Ellensburg School District,2017,3352,34544000,44352000,66085000,10305.489260143198,ellensburg,100076,19401,Ellensburg School District,0.8832197727614776,3218.0,3542.0
5302490,Elma School District,2017,1437,18344000,18810000,18559000,12765.483646485734,elma,100077,14068,Elma School District,0.9230586480211971,1267.0,1348.0
5302550,Entiat School District,2017,339,4486000,5461000,4910000,13233.038348082597,entiat,100079,4127,Entiat School District,,0.0,0.0
5302610,Ephrata School District,2017,2500,28209000,29495000,30179000,11283.6,ephrata,100081,13165,Ephrata School District,0.929145016014272,3333.0,3515.0
5302670,Everett School District,2017,20224,246711000,296090000,276677000,12198.92207278481,everett,100083,31002,Everett School District,0.9348539731209338,22994.0,24109.0
5302700,Evergreen School District (Clark),2017,26231,305131000,345589000,323871000,11632.45777896382,evergreen clark,100084,6114,Evergreen School District (Clark),0.8478321422423315,37224.0,42335.0
5302820,Federal Way School District,2017,23043,279500000,328987000,319240000,12129.497027296793,federal way,100086,17210,Federal Way School District,0.8437861259978341,30930.0,35648.0
5302850,Ferndale School District,2017,4825,57477000,63956000,58231000,11912.331606217616,ferndale,100087,37502,Ferndale School District,0.7775549738564383,4256.0,5167.0
5302880,Fife School District,2017,3716,41525000,47382000,42844000,11174.65016146394,fife,100088,27417,Fife School District,0.86951383711941,3962.0,4473.0
5302910,Finley School District,2017,929,11482000,13045000,13457000,12359.526372443488,finley,100089,3053,Finley School District,0.8643300776578667,454.0,525.0
5302940,Franklin Pierce School District,2017,7820,94790000,113926000,99557000,12121.48337595908,franklin pierce,100090,27402,Franklin Pierce School District,0.8686119128243743,8005.0,9012.0
5302970,Freeman School District,2017,898,9896000,11684000,10808000,11020.044543429844,freeman,100091,32358,Freeman School District,0.9455393133997734,106.0,113.0
5303000,Garfield School District,2017,116,2571000,2685000,2658000,22163.793103448275,garfield,100092,38302,Garfield School District,,0.0,0.0
5303030,Glenwood School District,2017,76,1929000,2105000,2222000,25381.57894736842,glenwood,100093,20401,Glenwood School District,,0.0,0.0
5303090,Goldendale School District,2017,943,11003000,12396000,12216000,11668.080593849416,goldendale,100094,20404,Goldendale School District,0.8703192017936133,905.0,1037.0
5303130,Grand Coulee Dam School District,2017,731,10385000,10399000,10513000,14206.566347469221,grand coulee dam,100095,13301,Grand Coulee Dam School District,0.7680807080725137,417.0,549.0
5303150,Grandview School District,2017,3733,39428000,45170000,42480000,10562.014465577284,grandview,100096,39200,Grandview School District,0.856341859636134,3816.0,4290.0
5303180,Granger School District,2017,1517,18087000,21422000,24440000,11922.8740936058,granger,100097,39204,Granger School District,0.8102653941193556,1119.0,1354.0
5303210,Granite Falls School District,2017,2058,24832000,29496000,26861000,12066.083576287658,granite falls,100098,31332,Granite Falls School District,0.8169480904795914,2436.0,2855.0
5303360,Harrington School District,2017,112,2643000,2916000,2666000,23598.214285714286,harrington,100103,22204,Harrington School District,,0.0,0.0
5303440,Coulee-Hartline School District,2017,127,3102000,3595000,3201000,24425.196850393702,coulee hartline,100057,13151,Coulee-Hartline School District,,0.0,0.0
5303510,Highland School District,2017,1167,14326000,15733000,17620000,12275.92116538132,highland,100104,39203,Highland School District,0.8402106952608297,1207.0,1410.0
5303540,Highline School District,2017,19696,248372000,298471000,284888000,12610.276198212836,highline,100105,17401,Highline School District,0.8006390520676744,26510.0,31809.0
5303570,Hockinson School District,2017,1877,19794000,29587000,51359000,10545.551411827384,hockinson,100106,6098,Hockinson School District,0.9361643569161822,1825.0,1909.0
5303660,Hoquiam School District,2017,1657,20049000,22009000,21427000,12099.577549788775,hoquiam,100108,14028,Hoquiam School District,0.8160272002004353,1410.0,1690.0
5303750,Issaquah School District,2017,20532,210348000,293721000,330022000,10244.88603156049,issaquah,100111,17411,Issaquah School District,0.9021294093609233,32493.0,34700.0
5303780,Kahlotus School District,2017,51,1782000,1981000,2111000,34941.17647058824,kahlotus,100112,11056,Kahlotus School District,,0.0,0.0
5303810,Kalama School District,2017,970,8525000,10802000,10320000,8788.659793814433,kalama,100113,8402,Kalama School District,0.9058645018138056,393.0,444.0
5303930,Kennewick School District,2017,18171,202189000,246364000,258246000,11127.015574266688,kennewick,100116,3017,Kennewick School District,0.7671596972411988,26185.0,32440.0
5303960,Kent School District,2017,27849,340057000,370196000,357495000,12210.743653273008,kent,100117,17415,Kent School District,0.8340758759997453,41694.0,48394.0
5303990,Kettle Falls School District,2017,958,10344000,12585000,12152000,10797.494780793319,kettle falls,100118,33212,Kettle Falls School District,0.8936559776430375,93.0,104.0
5304020,Kiona-Benton City School District,2017,1446,18215000,19742000,18555000,12596.818810511757,kiona benton city,100119,3052,Kiona-Benton City School District,0.7726852623848078,1797.0,2281.0
5304050,Kittitas School District,2017,668,7823000,8624000,7971000,11711.077844311378,kittitas,100120,19403,Kittitas School District,0.8465513853119828,179.0,212.0
5304080,Klickitat School District,2017,75,2082000,2452000,2421000,27760.0,klickitat,100121,20402,Klickitat School District,,0.0,0.0
5304110,La Conner School District,2017,576,10060000,13333000,11952000,17465.277777777777,la conner,100123,29311,La Conner School District,0.7633288692721638,313.0,411.0
5304150,LaCrosse School District,2017,60,2438000,2858000,2638000,40633.333333333336,lacrosse,100124,38126,LaCrosse School District,,0.0,0.0
5304170,La Center School District,2017,1677,17102000,20590000,19092000,10197.972570065593,la center,100122,6101,La Center School District,0.8662698292328646,1788.0,2051.0
5304200,Lake Stevens School District,2017,8847,94169000,120754000,130844000,10644.173166044988,lake stevens,100126,31004,Lake Stevens School District,0.9026008137356344,8322.0,9019.0
5304230,Lake Washington School District,2017,29180,312874000,415039000,393159000,10722.206991089788,lake washington,100127,17414,Lake Washington School District,0.924522417705985,38923.0,41012.0
5304260,Lakewood School District,2017,2410,26637000,34392000,64428000,11052.697095435684,lakewood,100128,31306,Lakewood School District,0.8947616215142827,2442.0,2653.0
5304380,Liberty School District,2017,467,6031000,7449000,9658000,12914.346895074947,liberty,100130,32362,Liberty School District,0.84839215686274,12.0,17.0
5304410,Lind School District,2017,204,3807000,4860000,4360000,18661.764705882353,lind,100131,1158,Lind School District,0.7022222222222222,0.0,0.0
5304470,Longview School District,2017,6828,78441000,86447000,82377000,11488.137082601055,longview,100132,8122,Longview School District,0.8170472794574879,7319.0,8694.0
5304530,Lopez School District,2017,244,4218000,5481000,10991000,17286.885245901638,lopez,100134,28144,Lopez School District,0.6990909090909045,21.0,30.0
5304560,Riverview School District,2017,3365,37494000,44745000,42348000,11142.347696879644,riverview,100222,17407,Riverview School District,0.9182115543624204,3189.0,3366.0
5304590,Lyle School District,2017,245,3350000,3922000,3795000,13673.469387755102,lyle,100135,20406,Lyle School District,0.7684722222222125,14.0,18.0
5304620,Lynden School District,2017,3253,34648000,42932000,70780000,10651.09130033815,lynden,100136,37504,Lynden School District,0.8595124930493617,2789.0,3115.0
5304650,Mabton School District,2017,909,10722000,11311000,10970000,11795.379537953795,mabton,100137,39120,Mabton School District,0.8669642431315882,514.0,583.0
5304710,Mansfield School District,2017,102,2271000,2360000,2352000,22264.70588235294,mansfield,100138,9207,Mansfield School District,,0.0,0.0
5304740,Manson School District,2017,672,8991000,9802000,9525000,13379.464285714286,manson,100139,4019,Manson School District,0.9105244530244354,200.0,221.0
5304800,Mary M Knight School District,2017,527,6044000,6252000,6313000,11468.690702087286,mary m knight,100140,23311,Mary M Knight School District,,0.0,0.0
5304830,Mary Walker School District,2017,545,7969000,8716000,8226000,14622.018348623853,mary walker,100141,33207,Mary Walker School District,0.8611632349132308,170.0,195.0
5304860,Marysville School District,2017,11235,138560000,160532000,151134000,12332.888295505118,marysville,100142,31025,Marysville School District,0.7613359560885579,14407.0,18241.0
5304920,Mead School District,2017,10105,112547000,124445000,146299000,11137.753587333003,mead,100144,32354,Mead School District,0.9028318891275567,17222.0,18603.0
5304950,Medical Lake School District,2017,1887,21397000,23304000,22988000,11339.162692103868,medical lake,100145,32326,Medical Lake School District,0.9154141859155488,2124.0,2297.0
5304980,Mercer Island School District,2017,4493,54567000,71892000,70634000,12144.8920543067,mercer island,100146,17400,Mercer Island School District,0.9471502738106,6275.0,6491.0
5305010,Meridian School District,2017,1743,18349000,21720000,22847000,10527.251864601261,meridian,100147,37505,Meridian School District,0.8417728020996328,1420.0,1627.0
5305020,Methow Valley School District,2017,598,7704000,10289000,10324000,12882.943143812709,methow valley,100148,24350,Methow Valley School District,0.9427083333333334,29.0,32.0
5305130,Monroe School District,2017,7096,75220000,83937000,117877000,10600.338218714769,monroe,100150,31103,Monroe School District,0.8301512674097985,7690.0,8844.0
5305160,Montesano School District,2017,1400,15099000,17514000,16458000,10785.0,montesano,100151,14066,Montesano School District,0.907659520985729,487.0,520.0
5305190,Morton School District,2017,327,4482000,4671000,4577000,13706.422018348623,morton,100152,21214,Morton School District,0.805830280830275,39.0,51.0
5305220,Moses Lake School District,2017,8674,101312000,108217000,105186000,11679.963108139267,moses lake,100153,13161,Moses Lake School District,0.7708310777349943,12376.0,15202.0
5305250,Mossyrock School District,2017,526,6265000,7454000,6821000,11910.6463878327,mossyrock,100154,21206,Mossyrock School District,0.8841966759002737,65.0,74.0
5305280,Mount Adams School District,2017,934,14099000,15098000,14328000,15095.289079229122,mount adams,100155,39209,Mount Adams School District,0.726330254426853,531.0,726.0
5305310,Mount Baker School District,2017,1936,24203000,26185000,25891000,12501.549586776859,mount baker,100156,37507,Mount Baker School District,0.7167720059549951,1661.0,2278.0
5305370,East Valley School District (Yakima),2017,3226,35365000,40651000,47678000,10962.492250464971,east valley yakima,100071,39090,East Valley School District (Yakima),0.8606664586684813,2819.0,3178.0
5305400,Mount Vernon School District,2017,6765,86631000,97270000,100587000,12805.764966740577,mount vernon,100158,29320,Mount Vernon School District,0.7410319939023958,8272.0,10703.0
5305430,Mukilteo School District,2017,15544,186964000,215233000,243727000,12028.049408131756,mukilteo,100159,31006,Mukilteo School District,0.8582670372091542,19717.0,22533.0
5305460,Naches Valley School District,2017,1353,15081000,18456000,18874000,11146.341463414634,naches valley,100160,39003,Naches Valley School District,0.9086429703992978,906.0,989.0
5305490,Napavine School District,2017,813,8670000,9617000,9053000,10664.206642066421,napavine,100161,21014,Napavine School District,0.936390532544377,63.0,69.0
5305520,Naselle-Grays River Valley School District,2017,451,5328000,6609000,6938000,11813.747228381375,naselle grays river valley,100162,25155,Naselle-Grays River Valley School District,0.765,0.0,0.0
5305610,Newport School District,2017,1089,13029000,14062000,13309000,11964.18732782369,newport,100164,26056,Newport School District,0.8609680014499481,1711.0,1971.0
5305640,Nine Mile Falls School District,2017,1444,16656000,19537000,18470000,11534.626038781164,nine mile falls,100165,32325,Nine Mile Falls School District,0.9493383718213533,870.0,918.0
5305670,Nooksack Valley School District,2017,1732,20603000,31981000,53895000,11895.496535796767,nooksack valley,100166,37506,Nooksack Valley School District,0.7886846408775563,1232.0,1524.0
5305700,North Beach School District,2017,672,8193000,9746000,8566000,12191.964285714286,north beach,100167,14064,North Beach School District No. 64,0.7973363540216,429.0,519.0
5305730,North Franklin School District,2017,2160,23697000,26924000,26026000,10970.833333333334,north franklin,100168,11051,North Franklin School District,0.9044936653765094,2426.0,2648.0
5305760,North Kitsap School District,2017,5957,72286000,82992000,74815000,12134.631525935874,north kitsap,100169,18400,North Kitsap School District,0.8780852253871967,6960.0,7666.0
5305790,North Mason School District,2017,2208,25046000,36885000,41116000,11343.297101449276,north mason,100170,23403,North Mason School District,0.7393500880265343,2887.0,3692.0
5305820,North River School District,2017,61,1743000,1787000,1756000,28573.77049180328,north river,100171,25200,North River School District,,0.0,0.0
5305850,North Thurston Public Schools,2017,14962,175902000,206701000,220642000,11756.583344472665,north thurston,100172,34003,North Thurston Public Schools,0.8713029937544309,20800.0,23298.0
5305880,Northport School District,2017,232,3390000,3573000,3511000,14612.068965517241,northport,100173,33211,Northport School District,0.77875,0.0,0.0
5305910,Northshore School District,2017,21918,245088000,311139000,290731000,11182.042157131125,northshore,100174,17417,Northshore School District,0.9223015167616975,30553.0,32247.0
5305940,Oak Harbor School District,2017,5936,64527000,75056000,70090000,10870.451482479784,oak harbor,100175,15201,Oak Harbor School District,0.8990900270506196,6278.0,6808.0
5305970,Oakesdale School District,2017,112,2642000,3123000,3223000,23589.285714285714,oakesdale,100176,38324,Oakesdale School District,,0.0,0.0
5306000,Oakville School District,2017,214,3747000,3660000,3777000,17509.345794392524,oakville,100177,14400,Oakville School District,0.7811111111111111,9.0,12.0
5306060,Ocean Beach School District,2017,1029,12274000,17884000,15444000,11928.085519922255,ocean beach,100178,25101,Ocean Beach School District,0.8132091245392211,883.0,1075.0
5306090,Ocosta School District,2017,623,8794000,10721000,11483000,14115.569823434991,ocosta,100179,14172,Ocosta School District,0.8619045362238819,275.0,325.0
5306120,Odessa School District,2017,235,3787000,4218000,3926000,16114.893617021276,odessa,100180,22105,Odessa School District,,0.0,0.0
5306150,Okanogan School District,2017,1133,12724000,13946000,13421000,11230.36187113857,okanogan,100181,24105,Okanogan School District,0.9083193277310881,90.0,96.0
5306180,Olympia School District,2017,10196,116786000,138262000,147778000,11454.09964692036,olympia,100182,34111,Olympia School District,0.9127349197736296,12044.0,12986.0
5306220,Omak School District,2017,5397,48434000,52515000,50128000,8974.244950898646,omak,100183,24019,Omak School District,0.8576833011578561,914.0,1055.0
5306240,Onalaska School District,2017,791,9336000,9701000,9896000,11802.781289506953,onalaska,100184,21300,Onalaska School District,0.8964472704801518,212.0,241.0
5306300,Orcas Island School District,2017,796,9455000,10882000,9920000,11878.140703517587,orcas island,100186,28137,Orcas Island School District,,0.0,0.0
5306330,Orchard Prairie School District,2017,85,795000,917000,880000,9352.941176470587,orchard prairie,100187,32123,Orchard Prairie School District,,0.0,0.0
5306420,Oroville School District,2017,589,7540000,7883000,7545000,12801.358234295416,oroville,100190,24410,Oroville School District,0.8671080327194892,231.0,274.0
5306450,Orting School District,2017,2612,27100000,32060000,28242000,10375.191424196018,orting,100191,27344,Orting School District,0.8929041695493604,3040.0,3348.0
5306480,Othello School District,2017,4388,46692000,51783000,51999000,10640.838650865999,othello,100192,1147,Othello School District,0.7568195923978281,6290.0,7799.0
5306540,Palouse School District,2017,188,2976000,3342000,3222000,15829.787234042553,palouse,100194,38301,Palouse School District,0.8400000000000001,0.0,0.0
5306570,Pasco School District,2017,17884,206639000,225324000,227975000,11554.406173115634,pasco,100195,11001,Pasco School District,0.7678397238218013,26939.0,34365.0
5306600,Pateros School District,2017,310,4831000,5078000,5165000,15583.870967741936,pateros,100196,24122,Pateros School District,,0.0,0.0
5306660,Pe Ell School District,2017,275,4131000,4608000,4406000,15021.818181818182,pe ell,100198,21301,Pe Ell School District,0.81,0.0,0.0
5306690,Peninsula School District,2017,9035,102587000,110544000,105532000,11354.399557277255,peninsula,100199,27401,Peninsula School District,0.8599515613097353,15902.0,17753.0
5306780,Pomeroy School District,2017,308,4766000,6072000,5369000,15474.025974025973,pomeroy,100201,12110,Pomeroy School District,0.84464285714285,18.0,21.0
5306820,Port Angeles School District,2017,3834,47373000,47411000,48921000,12356.025039123631,port angeles,100202,5121,Port Angeles School District,0.7968487909625634,5391.0,6490.0
5306840,Port Townsend School District,2017,1182,14978000,17710000,21183000,12671.742808798646,port townsend,100203,16050,Port Townsend School District,0.832583011501322,1152.0,1370.0
5306870,Prescott School District,2017,285,4076000,4751000,4347000,14301.754385964912,prescott,100204,36402,Prescott School District,,0.0,0.0
5306900,Prosser School District,2017,2793,32907000,34126000,33644000,11781.954887218046,prosser,100205,3116,Prosser School District,0.7877310357804739,3946.0,4850.0
5306930,Pullman School District,2017,2879,26423000,41661000,37205000,9177.839527613754,pullman,100206,38267,Pullman School District,0.9472747822917906,1490.0,1567.0
5306960,Puyallup School District,2017,22447,252732000,295845000,292713000,11259.05466209293,puyallup,100207,27003,Puyallup School District,0.8764729174419714,40570.0,44704.0
5306990,Quilcene School District,2017,318,6017000,6599000,6161000,18921.383647798742,quilcene,100209,16048,Quilcene School District,0.7638271604938259,11.0,15.0
5307020,Quillayute Valley School District,2017,3083,28160000,29673000,28779000,9133.960428154394,quillayute valley,100210,5402,Quillayute Valley School District,0.689291901475555,798.0,1145.0
5307050,Lake Quinault School District,2017,172,3105000,3847000,3462000,18052.325581395347,lake quinault,100211,14097,Lake Quinault School District,,0.0,0.0
5307080,Quincy School District,2017,2993,36257000,42349000,58314000,12113.932509188106,quincy,100212,13144,Quincy School District,0.7946158302847183,2913.0,3515.0
5307110,Rainier School District,2017,812,9445000,10538000,10683000,11631.773399014779,rainier,100213,34307,Rainier School District,0.8968788815593228,167.0,192.0
5307140,Raymond School District,2017,609,7730000,8844000,7853000,12692.939244663383,raymond,100214,25116,Raymond School District,0.9153846153846155,0.0,0.0
5307210,Reardan-Edwall School District,2017,571,7141000,7924000,9172000,12506.129597197898,reardan edwall,100215,22009,Reardan-Edwall School District,,0.0,0.0
5307230,Renton School District,2017,15849,190272000,254820000,243530000,12005.30001892864,renton,100216,17403,Renton School District,0.7874616626709614,19411.0,23954.0
5307260,Republic School District,2017,376,4725000,4961000,4728000,12566.489361702128,republic,100217,10309,Republic School District,0.5847759829193775,76.0,228.0
5307320,Richland School District,2017,13548,147848000,178818000,193438000,10912.902273398287,richland,100218,3400,Richland School District,0.8031626552802328,17613.0,20857.0
5307350,Ridgefield School District,2017,2805,25204000,38048000,43333000,8985.383244206774,ridgefield,100219,6122,Ridgefield School District,0.9195914433246272,2289.0,2462.0
5307380,Ritzville School District,2017,353,4935000,4977000,8709000,13980.169971671388,ritzville,100220,1160,Ritzville School District,0.7329841227108619,181.0,243.0
5307440,Riverside School District,2017,1483,17945000,18508000,18335000,12100.472016183412,riverside,100221,32416,Riverside School District,0.8594238884462765,1080.0,1252.0
5307470,Rochester School District,2017,2301,27081000,29427000,27713000,11769.23076923077,rochester,100223,34401,Rochester School District,0.8243307982274964,1769.0,2102.0
5307560,Rosalia School District,2017,183,3533000,3760000,3597000,19306.01092896175,rosalia,100225,38320,Rosalia School District,0.8177777777777778,0.0,0.0
5307620,Royal School District,2017,1759,18741000,20753000,20305000,10654.349061967027,royal,100226,13160,Royal School District,0.7916679072315863,2082.0,2457.0
5307650,San Juan Island School District,2017,807,10859000,11386000,12176000,13456.009913258984,san juan island,100227,28149,San Juan Island School District,0.8484897129791938,525.0,604.0
5307710,Seattle Public Schools,2017,54215,755066000,949343000,933454000,13927.252605367517,seattle,100229,17001,Seattle School District No. 1,0.7834263632337422,91487.0,105359.0
5307740,Sedro-Woolley School District,2017,4444,54188000,58101000,57095000,12193.519351935194,sedro woolley,100230,29101,Sedro-Woolley School District,0.6706454161897705,6364.0,8955.0
5307770,Selah School District,2017,3705,40521000,43976000,42950000,10936.842105263158,selah,100231,39119,Selah School District,0.6744579317911803,4209.0,5971.0
5307800,Selkirk School District,2017,273,4152000,4190000,4320000,15208.791208791208,selkirk,100232,26070,Selkirk School District,,0.0,0.0
5307830,Sequim School District,2017,2881,31976000,32364000,32529000,11098.923984727526,sequim,100233,5323,Sequim School District,0.889756016505293,3543.0,3899.0
5307900,Shelton School District,2017,4427,53578000,58190000,56346000,12102.552518635644,shelton,100235,23309,Shelton School District,0.7715622614588338,6678.0,8241.0
5307920,Shoreline School District,2017,9659,113171000,135879000,141608000,11716.637333057251,shoreline,100236,17412,Shoreline School District,0.8814016251828312,14184.0,15541.0
5307980,Skykomish School District,2017,56,2279000,2125000,2286000,40696.42857142857,skykomish,100238,17404,Skykomish School District,,0.0,0.0
5308020,Snohomish School District,2017,10193,119254000,149538000,139260000,11699.597763170803,snohomish,100239,31201,Snohomish School District,0.8408311635031338,19616.0,22282.0
5308040,Snoqualmie Valley School District,2017,7100,75004000,98085000,121970000,10563.94366197183,snoqualmie valley,100240,17410,Snoqualmie Valley School District,0.9285723516496983,7460.0,7829.0
5308070,Soap Lake School District,2017,459,6930000,7200000,7024000,15098.039215686274,soap lake,100241,13156,Soap Lake School District,0.6985191603464384,237.0,361.0
5308100,South Bend School District,2017,609,8265000,9136000,8718000,13571.42857142857,south bend,100242,25118,South Bend School District,0.8710687830687733,75.0,88.0
5308130,Tukwila School District,2017,2985,42339000,49285000,52814000,14183.91959798995,tukwila,100243,17406,Tukwila School District,0.7849775721948261,3508.0,4316.0
5308160,South Kitsap School District,2017,9927,111415000,117383000,114373000,11223.431046640475,south kitsap,100244,18402,South Kitsap School District,0.8202781932068586,13321.0,15985.0
5308190,South Whidbey School District,2017,1396,16659000,18887000,19181000,11933.381088825216,south whidbey,100245,15206,South Whidbey School District,0.9104890964283,2069.0,2258.0
5308250,Spokane School District,2017,30773,376577000,437208000,454683000,12237.253436454035,spokane,100247,32081,Spokane School District,0.8419501099320881,42216.0,43431.0
5308280,Sprague School District,2017,75,1837000,2112000,1967000,24493.333333333332,sprague,100248,22008,Sprague School District,,0.0,0.0
5308310,St. John School District,2017,155,2941000,3257000,3090000,18974.1935483871,st john,100249,38322,St. John School District,,0.0,0.0
5308340,Stanwood-Camano School District,2017,4604,52039000,60499000,60109000,11302.997393570808,stanwood camano,100250,31401,Stanwood-Camano School District,0.8351862038014699,5583.0,6396.0
5308460,Steilacoom Hist. School District,2017,3248,35155000,42480000,38164000,10823.583743842364,steilacoom hist,100254,27001,Steilacoom Hist. School District,0.9375552805037176,1706.0,1795.0
5308520,Stevenson-Carson School District,2017,958,10659000,10697000,12199000,11126.304801670147,stevenson carson,100256,30303,Stevenson-Carson School District,0.8012561547954306,867.0,1062.0
5308550,Sultan School District,2017,1992,24416000,24986000,25270000,12257.0281124498,sultan,100257,31311,Sultan School District,0.8533868453979566,1637.0,1893.0
5308670,Sunnyside School District,2017,6832,75413000,83469000,81186000,11038.202576112411,sunnyside,100260,39201,Sunnyside School District,0.8935101812308526,8407.0,9242.0
5308700,Tacoma School District,2017,29098,398350000,470552000,530664000,13689.944326070521,tacoma,100261,27010,Tacoma School District,0.8615141690800473,34588.0,38697.0
5308730,Taholah School District,2017,178,4285000,4680000,4472000,24073.03370786517,taholah,100262,14077,Taholah School District,0.52625,0.0,0.0
5308760,Tahoma School District,2017,8357,84423000,118371000,163227000,10102.070120856766,tahoma,100263,17409,Tahoma School District,0.9106537481347416,8998.0,9735.0
5308790,Tekoa School District,2017,191,3355000,3593000,3650000,17565.44502617801,tekoa,100264,38265,Tekoa School District,0.798269230769225,10.0,13.0
5308820,Tenino School District,2017,1246,14896000,16634000,16497000,11955.056179775282,tenino,100265,34402,Tenino School District,0.8926713629383761,819.0,912.0
5308850,Thorp School District,2017,148,2728000,2970000,2940000,18432.432432432433,thorp,100266,19400,Thorp School District,,0.0,0.0
5308910,Toledo School District,2017,782,8674000,9088000,8830000,11092.071611253197,toledo,100267,21237,Toledo School District,0.826091104155619,895.0,1073.0
5308940,Tonasket School District,2017,1177,13444000,14059000,13860000,11422.259983007647,tonasket,100268,24404,Tonasket School District,0.8867469188230097,439.0,503.0
5308970,Toppenish School District,2017,4277,48356000,49889000,49241000,11306.055646481178,toppenish,100269,39202,Toppenish School District,0.7543074142235897,3747.0,4748.0
5309000,Touchet School District,2017,205,3625000,4573000,4194000,17682.926829268294,touchet,100270,36300,Touchet School District,,0.0,0.0
5309030,Toutle Lake School District,2017,658,6794000,10707000,15422000,10325.227963525836,toutle lake,100271,8130,Toutle Lake School District,0.9004198736593501,180.0,198.0
5309060,Trout Lake School District,2017,231,2905000,3408000,3236000,12575.757575757576,trout lake,100272,20400,Trout Lake School District,,0.0,0.0
5309100,Tumwater School District,2017,6741,77911000,97048000,132029000,11557.780744696633,tumwater,100273,34033,Tumwater School District,0.8702521690785838,10654.0,11796.0
5309180,University Place School District,2017,5714,61041000,73134000,66428000,10682.709135456773,university place,100275,27083,University Place School District,0.9010258739237441,7675.0,8216.0
5309270,Vancouver School District,2017,23831,273758000,301992000,279481000,11487.474298183039,vancouver,100278,6037,Vancouver School District,0.817573062432661,31442.0,36548.0
5309300,Vashon Island School District,2017,1628,19917000,24512000,22420000,12234.029484029485,vashon island,100279,17402,Vashon Island School District,0.9024218772430276,1293.0,1399.0
5309330,Wahkiakum School District,2017,441,5430000,6662000,6459000,12312.925170068027,wahkiakum,100280,35200,Wahkiakum School District,0.83834737484737,58.0,73.0
5309360,Wahluke School District,2017,2471,27734000,30990000,28375000,11223.796033994335,wahluke,100281,13073,Wahluke School District,0.7297077471893115,1792.0,2293.0
5309390,Waitsburg School District,2017,299,4128000,4573000,4259000,13806.020066889632,waitsburg,100282,36401,Waitsburg School District,,0.0,0.0
5309450,Walla Walla Public Schools,2017,5881,72038000,76682000,73727000,12249.277333786771,walla walla,100283,36140,Walla Walla Public Schools,0.8208783143814262,8201.0,9718.0
5309480,Wapato School District,2017,3356,39620000,49905000,47969000,11805.721096543504,wapato,100284,39207,Wapato School District,0.7804699948373254,3299.0,4041.0
5309510,Warden School District,2017,998,11261000,11692000,11499000,11283.567134268536,warden,100285,13146,Warden School District,0.8671471807079889,981.0,1096.0
5309540,Washougal School District,2017,3251,34886000,48835000,85354000,10730.852045524454,washougal,100286,6112,Washougal School District,0.7928907867705737,3115.0,3763.0
5309570,Washtucna School District,2017,49,1887000,2219000,2009000,38510.204081632655,washtucna,100287,1109,Washtucna School District,,0.0,0.0
5309600,Waterville School District,2017,278,4038000,4516000,4500000,14525.179856115108,waterville,100288,9209,Waterville School District,,0.0,0.0
5309630,Wellpinit School District,2017,410,8275000,9098000,8275000,20182.926829268294,wellpinit,100289,33049,Wellpinit School District #49,0.7209828009828,24.0,31.0
5309660,Wenatchee School District,2017,7756,92480000,113203000,107525000,11923.671995874161,wenatchee,100290,4246,Wenatchee School District,0.8028381065487958,12351.0,14875.0
5309690,West Valley School District (Spokane),2017,3781,44233000,49630000,47022000,11698.756942607775,west valley spokane,100291,32363,West Valley School District (Spokane),0.9804472083512389,306.0,313.0
5309720,West Valley School District (Yakima),2017,5260,53353000,61208000,57275000,10143.15589353612,west valley yakima,100292,39208,West Valley School District (Yakima),0.7824420779944143,5450.0,6677.0
5309750,White Pass School District,2017,427,5850000,7304000,6546000,13700.234192037471,white pass,100293,21303,White Pass School District,0.6776325637781971,154.0,264.0
5309780,White River School District,2017,3734,40349000,52154000,55813000,10805.838243170861,white river,100294,27416,White River School District,0.9123818100314227,4358.0,4666.0
5309810,White Salmon Valley School District,2017,1299,13100000,16452000,15488000,10084.6805234796,white salmon valley,100295,20405,White Salmon Valley School District,0.8609358107805454,1016.0,1155.0
5309840,Wilbur School District,2017,276,4214000,4553000,4372000,15268.115942028986,wilbur,100296,22200,Wilbur School District,,0.0,0.0
5309870,Willapa Valley School District,2017,338,4855000,6108000,5136000,14363.905325443788,willapa valley,100297,25160,Willapa Valley School District,,0.0,0.0
5309930,Winlock School District,2017,692,8812000,9400000,9044000,12734.104046242775,winlock,100299,21232,Winlock School District,0.8167046291753499,394.0,484.0
5309990,Wishkah Valley School District,2017,163,2781000,3527000,2792000,17061.349693251534,wishkah valley,100300,14117,Wishkah Valley School District,,0.0,0.0
5310020,Wishram School District,2017,79,1704000,1975000,1808000,21569.620253164558,wishram,100301,20094,Wishram School District,,0.0,0.0
5310050,Woodland School District,2017,2420,29631000,34713000,34793000,12244.214876033058,woodland,100302,8404,Woodland School District,0.8001334184736568,2406.0,2996.0
5310110,Yakima School District,2017,16327,196502000,208606000,208050000,12035.401482207386,yakima,100303,39007,Yakima School District,0.7670337087406337,21731.0,27207.0
5310140,Yelm School District,2017,5856,60492000,71140000,64570000,10329.918032786885,yelm,100304,34002,Yelm School District,0.774072083881744,6895.0,8707.0
5310170,Zillah School District,2017,1347,14308000,15621000,14972000,10622.123236822568,zillah,100305,39205,Zillah School District,0.8878524682011041,1299.0,1440.0
5300001,Enumclaw School District,2018,4117,52989000,63657000,82109000,12870.779693951907,enumclaw,100080,17216,Enumclaw School District,0.8567401791013689,6215.0,7022.0
5300002,Inchelium School District,2018,227,4583000,4789000,4604000,20189.42731277533,inchelium,100109,10070,Inchelium School District,0.6313333333333334,7.0,14.0
5300003,Kelso School District,2018,5156,62605000,67282000,67292000,12142.164468580295,kelso,100115,8458,Kelso School District,0.8380588146745851,5472.0,6390.0
5300014,Bates Technical College,2018,296,-1,-1,-1,-0.0033783783783783786,bates technical college,104220,27931,Bates Technical College,0.38605327114204285,622.0,1564.0
5300030,Aberdeen School District,2018,3435,46262000,51683000,48838000,13467.83114992722,aberdeen,100010,14005,Aberdeen School District,0.7967518962355531,3205.0,3904.0
5300060,Adna School District,2018,643,7532000,12641000,12452000,11713.841368584759,adna,100011,21226,Adna School District,,0.0,0.0
5300150,Anacortes School District,2018,2806,37369000,43024000,78270000,13317.533856022808,anacortes,100013,29103,Anacortes School District,0.8763862987840566,3038.0,3383.0
5300240,Arlington School District,2018,5575,68262000,78120000,71117000,12244.304932735426,arlington,100014,31016,Arlington School District,0.8320534086057849,7043.0,8033.0
5300280,Asotin-Anatone School District,2018,629,8130000,8522000,8149000,12925.278219395866,asotin anatone,100015,2420,Asotin-Anatone School District,0.9096190476190468,32.0,35.0
5300300,Auburn School District,2018,16722,214739000,265336000,255984000,12841.705537615118,auburn,100016,17408,Auburn School District,0.8002848142849455,22584.0,27089.0
5300328,Suquamish Tribal Education Department,2018,68,1500000,1609000,1500000,22058.823529411766,suquamish tribal education department,105768,18902,Suquamish Tribal Education Department,0.754,0.0,0.0
5300330,Bainbridge Island School District,2018,3874,47314000,61360000,66165000,12213.216313887455,bainbridge island,100017,18303,Bainbridge Island School District,0.9337781488386296,5543.0,5811.0
5300333,Summit Public School: Olympus,2018,167,3036000,3276000,3129000,18179.640718562874,summit public school olympus,105809,27905,Summit Public School: Olympus,0.7616404895291357,187.0,249.0
5300334,Summit Public School: Sierra,2018,297,4136000,4255000,4184000,13925.925925925925,summit public school sierra,105808,17902,Summit Public School: Sierra,0.8269443363552071,286.0,341.0
5300380,Battle Ground School District,2018,13397,156923000,178445000,161698000,11713.294021049489,battle ground,100018,6119,Battle Ground School District,0.756397797290128,25847.0,32142.0
5300390,Bellevue School District,2018,20642,275481000,389004000,476170000,13345.65449084391,bellevue,100019,17405,Bellevue School District,0.9214549727727283,36521.0,38574.0
5300420,Bellingham School District,2018,11732,149290000,179873000,226696000,12725.025571087624,bellingham,100020,37501,Bellingham School District,0.854465973867809,18834.0,21090.0
5300480,Bethel School District,2018,19770,242497000,285330000,262576000,12265.90794132524,bethel,100022,27403,Bethel School District,0.8838840404091072,21849.0,24309.0
5300510,Bickleton School District,2018,123,2122000,3784000,2237000,17252.032520325203,bickleton,100023,20203,Bickleton School District,,0.0,0.0
5300570,Blaine School District,2018,2250,30287000,33605000,41969000,13460.888888888889,blaine,100024,37503,Blaine School District,0.8229043290675119,2423.0,2855.0
5300660,Bremerton School District,2018,5065,68377000,77087000,75277000,13499.90128331688,bremerton,100026,18100,Bremerton School District,0.652503805873068,6263.0,9207.0
5300690,Brewster School District,2018,990,12210000,14611000,18340000,12333.333333333334,brewster,100027,24111,Brewster School District,0.8247522302238858,602.0,713.0
5300720,Bridgeport School District,2018,874,10633000,11287000,12155000,12165.903890160183,bridgeport,100028,9075,Bridgeport School District,0.8271930352518512,318.0,382.0
5300780,Burlington-Edison School District,2018,3604,50455000,56648000,57196000,13999.722530521643,burlington edison,100030,29100,Burlington-Edison School District,0.8190025035625591,4735.0,5479.0
5300810,Camas School District,2018,7091,83134000,107781000,160956000,11723.875334931603,camas,100031,6117,Camas School District,0.8878570844435034,10200.0,10938.0
5300840,Cape Flattery School District,2018,505,9677000,11254000,10156000,19162.37623762376,cape flattery,100032,5401,Cape Flattery School District,0.8833742959549333,46.0,52.0
5300950,Cascade School District,2018,1359,17092000,22714000,52224000,12576.894775570272,cascade,100034,4228,Cascade School District,0.916156215041382,615.0,667.0
5300960,CASHMERE SCHOOL DISTRICT,2018,1607,19494000,21941000,28798000,12130.678282514002,cashmere,100035,4222,CASHMERE SCHOOL DISTRICT,0.9299923394675792,545.0,579.0
5300990,Castle Rock School District,2018,1328,15953000,16345000,16437000,12012.801204819278,castle rock,100036,8401,Castle Rock School District,0.8175233511152451,1262.0,1527.0
5301080,Central Kitsap School District,2018,11339,143197000,179106000,301230000,12628.715054237588,central kitsap,100038,18401,Central Kitsap School District,0.8730349229565042,19130.0,21104.0
5301110,Central Valley School District,2018,13880,169653000,226179000,247885000,12222.838616714698,central valley,100039,32356,Central Valley School District,0.8652716477781384,20662.0,23319.0
5301140,Centralia School District,2018,3613,46909000,52381000,68195000,12983.393301965127,centralia,100040,21401,Centralia School District,0.8109147592409295,3530.0,4206.0
5301170,Chehalis School District,2018,3075,38430000,57813000,72077000,12497.560975609756,chehalis,100041,21302,Chehalis School District,0.868979507005893,3010.0,3377.0
5301200,Lake Chelan School District,2018,1439,18615000,21140000,19667000,12936.066712995136,lake chelan,100125,4129,Lake Chelan School District,0.8513090440250163,1917.0,2170.0
5301230,Cheney School District,2018,4847,57387000,67276000,75559000,11839.69465648855,cheney,100042,32360,Cheney School District,0.8525527990944688,4368.0,4964.0
5301260,Chewelah School District,2018,769,9987000,10481000,10253000,12986.99609882965,chewelah,100043,33036,Chewelah School District,0.8350903791939478,511.0,604.0
5301290,Chimacum School District,2018,986,13283000,15077000,14455000,13471.602434077078,chimacum,100044,16049,Chimacum School District,0.8809560730432073,777.0,875.0
5301320,Clarkston School District,2018,2711,34107000,34758000,34679000,12580.966433050535,clarkston,100045,2250,Clarkston School District,0.7606975410712572,2652.0,3404.0
5301350,Cle Elum-Roslyn School District,2018,920,11213000,13389000,15263000,12188.04347826087,cle elum roslyn,100046,19404,Cle Elum-Roslyn School District,0.8608942639329342,464.0,555.0
5301410,Clover Park School District,2018,13279,178764000,206588000,194656000,13462.158295052339,clover park,100047,27400,Clover Park School District,0.859072826587713,10902.0,12621.0
5301440,Colfax School District,2018,585,7614000,8735000,8070000,13015.384615384615,colfax,100048,38300,Colfax School District,0.9033571428571401,46.0,53.0
5301470,College Place School District,2018,1446,17345000,20561000,19237000,11995.159059474412,college place,100049,36250,College Place School District,0.9211773671035158,516.0,554.0
5301500,Colton School District,2018,159,2998000,3742000,3595000,18855.345911949684,colton,100050,38306,Colton School District,,0.0,0.0
5301560,Columbia (Stevens) School District,2018,132,3308000,3178000,3616000,25060.60606060606,columbia stevens,100051,33206,Columbia (Stevens) School District,0.6844444444444444,0.0,0.0
5301590,Columbia (Walla Walla) School District,2018,763,10355000,12558000,13549000,13571.42857142857,columbia walla walla,100052,36400,Columbia (Walla Walla) School District,0.7976383042380834,728.0,901.0
5301630,Colville School District,2018,1825,23107000,22965000,23211000,12661.369863013699,colville,100053,33115,Colville School District,0.8642005715723348,1761.0,1997.0
5301660,Concrete School District,2018,550,8282000,8685000,8692000,15058.181818181818,concrete,100054,29011,Concrete School District,0.7118863738209956,380.0,557.0
5301800,Coupeville School District,2018,1001,12497000,15845000,14993000,12484.515484515485,coupeville,100058,15204,Coupeville School District,0.9413751580527842,135.0,146.0
5301830,Crescent School District,2018,307,4242000,4817000,4501000,13817.58957654723,crescent,100059,5313,Crescent School District,0.65,0.0,0.0
5301860,Creston School District,2018,90,2390000,2554000,2411000,26555.555555555555,creston,100060,22073,Creston School District,,0.0,0.0
5301890,Curlew School District,2018,174,2983000,3211000,2983000,17143.67816091954,curlew,100061,10050,Curlew School District,0.39569744748968294,243.0,766.0
5301920,Cusick School District,2018,252,4083000,4130000,4219000,16202.380952380952,cusick,100062,26059,Cusick School District,,0.0,0.0
5301980,Darrington School District,2018,419,7766000,8629000,8514000,18534.606205250595,darrington,100064,31330,Darrington School District,0.8211033205851971,63.0,80.0
5302010,Davenport School District,2018,609,8162000,9262000,9056000,13402.298850574713,davenport,100065,22207,Davenport School District,0.9315,72.0,78.0
5302040,Dayton School District,2018,421,5958000,7035000,6974000,14152.019002375297,dayton,100066,7002,Dayton School District,0.8103302154194963,88.0,118.0
5302070,Deer Park School District,2018,2514,27731000,31593000,28694000,11030.628480509149,deer park,100067,32414,Deer Park School District,0.9209232287684348,2866.0,3100.0
5302280,East Valley School District (Spokane),2018,4266,55410000,59348000,57194000,12988.7482419128,east valley spokane,100070,32361,East Valley School District (Spokane),0.7866733511977254,3543.0,4415.0
5302310,Eastmont School District,2018,6227,70511000,82623000,78384000,11323.430223221454,eastmont,100072,9206,Eastmont School District,0.844934888665338,10109.0,11552.0
5302340,Easton School District,2018,110,2776000,3037000,2800000,25236.363636363636,easton,100073,19028,Easton School District,,0.0,0.0
5302370,Eatonville School District,2018,1926,23318000,27045000,26197000,12106.957424714434,eatonville,100074,27404,Eatonville School District,0.9423693201190755,2233.0,2352.0
5302400,Edmonds School District,2018,21234,281269000,351983000,407425000,13246.161815955544,edmonds,100075,31015,Edmonds School District,0.8505408409935536,33437.0,38305.0
5302460,Ellensburg School District,2018,3390,39040000,60192000,54799000,11516.22418879056,ellensburg,100076,19401,Ellensburg School District,0.8956819272317814,3545.0,3822.0
5302490,Elma School District,2018,1484,19435000,23730000,22820000,13096.361185983827,elma,100077,14068,Elma School District,0.914793364110911,1273.0,1360.0
5302550,Entiat School District,2018,322,4782000,5532000,5289000,14850.931677018634,entiat,100079,4127,Entiat School District,0.8085714285714286,0.0,0.0
5302610,Ephrata School District,2018,2602,31382000,32360000,33411000,12060.722521137586,ephrata,100081,13165,Ephrata School District,0.9366016784233437,3701.0,3880.0
5302670,Everett School District,2018,20447,271637000,327501000,321689000,13284.931774832494,everett,100083,31002,Everett School District,0.9443782005358432,26574.0,27701.0
5302700,Evergreen School District (Clark),2018,25649,330377000,369153000,364701000,12880.697103200904,evergreen clark,100084,6114,Evergreen School District (Clark),0.8825902199863073,40903.0,45143.0
5302820,Federal Way School District,2018,23110,306351000,351557000,354753000,13256.209433145825,federal way,100086,17210,Federal Way School District,0.8635076665614965,31299.0,35686.0
5302850,Ferndale School District,2018,4830,64061000,70634000,64892000,13263.146997929607,ferndale,100087,37502,Ferndale School District,0.8054817471455521,6038.0,7141.0
5302880,Fife School District,2018,3839,45331000,52549000,48132000,11808.022922636103,fife,100088,27417,Fife School District,0.9086289196302508,4218.0,4560.0
5302910,Finley School District,2018,921,12390000,14193000,20519000,13452.768729641693,finley,100089,3053,Finley School District,0.8571860290610818,529.0,629.0
5302940,Franklin Pierce School District,2018,7867,110123000,126690000,127917000,13998.093301131308,franklin pierce,100090,27402,Franklin Pierce School District,0.8776573467415786,9601.0,10757.0
5302970,Freeman School District,2018,906,10669000,12511000,11654000,11775.938189845474,freeman,100091,32358,Freeman School District,0.9475842429995142,106.0,113.0
5303000,Garfield School District,2018,112,2618000,2932000,2925000,23375.0,garfield,100092,38302,Garfield School District,,0.0,0.0
5303030,Glenwood School District,2018,69,2016000,2207000,2132000,29217.391304347828,glenwood,100093,20401,Glenwood School District,,0.0,0.0
5303090,Goldendale School District,2018,977,12040000,13595000,13567000,12323.439099283522,goldendale,100094,20404,Goldendale School District,0.8882506095333166,670.0,753.0
5303130,Grand Coulee Dam School District,2018,723,10361000,10951000,10507000,14330.567081604426,grand coulee dam,100095,13301,Grand Coulee Dam School District,0.7858743373546023,393.0,510.0
5303150,Grandview School District,2018,3734,42640000,49756000,50593000,11419.389394750937,grandview,100096,39200,Grandview School District,0.8841437374622589,4214.0,4574.0
5303180,Granger School District,2018,1484,20108000,21163000,21234000,13549.865229110512,granger,100097,39204,Granger School District,0.7979660841437741,1144.0,1396.0
5303210,Granite Falls School District,2018,2033,26338000,31210000,37629000,12955.238563698967,granite falls,100098,31332,Granite Falls School District,0.809782177459525,2626.0,3163.0
5303360,Harrington School District,2018,120,3009000,3107000,3047000,25075.0,harrington,100103,22204,Harrington School District,,0.0,0.0
5303440,Coulee-Hartline School District,2018,162,3228000,3606000,3435000,19925.925925925927,coulee hartline,100057,13151,Coulee-Hartline School District,,0.0,0.0
5303510,Highland School District,2018,1155,14911000,16356000,16980000,12909.95670995671,highland,100104,39203,Highland School District,0.8460210255267215,765.0,881.0
5303540,Highline School District,2018,19567,268229000,320144000,337760000,13708.233249859457,highline,100105,17401,Highline School District,0.8252982522942748,26112.0,30648.0
5303570,Hockinson School District,2018,1951,22366000,29305000,29772000,11463.864684777038,hockinson,100106,6098,Hockinson School District,0.9376231443088142,1892.0,1980.0
5303660,Hoquiam School District,2018,1682,21660000,24239000,23176000,12877.526753864448,hoquiam,100108,14028,Hoquiam School District,0.8286585586449193,1443.0,1701.0
5303750,Issaquah School District,2018,20930,238853000,325564000,412350000,11411.992355470617,issaquah,100111,17411,Issaquah School District,0.8967273477976025,30979.0,33039.0
5303780,Kahlotus School District,2018,47,1819000,2004000,2157000,38702.12765957447,kahlotus,100112,11056,Kahlotus School District,,0.0,0.0
5303810,Kalama School District,2018,1036,9322000,12582000,11927000,8998.069498069499,kalama,100113,8402,Kalama School District,0.8911811285698972,621.0,707.0
5303930,Kennewick School District,2018,18541,224482000,282410000,289902000,12107.329701742085,kennewick,100116,3017,Kennewick School District,0.7647825589685647,31411.0,38821.0
5303960,Kent School District,2018,27573,343019000,383868000,395778000,12440.394588909441,kent,100117,17415,Kent School District,0.8380386606544094,44076.0,50747.0
5303990,Kettle Falls School District,2018,999,11907000,13213000,13185000,11918.918918918918,kettle falls,100118,33212,Kettle Falls School District,0.8779973899374001,184.0,209.0
5304020,Kiona-Benton City School District,2018,1474,19233000,20811000,19861000,13048.168249660786,kiona benton city,100119,3052,Kiona-Benton City School District,0.837298628126693,1940.0,2285.0
5304050,Kittitas School District,2018,697,8347000,9397000,8557000,11975.609756097561,kittitas,100120,19403,Kittitas School District,0.8427647005771964,138.0,164.0
5304080,Klickitat School District,2018,72,2127000,2418000,2363000,29541.666666666668,klickitat,100121,20402,Klickitat School District,,0.0,0.0
5304110,La Conner School District,2018,606,11263000,12624000,12903000,18585.808580858087,la conner,100123,29311,La Conner School District,0.7681964861648558,370.0,492.0
5304150,LaCrosse School District,2018,62,2486000,3031000,2713000,40096.77419354839,lacrosse,100124,38126,LaCrosse School District,,0.0,0.0
5304170,La Center School District,2018,1715,18396000,21771000,21788000,10726.530612244898,la center,100122,6101,La Center School District,0.8873830538168646,1637.0,1805.0
5304200,Lake Stevens School District,2018,8838,105312000,130384000,152036000,11915.81805838425,lake stevens,100126,31004,Lake Stevens School District,0.9001816932309242,10166.0,11060.0
5304230,Lake Washington School District,2018,29727,354774000,458020000,569470000,11934.403067918054,lake washington,100127,17414,Lake Washington School District,0.9193030092301883,43722.0,46092.0
5304260,Lakewood School District,2018,2463,30062000,46639000,42065000,12205.440519691434,lakewood,100128,31306,Lakewood School District,0.8824557385851712,2513.0,2719.0
5304380,Liberty School District,2018,508,6909000,10681000,19052000,13600.393700787401,liberty,100130,32362,Liberty School District,0.8145882352941101,12.0,17.0
5304410,Lind School District,2018,190,4225000,4898000,4408000,22236.842105263157,lind,100131,1158,Lind School District,0.6885714285714285,0.0,0.0
5304470,Longview School District,2018,6750,84755000,92546000,89107000,12556.296296296296,longview,100132,8122,Longview School District,0.8396123784386941,7341.0,8502.0
5304530,Lopez School District,2018,247,4581000,7213000,6225000,18546.55870445344,lopez,100134,28144,Lopez School District,0.7283333333333334,0.0,0.0
5304560,Riverview School District,2018,3418,40627000,48367000,44486000,11886.190754827385,riverview,100222,17407,Riverview School District,0.915508783952349,3186.0,3397.0
5304590,Lyle School District,2018,237,3940000,4270000,4376000,16624.472573839663,lyle,100135,20406,Lyle School District,0.7044416027280412,22.0,35.0
5304620,Lynden School District,2018,3252,38966000,57683000,67554000,11982.164821648217,lynden,100136,37504,Lynden School District,0.8457113054647292,3197.0,3573.0
5304650,Mabton School District,2018,890,11932000,11914000,13182000,13406.741573033707,mabton,100137,39120,Mabton School District,0.8498922067053232,403.0,464.0
5304710,Mansfield School District,2018,86,2276000,2460000,2474000,26465.116279069767,mansfield,100138,9207,Mansfield School District,,0.0,0.0
5304740,Manson School District,2018,635,9243000,10523000,11054000,14555.905511811023,manson,100139,4019,Manson School District,0.9216721628415137,172.0,187.0
5304800,Mary M Knight School District,2018,1048,9846000,10458000,10900000,9395.038167938932,mary m knight,100140,23311,Mary M Knight School District,,0.0,0.0
5304830,Mary Walker School District,2018,492,7793000,7383000,8118000,15839.430894308944,mary walker,100141,33207,Mary Walker School District,0.8361622560920126,289.0,355.0
5304860,Marysville School District,2018,11146,148595000,165974000,155883000,13331.688498115916,marysville,100142,31025,Marysville School District,0.7712387962946955,15504.0,19235.0
5304920,Mead School District,2018,10374,127875000,154260000,166972000,12326.48930017351,mead,100144,32354,Mead School District,0.9180206944859123,17251.0,18331.0
5304950,Medical Lake School District,2018,1890,22427000,24953000,23693000,11866.137566137566,medical lake,100145,32326,Medical Lake School District,0.9376367906396,1368.0,1455.0
5304980,Mercer Island School District,2018,4529,60732000,76425000,70808000,13409.582689335393,mercer island,100146,17400,Mercer Island School District,0.9360679818718215,6185.0,6470.0
5305010,Meridian School District,2018,1808,20608000,23135000,22704000,11398.230088495575,meridian,100147,37505,Meridian School District,0.8487987907246378,1085.0,1258.0
5305020,Methow Valley School District,2018,652,8045000,11027000,11458000,12338.957055214723,methow valley,100148,24350,Methow Valley School District,0.9360465116279,40.0,43.0
5305040,Mill A School District,2018,29,1383000,1671000,1926000,47689.65517241379,mill a,100149,30031,Mill A School District,,0.0,0.0
5305130,Monroe School District,2018,6963,79311000,98065000,136259000,11390.348987505386,monroe,100150,31103,Monroe School District,0.823049301394303,7456.0,8594.0
5305160,Montesano School District,2018,1398,16476000,18601000,17491000,11785.40772532189,montesano,100151,14066,Montesano School District,0.88987722458635,347.0,404.0
5305190,Morton School District,2018,308,4786000,4729000,4986000,15538.961038961039,morton,100152,21214,Morton School District,0.8056301510988969,39.0,51.0
5305220,Moses Lake School District,2018,8741,112470000,115967000,120346000,12866.948861686305,moses lake,100153,13161,Moses Lake School District,0.7946544782452986,9284.0,11189.0
5305250,Mossyrock School District,2018,528,7076000,8114000,7311000,13401.515151515152,mossyrock,100154,21206,Mossyrock School District,0.8926576576576556,21.0,24.0
5305280,Mount Adams School District,2018,935,15019000,14610000,15127000,16063.101604278076,mount adams,100155,39209,Mount Adams School District,0.7357175702696326,497.0,681.0
5305310,Mount Baker School District,2018,1873,25458000,29221000,28495000,13592.098238120661,mount baker,100156,37507,Mount Baker School District,0.7137274615826098,1545.0,2140.0
5305370,East Valley School District (Yakima),2018,3244,38207000,44146000,50533000,11777.743526510481,east valley yakima,100071,39090,East Valley School District (Yakima),0.8729513108736848,4010.0,4494.0
5305400,Mount Vernon School District,2018,6912,94083000,113260000,133393000,13611.545138888889,mount vernon,100158,29320,Mount Vernon School District,0.7617236769654172,7939.0,10036.0
5305430,Mukilteo School District,2018,15498,208550000,231188000,224189000,13456.575041940896,mukilteo,100159,31006,Mukilteo School District,0.8679671730307358,21106.0,23757.0
5305460,Naches Valley School District,2018,1314,16394000,18669000,17941000,12476.407914764079,naches valley,100160,39003,Naches Valley School District,0.9192576975928326,764.0,838.0
5305490,Napavine School District,2018,846,9388000,10550000,9943000,11096.92671394799,napavine,100161,21014,Napavine School District,0.9297679924242375,101.0,111.0
5305520,Naselle-Grays River Valley School District,2018,441,5777000,6845000,6536000,13099.773242630385,naselle grays river valley,100162,25155,Naselle-Grays River Valley School District,0.85,0.0,0.0
5305610,Newport School District,2018,1141,14082000,15567000,14335000,12341.805433829973,newport,100164,26056,Newport School District,0.8447083376409177,1648.0,1904.0
5305640,Nine Mile Falls School District,2018,1429,17715000,19470000,21178000,12396.780965710286,nine mile falls,100165,32325,Nine Mile Falls School District,0.9460439939317443,824.0,870.0
5305670,Nooksack Valley School District,2018,1786,23605000,30277000,31611000,13216.685330347145,nooksack valley,100166,37506,Nooksack Valley School District,0.808642417744349,1311.0,1607.0
5305700,North Beach School District,2018,716,8879000,10611000,9349000,12400.837988826815,north beach,100167,14064,North Beach School District No. 64,0.8348470351556243,352.0,423.0
5305730,North Franklin School District,2018,2190,25828000,28838000,29108000,11793.607305936073,north franklin,100168,11051,North Franklin School District,0.9307889660549908,2279.0,2424.0
5305760,North Kitsap School District,2018,5990,77017000,83768000,80238000,12857.595993322204,north kitsap,100169,18400,North Kitsap School District,0.8969707645524834,6925.0,7465.0
5305790,North Mason School District,2018,2261,28617000,34301000,34713000,12656.789031402035,north mason,100170,23403,North Mason School District,0.7792605149127437,2989.0,3672.0
5305820,North River School District,2018,70,1851000,1847000,1880000,26442.85714285714,north river,100171,25200,North River School District,,0.0,0.0
5305850,North Thurston Public Schools,2018,15222,192131000,231655000,226021000,12621.928787281566,north thurston,100172,34003,North Thurston Public Schools,0.8759466783383287,20354.0,22599.0
5305880,Northport School District,2018,220,3868000,3841000,3888000,17581.81818181818,northport,100173,33211,Northport School District,0.702850877192975,13.0,19.0
5305910,Northshore School District,2018,22635,278287000,336782000,325091000,12294.543848022973,northshore,100174,17417,Northshore School District,0.9285244877479121,32043.0,33654.0
5305940,Oak Harbor School District,2018,5901,73259000,81605000,77365000,12414.675478732419,oak harbor,100175,15201,Oak Harbor School District,0.8975016903669213,5580.0,6105.0
5305970,Oakesdale School District,2018,115,2889000,3353000,3260000,25121.739130434784,oakesdale,100176,38324,Oakesdale School District,,0.0,0.0
5306000,Oakville School District,2018,236,3710000,4218000,3974000,15720.338983050848,oakville,100177,14400,Oakville School District,0.7875000000000001,0.0,0.0
5306060,Ocean Beach School District,2018,1035,13187000,18823000,16118000,12741.062801932367,ocean beach,100178,25101,Ocean Beach School District,0.8137048214346021,841.0,1010.0
5306090,Ocosta School District,2018,586,9051000,11753000,10833000,15445.392491467577,ocosta,100179,14172,Ocosta School District,0.8452816167221171,397.0,470.0
5306120,Odessa School District,2018,239,4093000,4560000,4254000,17125.5230125523,odessa,100180,22105,Odessa School District,,0.0,0.0
5306150,Okanogan School District,2018,1135,13669000,15494000,15648000,12043.1718061674,okanogan,100181,24105,Okanogan School District,0.8245665465169941,739.0,883.0
5306180,Olympia School District,2018,9755,124820000,148213000,170926000,12795.489492567915,olympia,100182,34111,Olympia School District,0.9150559824115554,13726.0,14640.0
5306220,Omak School District,2018,5229,51375000,55672000,57554000,9825.014343086632,omak,100183,24019,Omak School District,0.8283739878601,917.0,1106.0
5306240,Onalaska School District,2018,855,10059000,10557000,10475000,11764.912280701754,onalaska,100184,21300,Onalaska School District,0.9367127032221785,135.0,147.0
5306300,Orcas Island School District,2018,767,9634000,11961000,11832000,12560.625814863102,orcas island,100186,28137,Orcas Island School District,0.8671428571428572,0.0,0.0
5306330,Orchard Prairie School District,2018,75,885000,941000,1099000,11800.0,orchard prairie,100187,32123,Orchard Prairie School District,,0.0,0.0
5306420,Oroville School District,2018,608,8041000,8530000,8172000,13225.328947368422,oroville,100190,24410,Oroville School District,0.8531924995557815,150.0,177.0
5306450,Orting School District,2018,2667,30818000,36456000,32848000,11555.305586801649,orting,100191,27344,Orting School District,0.9115882112871773,3565.0,3843.0
5306480,Othello School District,2018,4438,52861000,56864000,54946000,11910.995944118973,othello,100192,1147,Othello School District,0.7789322026254297,6112.0,7386.0
5306540,Palouse School District,2018,191,3213000,3434000,3453000,16821.98952879581,palouse,100194,38301,Palouse School District,,0.0,0.0
5306570,Pasco School District,2018,18265,228233000,247365000,246436000,12495.647413085135,pasco,100195,11001,Pasco School District,0.7730289155284152,26063.0,32980.0
5306600,Pateros School District,2018,323,5071000,5440000,5109000,15699.690402476781,pateros,100196,24122,Pateros School District,,0.0,0.0
5306660,Pe Ell School District,2018,254,4355000,6052000,4636000,17145.66929133858,pe ell,100198,21301,Pe Ell School District,0.86,0.0,0.0
5306690,Peninsula School District,2018,9171,114655000,120478000,118831000,12501.908188856178,peninsula,100199,27401,Peninsula School District,0.8632743130832671,17216.0,19292.0
5306780,Pomeroy School District,2018,334,5003000,6734000,6116000,14979.041916167665,pomeroy,100201,12110,Pomeroy School District,0.84464285714285,18.0,21.0
5306820,Port Angeles School District,2018,3813,50259000,50397000,51291000,13180.95987411487,port angeles,100202,5121,Port Angeles School District,0.7869707483807705,4698.0,5713.0
5306840,Port Townsend School District,2018,1169,15772000,19911000,47120000,13491.873396065013,port townsend,100203,16050,Port Townsend School District,0.852459678385706,945.0,1114.0
5306870,Prescott School District,2018,259,4301000,4982000,4848000,16606.177606177607,prescott,100204,36402,Prescott School District,,0.0,0.0
5306900,Prosser School District,2018,2728,35994000,39557000,41662000,13194.281524926686,prosser,100205,3116,Prosser School District,0.829119585592541,3428.0,4062.0
5306930,Pullman School District,2018,2927,29990000,39601000,49242000,10245.985650837034,pullman,100206,38267,Pullman School District,0.9565153369597441,1740.0,1819.0
5306960,Puyallup School District,2018,22828,285094000,326616000,367535000,12488.785701769757,puyallup,100207,27003,Puyallup School District,0.8743672836055189,43515.0,47842.0
5306990,Quilcene School District,2018,417,6855000,7236000,7028000,16438.84892086331,quilcene,100209,16048,Quilcene School District,0.795,0.0,0.0
5307020,Quillayute Valley School District,2018,2956,31099000,33516000,32129000,10520.635994587281,quillayute valley,100210,5402,Quillayute Valley School District,0.7297695837887155,644.0,883.0
5307050,Lake Quinault School District,2018,168,3469000,4074000,3990000,20648.809523809523,lake quinault,100211,14097,Lake Quinault School District,,0.0,0.0
5307080,Quincy School District,2018,3002,40077000,54405000,101212000,13350.099933377749,quincy,100212,13144,Quincy School District,0.785906291053143,3746.0,4674.0
5307110,Rainier School District,2018,878,10121000,11720000,10514000,11527.334851936219,rainier,100213,34307,Rainier School District,0.9209504949382501,120.0,135.0
5307140,Raymond School District,2018,601,8193000,9336000,8437000,13632.279534109817,raymond,100214,25116,Raymond School District,0.913,0.0,0.0
5307210,Reardan-Edwall School District,2018,623,7450000,9221000,10646000,11958.266452648475,reardan edwall,100215,22009,Reardan-Edwall School District,,0.0,0.0
5307230,Renton School District,2018,16086,213015000,269653000,275374000,13242.260350615443,renton,100216,17403,Renton School District,0.795705739907359,19437.0,23633.0
5307260,Republic School District,2018,383,5396000,5387000,5407000,14088.772845953003,republic,100217,10309,Republic School District,0.779982993197275,38.0,53.0
5307320,Richland School District,2018,13796,158036000,187636000,201095000,11455.204407074514,richland,100218,3400,Richland School District,0.794861563230676,19868.0,23434.0
5307350,Ridgefield School District,2018,3058,31340000,61286000,107522000,10248.528449967298,ridgefield,100219,6122,Ridgefield School District,0.9097987763834456,2207.0,2395.0
5307380,Ritzville School District,2018,365,4996000,5768000,6757000,13687.671232876712,ritzville,100220,1160,Ritzville School District,0.7349199084668163,70.0,97.0
5307440,Riverside School District,2018,1424,19160000,19383000,19740000,13455.056179775282,riverside,100221,32416,Riverside School District,0.8675409203475597,1061.0,1207.0
5307470,Rochester School District,2018,2326,29470000,31748000,30113000,12669.81943250215,rochester,100223,34401,Rochester School District,0.8379502246650491,1941.0,2271.0
5307560,Rosalia School District,2018,173,3567000,3932000,3749000,20618.49710982659,rosalia,100225,38320,Rosalia School District,,0.0,0.0
5307620,Royal School District,2018,1765,20523000,22586000,23132000,11627.762039660056,royal,100226,13160,Royal School District,0.821122597657886,2207.0,2572.0
5307650,San Juan Island School District,2018,786,11213000,12010000,11503000,14265.90330788804,san juan island,100227,28149,San Juan Island School District,0.8529992732432409,575.0,671.0
5307710,Seattle Public Schools,2018,54573,819383000,1042716000,995413000,15014.439374782402,seattle,100229,17001,Seattle School District No. 1,0.7961676259830615,97635.0,110885.0
5307740,Sedro-Woolley School District,2018,4479,59652000,66462000,63205000,13318.151373074346,sedro woolley,100230,29101,Sedro-Woolley School District,0.6905165151043466,5945.0,8190.0
5307770,Selah School District,2018,3742,42524000,47633000,46435000,11363.976483164084,selah,100231,39119,Selah School District,0.7048619629604794,4148.0,5722.0
5307800,Selkirk School District,2018,253,4389000,4363000,4506000,17347.82608695652,selkirk,100232,26070,Selkirk School District,,0.0,0.0
5307830,Sequim School District,2018,2811,33912000,35343000,36169000,12064.034151547492,sequim,100233,5323,Sequim School District,0.8834025775782777,3732.0,4146.0
5307900,Shelton School District,2018,4385,60218000,65563000,77852000,13732.7251995439,shelton,100235,23309,Shelton School District,0.774968282721405,6496.0,8000.0
5307920,Shoreline School District,2018,9851,124014000,147622000,181891000,12588.975738503705,shoreline,100236,17412,Shoreline School District,0.8930295853341381,14987.0,16364.0
5307980,Skykomish School District,2018,51,2262000,2274000,2296000,44352.94117647059,skykomish,100238,17404,Skykomish School District,,0.0,0.0
5308020,Snohomish School District,2018,10109,127197000,159071000,147714000,12582.550202789593,snohomish,100239,31201,Snohomish School District,0.8626479325113434,15735.0,17575.0
5308040,Snoqualmie Valley School District,2018,7156,81141000,114105000,179311000,11338.876467300168,snoqualmie valley,100240,17410,Snoqualmie Valley School District,0.937618524766071,7294.0,7621.0
5308070,Soap Lake School District,2018,511,7130000,7539000,7654000,13953.03326810176,soap lake,100241,13156,Soap Lake School District,0.6737525447384489,155.0,237.0
5308100,South Bend School District,2018,605,9020000,9732000,9382000,14909.09090909091,south bend,100242,25118,South Bend School District,0.8839538239538158,105.0,121.0
5308130,Tukwila School District,2018,2959,44301000,52753000,55911000,14971.612031091585,tukwila,100243,17406,Tukwila School District,0.7833374343922753,3356.0,4145.0
5308160,South Kitsap School District,2018,9958,124073000,127557000,129770000,12459.6304478811,south kitsap,100244,18402,South Kitsap School District,0.8353443612806163,13081.0,15344.0
5308190,South Whidbey School District,2018,1402,18246000,20009000,20337000,13014.265335235377,south whidbey,100245,15206,South Whidbey School District,0.9272045611929042,1724.0,1850.0
5308250,Spokane School District,2018,29982,407014000,459650000,468625000,13575.278500433593,spokane,100247,32081,Spokane School District,0.8510093283639869,43719.0,46615.0
5308280,Sprague School District,2018,73,1973000,2352000,2158000,27027.397260273974,sprague,100248,22008,Sprague School District,,0.0,0.0
5308310,St. John School District,2018,150,3108000,3379000,3279000,20720.0,st john,100249,38322,St. John School District,,0.0,0.0
5308340,Stanwood-Camano School District,2018,4569,57459000,66584000,71866000,12575.837163493106,stanwood camano,100250,31401,Stanwood-Camano School District,0.8555743845805883,6179.0,6965.0
5308460,Steilacoom Hist. School District,2018,3309,38512000,46731000,41018000,11638.56149894228,steilacoom hist,100254,27001,Steilacoom Hist. School District,0.9285981442228289,2286.0,2420.0
5308520,Stevenson-Carson School District,2018,913,10892000,13118000,12876000,11929.901423877327,stevenson carson,100256,30303,Stevenson-Carson School District,0.7799581751755843,861.0,1056.0
5308550,Sultan School District,2018,2010,26919000,28818000,27626000,13392.537313432837,sultan,100257,31311,Sultan School District,0.820764463521984,1575.0,1871.0
5308670,Sunnyside School District,2018,6866,86425000,90727000,88785000,12587.387124963589,sunnyside,100260,39201,Sunnyside School District,0.89542129557767,8026.0,8787.0
5308700,Tacoma School District,2018,29059,417392000,496973000,514134000,14363.60507932138,tacoma,100261,27010,Tacoma School District,0.8811900427203596,33847.0,37257.0
5308730,Taholah School District,2018,173,4617000,4631000,4754000,26687.861271676302,taholah,100262,14077,Taholah School District,0.58,0.0,0.0
5308760,Tahoma School District,2018,8597,95498000,135519000,123608000,11108.293590787483,tahoma,100263,17409,Tahoma School District,0.8965776615956158,9794.0,10772.0
5308790,Tekoa School District,2018,199,3510000,3864000,3660000,17638.19095477387,tekoa,100264,38265,Tekoa School District,0.7462345346960616,26.0,35.0
5308820,Tenino School District,2018,1263,15857000,17796000,17580000,12555.027711797307,tenino,100265,34402,Tenino School District,0.9005349899107721,462.0,504.0
5308850,Thorp School District,2018,175,3318000,3513000,3559000,18960.0,thorp,100266,19400,Thorp School District,,0.0,0.0
5308910,Toledo School District,2018,807,9774000,10668000,10657000,12111.524163568773,toledo,100267,21237,Toledo School District,0.8721769475763177,1177.0,1316.0
5308940,Tonasket School District,2018,1162,14125000,15125000,14941000,12155.765920826161,tonasket,100268,24404,Tonasket School District,0.8646561897677273,560.0,648.0
5308970,Toppenish School District,2018,4156,52712000,57952000,57279000,12683.34937439846,toppenish,100269,39202,Toppenish School District,0.7725530100455309,4253.0,5290.0
5309000,Touchet School District,2018,201,3837000,4564000,4224000,19089.55223880597,touchet,100270,36300,Touchet School District,,0.0,0.0
5309030,Toutle Lake School District,2018,692,7447000,13371000,13315000,10761.560693641619,toutle lake,100271,8130,Toutle Lake School District,0.896978144198847,121.0,131.0
5309060,Trout Lake School District,2018,241,3069000,3651000,3979000,12734.439834024895,trout lake,100272,20400,Trout Lake School District,,0.0,0.0
5309100,Tumwater School District,2018,6814,84891000,105119000,115854000,12458.321103610215,tumwater,100273,34033,Tumwater School District,0.890420411477603,10634.0,11582.0
5309180,University Place School District,2018,5683,68273000,77837000,74266000,12013.549181770191,university place,100275,27083,University Place School District,0.9184567082081153,7027.0,7454.0
5309270,Vancouver School District,2018,23671,289803000,323572000,336661000,12242.95551518736,vancouver,100278,6037,Vancouver School District,0.8349852396036079,31023.0,35604.0
5309300,Vashon Island School District,2018,1598,21247000,25660000,28140000,13295.994993742177,vashon island,100279,17402,Vashon Island School District,0.8976880583783673,1902.0,2046.0
5309330,Wahkiakum School District,2018,481,6245000,7363000,7411000,12983.367983367983,wahkiakum,100280,35200,Wahkiakum School District,0.8552879970271241,101.0,120.0
5309360,Wahluke School District,2018,2491,31624000,33162000,32418000,12695.30309112806,wahluke,100281,13073,Wahluke School District,0.785543621354195,2097.0,2531.0
5309390,Waitsburg School District,2018,287,4201000,4882000,6773000,14637.630662020905,waitsburg,100282,36401,Waitsburg School District,,0.0,0.0
5309450,Walla Walla Public Schools,2018,5795,74238000,81543000,76552000,12810.698878343399,walla walla,100283,36140,Walla Walla Public Schools,0.8723953211367703,7165.0,8079.0
5309480,Wapato School District,2018,3440,43316000,55161000,54064000,12591.860465116279,wapato,100284,39207,Wapato School District,0.7653618499397418,3066.0,3833.0
5309510,Warden School District,2018,990,12215000,13076000,12835000,12338.38383838384,warden,100285,13146,Warden School District,0.8706506812874955,864.0,953.0
5309540,Washougal School District,2018,3214,37843000,46828000,45335000,11774.424393279403,washougal,100286,6112,Washougal School District,0.8232287371632853,3170.0,3650.0
5309570,Washtucna School District,2018,47,2118000,2330000,2203000,45063.82978723404,washtucna,100287,1109,Washtucna School District,,0.0,0.0
5309600,Waterville School District,2018,283,4045000,4712000,4499000,14293.286219081272,waterville,100288,9209,Waterville School District,,0.0,0.0
5309630,Wellpinit School District,2018,395,8572000,8545000,8705000,21701.26582278481,wellpinit,100289,33049,Wellpinit School District #49,0.5698764985028816,261.0,585.0
5309660,Wenatchee School District,2018,7752,100394000,105310000,107103000,12950.722394220846,wenatchee,100290,4246,Wenatchee School District,0.8275280552375411,11368.0,13435.0
5309690,West Valley School District (Spokane),2018,3862,46628000,53777000,48813000,12073.537027446919,west valley spokane,100291,32363,West Valley School District (Spokane),0.9588674453989905,357.0,374.0
5309720,West Valley School District (Yakima),2018,5436,59578000,67220000,62844000,10959.89698307579,west valley yakima,100292,39208,West Valley School District (Yakima),0.7149774511064333,4727.0,6227.0
5309750,White Pass School District,2018,401,5987000,7679000,6745000,14930.174563591023,white pass,100293,21303,White Pass School District,0.6663720076991771,188.0,328.0
5309780,White River School District,2018,3883,45127000,58182000,82602000,11621.684264743755,white river,100294,27416,White River School District,0.930134587370149,4162.0,4416.0
5309810,White Salmon Valley School District,2018,1320,14147000,17229000,16385000,10717.424242424242,white salmon valley,100295,20405,White Salmon Valley School District,0.8961268855191196,1084.0,1178.0
5309840,Wilbur School District,2018,259,4258000,4707000,4566000,16440.15444015444,wilbur,100296,22200,Wilbur School District,,0.0,0.0
5309870,Willapa Valley School District,2018,363,5259000,6816000,6535000,14487.603305785124,willapa valley,100297,25160,Willapa Valley School District,,0.0,0.0
5309900,Wilson Creek School District,2018,141,3089000,3095000,3231000,21907.801418439718,wilson creek,100298,13167,Wilson Creek School District,,0.0,0.0
5309930,Winlock School District,2018,711,9301000,10585000,10114000,13081.575246132208,winlock,100299,21232,Winlock School District,0.8305459719276979,373.0,453.0
5309990,Wishkah Valley School District,2018,153,3148000,4704000,3154000,20575.16339869281,wishkah valley,100300,14117,Wishkah Valley School District,,0.0,0.0
5310020,Wishram School District,2018,70,1827000,2003000,1941000,26100.0,wishram,100301,20094,Wishram School District,,0.0,0.0
5310050,Woodland School District,2018,2487,33085000,38021000,38125000,13303.176517893044,woodland,100302,8404,Woodland School District,0.8048224171987164,2603.0,3204.0
5310110,Yakima School District,2018,16348,216766000,224123000,227034000,13259.48128211402,yakima,100303,39007,Yakima School District,0.7670615833443808,22562.0,28397.0
5310140,Yelm School District,2018,5809,66602000,77079000,71250000,11465.312446204165,yelm,100304,34002,Yelm School District,0.8118474596494152,5463.0,6668.0
5310170,Zillah School District,2018,1303,15560000,17242000,21011000,11941.673062164236,zillah,100305,39205,Zillah School District,0.9004652471118149,1225.0,1349.0
5300001,Enumclaw School District,2019,4183,58193000,74418000,73033000,13911.785799665313,enumclaw,100080,17216,Enumclaw School District,0.8381046970236822,6074.0,6926.0
5300002,Inchelium School District,2019,223,5158000,5562000,5304000,23130.044843049327,inchelium,100109,10070,Inchelium School District,0.6513095238095209,8.0,14.0
5300003,Kelso School District,2019,5101,68625000,75775000,85688000,13453.244461870221,kelso,100115,8458,Kelso School District,0.86662728437656,6599.0,7470.0
5300014,Bates Technical College,2019,171,-1,-1,-1,-0.005847953216374269,bates technical college,104220,27931,Bates Technical College,0.26426524183917144,566.0,2805.0
5300030,Aberdeen School District,2019,3534,51295000,53758000,53903000,14514.714204867007,aberdeen,100010,14005,Aberdeen School District,0.7912778913175171,3966.0,4829.0
5300060,Adna School District,2019,638,8337000,9774000,8851000,13067.398119122257,adna,100011,21226,Adna School District,0.9199999999999999,0.0,0.0
5300150,Anacortes School District,2019,2805,40491000,48751000,63184000,14435.29411764706,anacortes,100013,29103,Anacortes School District,0.8883244039723364,2434.0,2624.0
5300240,Arlington School District,2019,5829,77316000,90422000,80298000,13264.024704065878,arlington,100014,31016,Arlington School District,0.8632896784142879,7149.0,7943.0
5300280,Asotin-Anatone School District,2019,678,8578000,9469000,8807000,12651.917404129794,asotin anatone,100015,2420,Asotin-Anatone School District,0.9215384615384615,0.0,0.0
5300300,Auburn School District,2019,17505,240672000,300316000,338455000,13748.757497857754,auburn,100016,17408,Auburn School District,0.8220467063712207,20284.0,23673.0
5300325,Renton Technical College,2019,-2,-1,-1,-1,0.5,renton technical college,104305,17941,Renton Technical College,,0.0,0.0
5300328,Suquamish Tribal Education Department,2019,78,2169000,2812000,2169000,27807.69230769231,suquamish tribal education department,105768,18902,Suquamish Tribal Education Department,0.7485714285714286,0.0,0.0
5300330,Bainbridge Island School District,2019,3822,54975000,70887000,90333000,14383.830455259027,bainbridge island,100017,18303,Bainbridge Island School District,0.9371938062014075,6222.0,6536.0
5300333,Summit Public School: Olympus,2019,194,3358000,4193000,3493000,17309.278350515466,summit public school olympus,105809,27905,Summit Public School: Olympus,0.7666426461375117,302.0,385.0
5300334,Summit Public School: Sierra,2019,371,2616000,5847000,2648000,7051.212938005391,summit public school sierra,105808,17902,Summit Public School: Sierra,0.8626064091606417,443.0,507.0
5300339,PRIDE Prep Charter School District,2019,498,5539000,6357000,5821000,11122.489959839357,pride prep charter,105675,32907,PRIDE Prep Charter School District,,0.0,0.0
5300343,Summit Public School: Atlas,2019,335,5739000,6043000,5739000,17131.34328358209,summit public school atlas,106018,17905,Summit Public School: Atlas,,0.0,0.0
5300380,Battle Ground School District,2019,13199,173585000,193023000,177218000,13151.375104174558,battle ground,100018,6119,Battle Ground School District,0.7563921198076865,24701.0,30884.0
5300390,Bellevue School District,2019,21609,316655000,453285000,492955000,14653.847933731317,bellevue,100019,17405,Bellevue School District,0.9274400032498014,33120.0,34682.0
5300420,Bellingham School District,2019,11907,163828000,213987000,223422000,13758.96531452087,bellingham,100020,37501,Bellingham School District,0.8455013770964025,20418.0,23042.0
5300480,Bethel School District,2019,20130,270047000,308403000,294880000,13415.151515151516,bethel,100022,27403,Bethel School District,0.8881119322265618,28672.0,30463.0
5300510,Bickleton School District,2019,114,2450000,3426000,2630000,21491.22807017544,bickleton,100023,20203,Bickleton School District,,0.0,0.0
5300570,Blaine School District,2019,2300,33523000,39951000,42027000,14575.217391304348,blaine,100024,37503,Blaine School District,0.8511252276998225,2355.0,2688.0
5300660,Bremerton School District,2019,5016,79086000,90025000,84433000,15766.746411483253,bremerton,100026,18100,Bremerton School District,0.6603685228037949,5243.0,7672.0
5300690,Brewster School District,2019,1018,13787000,18894000,25720000,13543.222003929273,brewster,100027,24111,Brewster School District,0.8485437666407571,688.0,788.0
5300720,Bridgeport School District,2019,860,11706000,17699000,20517000,13611.627906976744,bridgeport,100028,9075,Bridgeport School District,0.8249337410939434,691.0,814.0
5300780,Burlington-Edison School District,2019,3559,53091000,62595000,58372000,14917.392525990446,burlington edison,100030,29100,Burlington-Edison School District,0.8391840652966485,4928.0,5590.0
5300810,Camas School District,2019,7452,92748000,137615000,126228000,12446.054750402576,camas,100031,6117,Camas School District,0.8996778394589416,11276.0,12013.0
5300840,Cape Flattery School District,2019,508,10429000,12528000,10916000,20529.527559055117,cape flattery,100032,5401,Cape Flattery School District,0.9266666666666667,0.0,0.0
5300950,Cascade School District,2019,1367,18884000,28572000,40460000,13814.191660570592,cascade,100034,4228,Cascade School District,0.9186434308504465,946.0,1021.0
5300960,CASHMERE SCHOOL DISTRICT,2019,1701,20484000,32850000,35606000,12042.328042328043,cashmere,100035,4222,CASHMERE SCHOOL DISTRICT,0.9306666008436719,688.0,730.0
5300990,Castle Rock School District,2019,1442,18882000,19004000,19405000,13094.313453536755,castle rock,100036,8401,Castle Rock School District,0.8385275745107672,1136.0,1326.0
5301080,Central Kitsap School District,2019,11474,168575000,249095000,278822000,14691.912149206903,central kitsap,100038,18401,Central Kitsap School District,0.8801382526515723,18737.0,20456.0
5301110,Central Valley School District,2019,14593,190673000,214966000,252646000,13066.059069416844,central valley,100039,32356,Central Valley School District,0.87266846572455,20670.0,22807.0
5301140,Centralia School District,2019,3577,51623000,62707000,117406000,14431.92619513559,centralia,100040,21401,Centralia School District,0.8196384846416451,4038.0,4738.0
5301170,Chehalis School District,2019,3144,42621000,58150000,61331000,13556.297709923665,chehalis,100041,21302,Chehalis School District,0.8761705833485334,2884.0,3203.0
5301200,Lake Chelan School District,2019,1464,20417000,21870000,21968000,13946.03825136612,lake chelan,100125,4129,Lake Chelan School District,0.8681721428352451,1887.0,2122.0
5301230,Cheney School District,2019,5141,63637000,77119000,101929000,12378.331063995332,cheney,100042,32360,Cheney School District,0.8766571595497247,4038.0,4476.0
5301260,Chewelah School District,2019,785,11032000,11560000,11260000,14053.503184713376,chewelah,100043,33036,Chewelah School District,0.8642659965894312,689.0,782.0
5301290,Chimacum School District,2019,876,13885000,16089000,15875000,15850.456621004567,chimacum,100044,16049,Chimacum School District,0.8961416286857272,1119.0,1229.0
5301320,Clarkston School District,2019,2669,36752000,36066000,37189000,13769.951292618958,clarkston,100045,2250,Clarkston School District,0.7999804209586684,3503.0,4214.0
5301350,Cle Elum-Roslyn School District,2019,890,12372000,14348000,14101000,13901.123595505618,cle elum roslyn,100046,19404,Cle Elum-Roslyn School District,0.829911636304325,687.0,827.0
5301410,Clover Park School District,2019,13594,199126000,255181000,242214000,14648.080035309695,clover park,100047,27400,Clover Park School District,0.8663180861931841,12042.0,13632.0
5301440,Colfax School District,2019,552,7732000,9538000,15446000,14007.246376811594,colfax,100048,38300,Colfax School District,0.8959975961538458,50.0,58.0
5301470,College Place School District,2019,1465,18957000,22889000,20449000,12939.931740614335,college place,100049,36250,College Place School District,0.9106975608044517,823.0,891.0
5301500,Colton School District,2019,190,3110000,4107000,3595000,16368.421052631578,colton,100050,38306,Colton School District,,0.0,0.0
5301560,Columbia (Stevens) School District,2019,138,3186000,3735000,3580000,23086.956521739132,columbia stevens,100051,33206,Columbia (Stevens) School District,,0.0,0.0
5301590,Columbia (Walla Walla) School District,2019,761,11088000,12636000,12946000,14570.30223390276,columbia walla walla,100052,36400,Columbia (Walla Walla) School District,0.8438689799156457,552.0,665.0
5301630,Colville School District,2019,1844,25177000,25198000,25202000,13653.470715835141,colville,100053,33115,Colville School District,0.8496084306322319,1855.0,2124.0
5301660,Concrete School District,2019,528,8804000,10089000,9510000,16674.242424242424,concrete,100054,29011,Concrete School District,0.7498744143028561,107.0,158.0
5301800,Coupeville School District,2019,997,14915000,17318000,16189000,14959.879638916751,coupeville,100058,15204,Coupeville School District,0.9529468599033777,66.0,69.0
5301830,Crescent School District,2019,341,4928000,5802000,5051000,14451.612903225807,crescent,100059,5313,Crescent School District,0.81,0.0,0.0
5301860,Creston School District,2019,92,2783000,3084000,2947000,30250.0,creston,100060,22073,Creston School District,,0.0,0.0
5301890,Curlew School District,2019,231,3476000,4244000,3596000,15047.619047619048,curlew,100061,10050,Curlew School District,0.3308148580746726,287.0,957.0
5301920,Cusick School District,2019,272,4395000,4730000,4453000,16158.088235294117,cusick,100062,26059,Cusick School District,,0.0,0.0
5301980,Darrington School District,2019,451,7107000,7601000,7220000,15758.314855875831,darrington,100064,31330,Darrington School District,0.8259304511278158,193.0,234.0
5302010,Davenport School District,2019,591,8337000,9742000,9013000,14106.598984771574,davenport,100065,22207,Davenport School District,,0.0,0.0
5302040,Dayton School District,2019,414,6385000,7290000,7302000,15422.705314009661,dayton,100066,7002,Dayton School District,0.7679111552028195,51.0,67.0
5302070,Deer Park School District,2019,2634,30292000,35925000,31733000,11500.379650721336,deer park,100067,32414,Deer Park School District,0.9362579203369734,2853.0,3039.0
5302280,East Valley School District (Spokane),2019,4277,56423000,62741000,58475000,13192.19078793547,east valley spokane,100070,32361,East Valley School District (Spokane),0.7967891926759769,4716.0,5716.0
5302310,Eastmont School District,2019,6317,78730000,90579000,83689000,12463.194554377078,eastmont,100072,9206,Eastmont School District,0.8734928642416142,10208.0,11342.0
5302340,Easton School District,2019,113,2870000,3115000,2922000,25398.230088495577,easton,100073,19028,Easton School District,,0.0,0.0
5302370,Eatonville School District,2019,1979,23734000,28419000,26867000,11992.925720060637,eatonville,100074,27404,Eatonville School District,0.9260811309396053,2113.0,2242.0
5302400,Edmonds School District,2019,21302,321345000,418282000,390302000,15085.203267298844,edmonds,100075,31015,Edmonds School District,0.8500586184314366,30166.0,34466.0
5302460,Ellensburg School District,2019,3348,44422000,51725000,49120000,13268.219832735962,ellensburg,100076,19401,Ellensburg School District,0.9038291194278228,3403.0,3669.0
5302490,Elma School District,2019,1527,23330000,22955000,24191000,15278.323510150622,elma,100077,14068,Elma School District,0.9199234131691647,924.0,993.0
5302550,Entiat School District,2019,332,4882000,5808000,5356000,14704.819277108434,entiat,100079,4127,Entiat School District,0.7674038461538437,7.0,13.0
5302610,Ephrata School District,2019,2623,32680000,35282000,33918000,12459.016393442624,ephrata,100081,13165,Ephrata School District,0.9341701790812685,3769.0,3938.0
5302670,Everett School District,2019,20863,309120000,394712000,406319000,14816.661074629726,everett,100083,31002,Everett School District,0.939938063229139,23407.0,24371.0
5302700,Evergreen School District (Clark),2019,25457,358506000,406945000,414233000,14082.806300820992,evergreen clark,100084,6114,Evergreen School District (Clark),0.9122604460808614,40229.0,43352.0
5302820,Federal Way School District,2019,23489,338364000,403710000,416207000,14405.210949806293,federal way,100086,17210,Federal Way School District,0.8725190915789188,27866.0,31617.0
5302850,Ferndale School District,2019,4802,69000000,75766000,70371000,14369.012911286964,ferndale,100087,37502,Ferndale School District,0.8212532713977507,5072.0,5953.0
5302880,Fife School District,2019,3844,50940000,64748000,64973000,13251.821019771072,fife,100088,27417,Fife School District,0.9362001931536981,4626.0,4864.0
5302910,Finley School District,2019,885,13078000,14485000,16489000,14777.401129943502,finley,100089,3053,Finley School District,0.8581360916758297,829.0,963.0
5302940,Franklin Pierce School District,2019,8095,120817000,139628000,151864000,14924.891908585547,franklin pierce,100090,27402,Franklin Pierce School District,0.8964181339798653,7930.0,8743.0
5302970,Freeman School District,2019,906,11286000,14035000,12729000,12456.953642384105,freeman,100091,32358,Freeman School District,0.945984217958307,233.0,248.0
5303000,Garfield School District,2019,139,2690000,3314000,2906000,19352.51798561151,garfield,100092,38302,Garfield School District,,0.0,0.0
5303030,Glenwood School District,2019,90,2056000,2385000,2166000,22844.444444444445,glenwood,100093,20401,Glenwood School District,,0.0,0.0
5303090,Goldendale School District,2019,922,12654000,14377000,14443000,13724.511930585682,goldendale,100094,20404,Goldendale School District,0.8977322889342852,498.0,556.0
5303130,Grand Coulee Dam School District,2019,770,11574000,12479000,12544000,15031.16883116883,grand coulee dam,100095,13301,Grand Coulee Dam School District,0.8200390890264238,309.0,385.0
5303150,Grandview School District,2019,3740,47809000,56252000,85173000,12783.155080213905,grandview,100096,39200,Grandview School District,0.9097721769534483,3911.0,4179.0
5303180,Granger School District,2019,1558,21749000,23094000,22430000,13959.563543003851,granger,100097,39204,Granger School District,0.8332966783109236,1305.0,1530.0
5303210,Granite Falls School District,2019,2102,29190000,35179000,37602000,13886.774500475738,granite falls,100098,31332,Granite Falls School District,0.8313620028113449,2751.0,3230.0
5303360,Harrington School District,2019,151,3110000,3385000,3205000,20596.026490066226,harrington,100103,22204,Harrington School District,,0.0,0.0
5303440,Coulee-Hartline School District,2019,189,3342000,4030000,3555000,17682.539682539682,coulee hartline,100057,13151,Coulee-Hartline School District,,0.0,0.0
5303510,Highland School District,2019,1198,16281000,17522000,16600000,13590.150250417362,highland,100104,39203,Highland School District,0.8951590251749311,961.0,1056.0
5303540,Highline School District,2019,19213,300091000,368246000,454316000,15619.164107635455,highline,100105,17401,Highline School District,0.8363062107142605,28916.0,33599.0
5303570,Hockinson School District,2019,1980,24831000,29761000,27647000,12540.90909090909,hockinson,100106,6098,Hockinson School District,0.9375898539784427,2445.0,2560.0
5303660,Hoquiam School District,2019,1724,23347000,27130000,24930000,13542.343387470997,hoquiam,100108,14028,Hoquiam School District,0.8387962152493132,1480.0,1726.0
5303750,Issaquah School District,2019,20897,282813000,384943000,458295000,13533.66511939513,issaquah,100111,17411,Issaquah School District,0.9252689187479427,29353.0,30545.0
5303780,Kahlotus School District,2019,44,1999000,2592000,2609000,45431.818181818184,kahlotus,100112,11056,Kahlotus School District,,0.0,0.0
5303810,Kalama School District,2019,1046,11115000,17260000,20622000,10626.195028680688,kalama,100113,8402,Kalama School District,0.8919520839246162,474.0,526.0
5303930,Kennewick School District,2019,19119,248642000,293683000,296612000,13004.968879125478,kennewick,100116,3017,Kennewick School District,0.7725015203475442,28226.0,34720.0
5303960,Kent School District,2019,27291,362889000,461965000,409440000,13297.020995932726,kent,100117,17415,Kent School District,0.8535404486402262,42824.0,48385.0
5303990,Kettle Falls School District,2019,1070,13097000,14739000,14075000,12240.18691588785,kettle falls,100118,33212,Kettle Falls School District,0.890108415787845,203.0,228.0
5304020,Kiona-Benton City School District,2019,1377,20695000,21817000,21523000,15029.048656499637,kiona benton city,100119,3052,Kiona-Benton City School District,0.8526033141254786,1661.0,1908.0
5304050,Kittitas School District,2019,704,9791000,10632000,10278000,13907.670454545454,kittitas,100120,19403,Kittitas School District,0.8595884424322389,136.0,164.0
5304080,Klickitat School District,2019,85,2514000,2545000,2688000,29576.470588235294,klickitat,100121,20402,Klickitat School District,,0.0,0.0
5304110,La Conner School District,2019,661,13327000,14758000,14276000,20161.875945537064,la conner,100123,29311,La Conner School District,0.772731603033325,428.0,553.0
5304150,LaCrosse School District,2019,66,2558000,3155000,2742000,38757.57575757576,lacrosse,100124,38126,LaCrosse School District,,0.0,0.0
5304170,La Center School District,2019,1704,20144000,25667000,26325000,11821.596244131455,la center,100122,6101,La Center School District,0.885135651482172,1943.0,2142.0
5304200,Lake Stevens School District,2019,9192,122262000,171863000,195913000,13300.913838120105,lake stevens,100126,31004,Lake Stevens School District,0.8998783149249883,10833.0,11739.0
5304230,Lake Washington School District,2019,30675,406089000,555231000,629614000,13238.43520782396,lake washington,100127,17414,Lake Washington School District,0.9154156085378506,44804.0,47126.0
5304260,Lakewood School District,2019,2534,33695000,42721000,43705000,13297.15864246251,lakewood,100128,31306,Lakewood School District,0.8854402116466297,2524.0,2717.0
5304380,Liberty School District,2019,526,7502000,11035000,10248000,14262.357414448668,liberty,100130,32362,Liberty School District,0.82125,0.0,0.0
5304410,Lind School District,2019,226,4628000,5523000,4919000,20477.87610619469,lind,100131,1158,Lind School District,0.6666666666666666,0.0,0.0
5304470,Longview School District,2019,6746,91774000,100088000,96594000,13604.209902164246,longview,100132,8122,Longview School District,0.8738125268474761,7427.0,8333.0
5304530,Lopez School District,2019,235,5033000,7397000,6528000,21417.021276595744,lopez,100134,28144,Lopez School District,,0.0,0.0
5304560,Riverview School District,2019,3482,45644000,57167000,50924000,13108.558299827686,riverview,100222,17407,Riverview School District,0.939839617334248,4206.0,4383.0
5304590,Lyle School District,2019,253,3694000,4951000,4130000,14600.790513833992,lyle,100135,20406,Lyle School District,0.7123361823361778,24.0,37.0
5304620,Lynden School District,2019,3495,43132000,49596000,47498000,12341.058655221745,lynden,100136,37504,Lynden School District,0.8585496252887828,3575.0,3988.0
5304650,Mabton School District,2019,843,12420000,13294000,12820000,14733.096085409252,mabton,100137,39120,Mabton School District,0.8834155658595735,288.0,328.0
5304710,Mansfield School District,2019,102,2401000,2739000,2563000,23539.21568627451,mansfield,100138,9207,Mansfield School District,,0.0,0.0
5304740,Manson School District,2019,661,9878000,11306000,10239000,14944.024205748865,manson,100139,4019,Manson School District,0.9316370604475416,154.0,166.0
5304800,Mary M Knight School District,2019,1658,17357000,18391000,17681000,10468.6369119421,mary m knight,100140,23311,Mary M Knight School District,,0.0,0.0
5304830,Mary Walker School District,2019,491,7498000,7805000,7655000,15270.875763747454,mary walker,100141,33207,Mary Walker School District,0.8230300286392953,263.0,316.0
5304860,Marysville School District,2019,11196,165311000,187497000,175967000,14765.183994283672,marysville,100142,31025,Marysville School District,0.8007735356401918,14777.0,17581.0
5304920,Mead School District,2019,10716,140344000,167022000,199049000,13096.677864874953,mead,100144,32354,Mead School District,0.930584368638795,15477.0,16307.0
5304950,Medical Lake School District,2019,1974,24879000,28214000,26598000,12603.343465045593,medical lake,100145,32326,Medical Lake School District,0.9385931083946449,1401.0,1488.0
5304980,Mercer Island School District,2019,4522,67766000,84230000,74790000,14985.846970367094,mercer island,100146,17400,Mercer Island School District,0.9372109944118526,5920.0,6186.0
5305010,Meridian School District,2019,1774,21236000,25243000,23854000,11970.687711386698,meridian,100147,37505,Meridian School District,0.8524424564420586,982.0,1112.0
5305020,Methow Valley School District,2019,724,8916000,12207000,11057000,12314.917127071823,methow valley,100148,24350,Methow Valley School District,,0.0,0.0
5305130,Monroe School District,2019,6860,91744000,115433000,121581000,13373.760932944606,monroe,100150,31103,Monroe School District,0.8359237284671192,8462.0,9531.0
5305160,Montesano School District,2019,1439,18901000,19813000,20004000,13134.815844336345,montesano,100151,14066,Montesano School District,0.8689137407289937,715.0,804.0
5305190,Morton School District,2019,336,5107000,5436000,5133000,15199.404761904761,morton,100152,21214,Morton School District,0.8311483134920594,76.0,90.0
5305220,Moses Lake School District,2019,8816,120003000,133196000,130381000,13611.9555353902,moses lake,100153,13161,Moses Lake School District,0.815543129958608,10233.0,12075.0
5305250,Mossyrock School District,2019,514,7880000,8927000,8280000,15330.739299610896,mossyrock,100154,21206,Mossyrock School District,0.8684736842105201,38.0,45.0
5305280,Mount Adams School District,2019,918,15925000,17675000,17412000,17347.494553376906,mount adams,100155,39209,Mount Adams School District,0.700947572616466,506.0,705.0
5305310,Mount Baker School District,2019,1910,28363000,31747000,31283000,14849.738219895287,mount baker,100156,37507,Mount Baker School District,0.7166149184157733,1643.0,2262.0
5305370,East Valley School District (Yakima),2019,3247,42038000,49142000,64483000,12946.720049276255,east valley yakima,100071,39090,East Valley School District (Yakima),0.8660698876362484,4366.0,4938.0
5305400,Mount Vernon School District,2019,6903,105354000,127645000,151590000,15262.05997392438,mount vernon,100158,29320,Mount Vernon School District,0.7859658409725029,8215.0,10196.0
5305430,Mukilteo School District,2019,15931,232610000,276799000,249838000,14601.0922101563,mukilteo,100159,31006,Mukilteo School District,0.8793585933197061,19581.0,21877.0
5305460,Naches Valley School District,2019,1275,17036000,19390000,18788000,13361.56862745098,naches valley,100160,39003,Naches Valley School District,0.9297952563855025,692.0,746.0
5305490,Napavine School District,2019,823,9927000,11286000,10438000,12061.968408262455,napavine,100161,21014,Napavine School District,0.9356149732620274,31.0,34.0
5305520,Naselle-Grays River Valley School District,2019,413,5995000,7327000,6689000,14515.738498789346,naselle grays river valley,100162,25155,Naselle-Grays River Valley School District,,0.0,0.0
5305610,Newport School District,2019,1151,15715000,17035000,15994000,13653.344917463075,newport,100164,26056,Newport School District,0.8769884824980549,1735.0,1944.0
5305640,Nine Mile Falls School District,2019,1406,18939000,20687000,19819000,13470.128022759602,nine mile falls,100165,32325,Nine Mile Falls School District,0.9427080685664834,504.0,533.0
5305670,Nooksack Valley School District,2019,1899,24768000,29662000,27277000,13042.654028436018,nooksack valley,100166,37506,Nooksack Valley School District,0.8207127134645297,1435.0,1701.0
5305700,North Beach School District,2019,745,11024000,12387000,11583000,14797.31543624161,north beach,100167,14064,North Beach School District No. 64,0.8710735596108077,293.0,338.0
5305730,North Franklin School District,2019,2190,28638000,36244000,33851000,13076.712328767124,north franklin,100168,11051,North Franklin School District,0.9588203932964064,1686.0,1760.0
5305760,North Kitsap School District,2019,5995,87296000,97358000,93771000,14561.467889908257,north kitsap,100169,18400,North Kitsap School District,0.8973764346212338,6931.0,7521.0
5305790,North Mason School District,2019,2342,33697000,37543000,37163000,14388.129803586678,north mason,100170,23403,North Mason School District,0.7908483807989859,3067.0,3715.0
5305820,North River School District,2019,71,2171000,2377000,2285000,30577.464788732395,north river,100171,25200,North River School District,,0.0,0.0
5305850,North Thurston Public Schools,2019,15258,209384000,247857000,245664000,13722.899462577008,north thurston,100172,34003,North Thurston Public Schools,0.8967714178737347,16246.0,17594.0
5305880,Northport School District,2019,218,3992000,4853000,4536000,18311.92660550459,northport,100173,33211,Northport School District,0.7561904761904701,16.0,21.0
5305910,Northshore School District,2019,23500,326470000,417055000,462889000,13892.340425531915,northshore,100174,17417,Northshore School District,0.9326896649399935,33136.0,34681.0
5305940,Oak Harbor School District,2019,6016,84153000,96339000,87936000,13988.198138297872,oak harbor,100175,15201,Oak Harbor School District,0.9012618583970636,6550.0,7088.0
5305970,Oakesdale School District,2019,142,3042000,3514000,3287000,21422.535211267605,oakesdale,100176,38324,Oakesdale School District,,0.0,0.0
5306000,Oakville School District,2019,223,3986000,5313000,4593000,17874.43946188341,oakville,100177,14400,Oakville School District,0.77375,0.0,0.0
5306060,Ocean Beach School District,2019,1078,14271000,20158000,17722000,13238.404452690167,ocean beach,100178,25101,Ocean Beach School District,0.8244956261838857,689.0,832.0
5306090,Ocosta School District,2019,633,10009000,12466000,10824000,15812.006319115324,ocosta,100179,14172,Ocosta School District,0.8360944583941877,291.0,347.0
5306120,Odessa School District,2019,247,4496000,4841000,4648000,18202.429149797572,odessa,100180,22105,Odessa School District,,0.0,0.0
5306150,Okanogan School District,2019,1147,14699000,16792000,15510000,12815.170008718396,okanogan,100181,24105,Okanogan School District,0.9320535714285625,53.0,56.0
5306180,Olympia School District,2019,9910,134341000,159928000,201859000,13556.104944500505,olympia,100182,34111,Olympia School District,0.9166376447313119,12409.0,13201.0
5306220,Omak School District,2019,5324,62940000,66612000,65385000,11821.938392186326,omak,100183,24019,Omak School District,0.846912856941434,764.0,898.0
5306240,Onalaska School District,2019,873,10721000,11668000,11018000,12280.641466208477,onalaska,100184,21300,Onalaska School District,0.937413594470025,28.0,31.0
5306300,Orcas Island School District,2019,825,11162000,14953000,19463000,13529.69696969697,orcas island,100186,28137,Orcas Island School District,,0.0,0.0
5306330,Orchard Prairie School District,2019,79,1024000,1152000,1072000,12962.025316455696,orchard prairie,100187,32123,Orchard Prairie School District,,0.0,0.0
5306420,Oroville School District,2019,573,8669000,9199000,9063000,15129.14485165794,oroville,100190,24410,Oroville School District,0.822741001558393,142.0,166.0
5306450,Orting School District,2019,2747,34084000,41205000,37323000,12407.717510010922,orting,100191,27344,Orting School District,0.9356399790237659,3049.0,3225.0
5306480,Othello School District,2019,4525,58972000,65790000,61830000,13032.486187845303,othello,100192,1147,Othello School District,0.7895450834484954,5716.0,6915.0
5306540,Palouse School District,2019,198,3302000,3735000,3627000,16676.76767676768,palouse,100194,38301,Palouse School District,,0.0,0.0
5306570,Pasco School District,2019,18539,251872000,285538000,301568000,13586.06181563191,pasco,100195,11001,Pasco School District,0.7949480842078039,24699.0,30319.0
5306600,Pateros School District,2019,321,5611000,5691000,5646000,17479.7507788162,pateros,100196,24122,Pateros School District,,0.0,0.0
5306660,Pe Ell School District,2019,295,4857000,6081000,5270000,16464.406779661018,pe ell,100198,21301,Pe Ell School District,0.86,0.0,0.0
5306690,Peninsula School District,2019,9402,129514000,140662000,149219000,13775.15422250585,peninsula,100199,27401,Peninsula School District,0.8639227299261943,16409.0,18285.0
5306780,Pomeroy School District,2019,382,5240000,6671000,6478000,13717.277486910994,pomeroy,100201,12110,Pomeroy School District,0.8490816326530571,18.0,21.0
5306820,Port Angeles School District,2019,3852,53494000,55349000,54009000,13887.331256490135,port angeles,100202,5121,Port Angeles School District,0.8107689490926636,4362.0,5203.0
5306840,Port Townsend School District,2019,1237,17371000,21543000,26784000,14042.845594179467,port townsend,100203,16050,Port Townsend School District,0.8729220622618729,1013.0,1160.0
5306870,Prescott School District,2019,275,4324000,5522000,4598000,15723.636363636364,prescott,100204,36402,Prescott School District,0.7971428571428572,0.0,0.0
5306900,Prosser School District,2019,2712,37634000,43586000,50359000,13876.84365781711,prosser,100205,3116,Prosser School District,0.8374419586873159,4003.0,4645.0
5306930,Pullman School District,2019,2898,34535000,49916000,45990000,11916.839199447895,pullman,100206,38267,Pullman School District,0.9335492998466307,2186.0,2317.0
5306960,Puyallup School District,2019,23222,302231000,360758000,458254000,13014.856601498579,puyallup,100207,27003,Puyallup School District,0.8659828105354116,42504.0,47149.0
5306990,Quilcene School District,2019,478,8121000,8882000,8750000,16989.539748953976,quilcene,100209,16048,Quilcene School District,0.8018181818181819,12.0,15.0
5307020,Quillayute Valley School District,2019,3283,38000000,42456000,39357000,11574.779165397502,quillayute valley,100210,5402,Quillayute Valley School District,0.7776514178405302,835.0,1073.0
5307050,Lake Quinault School District,2019,197,3517000,4463000,4286000,17852.79187817259,lake quinault,100211,14097,Lake Quinault School District,,0.0,0.0
5307080,Quincy School District,2019,3026,44311000,56287000,91129000,14643.42366159947,quincy,100212,13144,Quincy School District,0.8148552662020299,3510.0,4237.0
5307110,Rainier School District,2019,899,11336000,12666000,12097000,12609.566184649611,rainier,100213,34307,Rainier School District,0.9174381708391642,185.0,208.0
5307140,Raymond School District,2019,587,8964000,9205000,9122000,15270.868824531517,raymond,100214,25116,Raymond School District,0.8680952380952375,35.0,45.0
5307210,Reardan-Edwall School District,2019,619,8206000,15430000,21337000,13256.86591276252,reardan edwall,100215,22009,Reardan-Edwall School District,,0.0,0.0
5307230,Renton School District,2019,16425,243611000,313435000,283841000,14831.7199391172,renton,100216,17403,Renton School District,0.8011317260417975,20449.0,24517.0
5307260,Republic School District,2019,379,6326000,6058000,6446000,16691.292875989446,republic,100217,10309,Republic School District,0.7716666666666636,29.0,39.0
5307320,Richland School District,2019,13970,176849000,216481000,215651000,12659.198282032929,richland,100218,3400,Richland School District,0.8623340037781629,17132.0,19146.0
5307350,Ridgefield School District,2019,3215,38930000,65900000,79805000,12108.86469673406,ridgefield,100219,6122,Ridgefield School District,0.9286473558760637,2341.0,2484.0
5307380,Ritzville School District,2019,384,5229000,11202000,16729000,13617.1875,ritzville,100220,1160,Ritzville School District,0.7480298733219837,189.0,243.0
5307440,Riverside School District,2019,1452,19621000,20961000,20308000,13513.085399449035,riverside,100221,32416,Riverside School District,0.8734269653027673,1520.0,1713.0
5307470,Rochester School District,2019,1848,31605000,34372000,31856000,17102.272727272728,rochester,100223,34401,Rochester School District,0.6789488139236214,1355.0,2238.0
5307560,Rosalia School District,2019,213,3837000,4287000,4222000,18014.084507042255,rosalia,100225,38320,Rosalia School District,,0.0,0.0
5307620,Royal School District,2019,1746,23274000,32415000,35582000,13329.896907216495,royal,100226,13160,Royal School District,0.8296218710560709,2163.0,2513.0
5307650,San Juan Island School District,2019,788,12444000,13702000,12819000,15791.878172588833,san juan island,100227,28149,San Juan Island School District,0.8612279078252464,443.0,519.0
5307710,Seattle Public Schools,2019,55271,914364000,1144450000,1119380000,16543.286714551934,seattle,100229,17001,Seattle School District No. 1,0.8222416922106581,96142.0,103025.0
5307740,Sedro-Woolley School District,2019,4697,70519000,74000000,74698000,15013.625718543752,sedro woolley,100230,29101,Sedro-Woolley School District,0.676869556684918,6383.0,9004.0
5307770,Selah School District,2019,3848,47622000,54314000,56956000,12375.779625779625,selah,100231,39119,Selah School District,0.7568483163489836,4756.0,5993.0
5307800,Selkirk School District,2019,287,4643000,4972000,4646000,16177.700348432056,selkirk,100232,26070,Selkirk School District,,0.0,0.0
5307830,Sequim School District,2019,2769,39130000,41644000,43966000,14131.455399061033,sequim,100233,5323,Sequim School District,0.8675216520378716,3419.0,3814.0
5307900,Shelton School District,2019,4558,65973000,76918000,113800000,14474.1114523914,shelton,100235,23309,Shelton School District,0.8187870044424286,6620.0,7697.0
5307920,Shoreline School District,2019,9899,147483000,188421000,274730000,14898.777654308517,shoreline,100236,17412,Shoreline School District,0.8983500589394108,13382.0,14472.0
5307980,Skykomish School District,2019,57,2615000,2853000,2885000,45877.19298245614,skykomish,100238,17404,Skykomish School District,,0.0,0.0
5308020,Snohomish School District,2019,10095,144082000,184066000,161982000,14272.610203070828,snohomish,100239,31201,Snohomish School District,0.8621852659618563,16633.0,18404.0
5308040,Snoqualmie Valley School District,2019,7214,96910000,128826000,168152000,13433.601330745772,snoqualmie valley,100240,17410,Snoqualmie Valley School District,0.9517975924180231,6777.0,6968.0
5308070,Soap Lake School District,2019,558,7894000,8730000,8278000,14146.95340501792,soap lake,100241,13156,Soap Lake School District,0.7376730975433218,160.0,226.0
5308100,South Bend School District,2019,651,9738000,12932000,13114000,14958.52534562212,south bend,100242,25118,South Bend School District,0.9086475141020455,89.0,101.0
5308130,Tukwila School District,2019,3046,46496000,58925000,93487000,15264.609323703216,tukwila,100243,17406,Tukwila School District,0.8234651437791899,3523.0,4129.0
5308160,South Kitsap School District,2019,9811,143741000,151579000,150803000,14651.003975129956,south kitsap,100244,18402,South Kitsap School District,0.8495818005426422,13793.0,15762.0
5308190,South Whidbey School District,2019,1363,20134000,23362000,22560000,14771.826852531181,south whidbey,100245,15206,South Whidbey School District,0.928198645944716,1926.0,2058.0
5308250,Spokane School District,2019,30231,449823000,514837000,514043000,14879.527637193609,spokane,100247,32081,Spokane School District,0.8636609789989087,54984.0,58812.0
5308280,Sprague School District,2019,89,2054000,2477000,2192000,23078.65168539326,sprague,100248,22008,Sprague School District,,0.0,0.0
5308310,St. John School District,2019,150,3247000,3686000,3878000,21646.666666666668,st john,100249,38322,St. John School District,,0.0,0.0
5308340,Stanwood-Camano School District,2019,4698,64341000,82107000,113160000,13695.402298850575,stanwood camano,100250,31401,Stanwood-Camano School District,0.873395723145395,5195.0,5760.0
5308460,Steilacoom Hist. School District,2019,3288,43240000,51367000,45972000,13150.851581508516,steilacoom hist,100254,27001,Steilacoom Hist. School District,0.9413946958716479,3573.0,3740.0
5308520,Stevenson-Carson School District,2019,952,12469000,14865000,14792000,13097.689075630253,stevenson carson,100256,30303,Stevenson-Carson School District,0.822280920668574,1056.0,1268.0
5308550,Sultan School District,2019,1913,29576000,31874000,30449000,15460.533193936226,sultan,100257,31311,Sultan School District,0.8403030955198764,1826.0,2153.0
5308670,Sunnyside School District,2019,6842,95612000,100838000,98609000,13974.276527331189,sunnyside,100260,39201,Sunnyside School District,0.8942873839509226,8375.0,9222.0
5308700,Tacoma School District,2019,30260,455126000,544654000,564317000,15040.515532055519,tacoma,100261,27010,Tacoma School District,0.8954287943705023,32297.0,35435.0
5308730,Taholah School District,2019,172,4762000,4908000,4828000,27686.04651162791,taholah,100262,14077,Taholah School District,0.47882352941176476,0.0,0.0
5308760,Tahoma School District,2019,8906,108913000,150820000,126139000,12229.171345160566,tahoma,100263,17409,Tahoma School District,0.9130322332835183,10511.0,11355.0
5308790,Tekoa School District,2019,218,3916000,4706000,4724000,17963.302752293577,tekoa,100264,38265,Tekoa School District,0.75,0.0,0.0
5308820,Tenino School District,2019,1314,17021000,19351000,18144000,12953.57686453577,tenino,100265,34402,Tenino School District,0.9113190119533333,690.0,752.0
5308850,Thorp School District,2019,212,3793000,3868000,3898000,17891.509433962263,thorp,100266,19400,Thorp School District,,0.0,0.0
5308910,Toledo School District,2019,799,11346000,11712000,12381000,14200.250312891114,toledo,100267,21237,Toledo School District,0.8753438390065023,735.0,818.0
5308940,Tonasket School District,2019,1201,15788000,16886000,16784000,13145.71190674438,tonasket,100268,24404,Tonasket School District,0.87819004656662,751.0,854.0
5308970,Toppenish School District,2019,4353,59472000,64168000,61402000,13662.301860785665,toppenish,100269,39202,Toppenish School District,0.8176192704932235,4134.0,4858.0
5309000,Touchet School District,2019,218,3974000,4760000,4296000,18229.357798165136,touchet,100270,36300,Touchet School District,,0.0,0.0
5309030,Toutle Lake School District,2019,692,8498000,10043000,9946000,12280.346820809249,toutle lake,100271,8130,Toutle Lake School District,0.8948425943267235,262.0,293.0
5309060,Trout Lake School District,2019,233,3396000,3802000,3652000,14575.10729613734,trout lake,100272,20400,Trout Lake School District,,0.0,0.0
5309100,Tumwater School District,2019,6578,89753000,114340000,116927000,13644.42079659471,tumwater,100273,34033,Tumwater School District,0.8951182326799234,9196.0,9984.0
5309180,University Place School District,2019,5816,72319000,85264000,78030000,12434.49105914718,university place,100275,27083,University Place School District,0.9363014883058864,7179.0,7461.0
5309270,Vancouver School District,2019,23393,317281000,394294000,505728000,13563.074423972983,vancouver,100278,6037,Vancouver School District,0.8521087150479258,34200.0,38472.0
5309300,Vashon Island School District,2019,1585,23050000,28894000,28350000,14542.586750788643,vashon island,100279,17402,Vashon Island School District,0.9051908128884942,2325.0,2502.0
5309330,Wahkiakum School District,2019,519,6331000,7843000,7342000,12198.458574181117,wahkiakum,100280,35200,Wahkiakum School District,0.8899047619047467,88.0,101.0
5309360,Wahluke School District,2019,2563,37925000,38791000,38503000,14797.11275848615,wahluke,100281,13073,Wahluke School District,0.8121859951712803,1930.0,2289.0
5309390,Waitsburg School District,2019,283,4487000,5033000,6403000,15855.123674911662,waitsburg,100282,36401,Waitsburg School District,,0.0,0.0
5309450,Walla Walla Public Schools,2019,5921,76551000,86197000,84740000,12928.72825536227,walla walla,100283,36140,Walla Walla Public Schools,0.9019515083224857,8478.0,9313.0
5309480,Wapato School District,2019,3529,48788000,53784000,51451000,13824.879569283083,wapato,100284,39207,Wapato School District,0.8153537618166875,3160.0,3759.0
5309510,Warden School District,2019,972,13500000,13970000,13801000,13888.888888888889,warden,100285,13146,Warden School District,0.8988925969922485,533.0,583.0
5309540,Washougal School District,2019,3187,44415000,51202000,50088000,13936.303733919047,washougal,100286,6112,Washougal School District,0.864096562256185,4001.0,4462.0
5309570,Washtucna School District,2019,57,2086000,2406000,2174000,36596.491228070176,washtucna,100287,1109,Washtucna School District,,0.0,0.0
5309600,Waterville School District,2019,281,4223000,5206000,5073000,15028.469750889679,waterville,100288,9209,Waterville School District,,0.0,0.0
5309630,Wellpinit School District,2019,442,9264000,10159000,9264000,20959.276018099546,wellpinit,100289,33049,Wellpinit School District #49,0.6134698785083423,111.0,223.0
5309660,Wenatchee School District,2019,7815,109492000,118249000,115481000,14010.492642354446,wenatchee,100290,4246,Wenatchee School District,0.8465406230446139,10870.0,12765.0
5309690,West Valley School District (Spokane),2019,-9,48255000,56293000,49922000,-5361666.666666667,west valley spokane,100291,32363,West Valley School District (Spokane),0.96361860619123,1572.0,1617.0
5309720,West Valley School District (Yakima),2019,5511,68584000,76469000,72175000,12444.928325167846,west valley yakima,100292,39208,West Valley School District (Yakima),0.8079879680193413,6725.0,8066.0
5309750,White Pass School District,2019,425,6468000,8575000,7200000,15218.823529411764,white pass,100293,21303,White Pass School District,0.7261935119407326,137.0,198.0
5309780,White River School District,2019,4089,51928000,81526000,97994000,12699.437515284912,white river,100294,27416,White River School District,0.9395559663248212,4764.0,4999.0
5309810,White Salmon Valley School District,2019,1271,14956000,18148000,17368000,11767.112509834777,white salmon valley,100295,20405,White Salmon Valley School District,0.9254284722035667,1097.0,1176.0
5309840,Wilbur School District,2019,255,4123000,4372000,4355000,16168.627450980392,wilbur,100296,22200,Wilbur School District,,0.0,0.0
5309870,Willapa Valley School District,2019,401,6249000,7717000,7427000,15583.54114713217,willapa valley,100297,25160,Willapa Valley School District,0.8825,13.0,16.0
5309900,Wilson Creek School District,2019,164,3221000,3236000,3238000,19640.243902439026,wilson creek,100298,13167,Wilson Creek School District,,0.0,0.0
5309930,Winlock School District,2019,763,10118000,11690000,10604000,13260.8125819135,winlock,100299,21232,Winlock School District,0.8528446728577659,314.0,368.0
5309990,Wishkah Valley School District,2019,146,3818000,6124000,6271000,26150.68493150685,wishkah valley,100300,14117,Wishkah Valley School District,,0.0,0.0
5310020,Wishram School District,2019,78,2158000,2297000,2367000,27666.666666666668,wishram,100301,20094,Wishram School District,,0.0,0.0
5310050,Woodland School District,2019,2521,36495000,42019000,40346000,14476.39825466085,woodland,100302,8404,Woodland School District,0.8294296701203492,2812.0,3321.0
5310110,Yakima School District,2019,16382,224317000,241559000,232492000,13692.89464045904,yakima,100303,39007,Yakima School District,0.78698078193583,24509.0,29705.0
5310140,Yelm School District,2019,5844,74719000,84072000,82142000,12785.592060232717,yelm,100304,34002,Yelm School District,0.8436642959068379,5360.0,6271.0
5310170,Zillah School District,2019,1349,17071000,19043000,26157000,12654.558932542624,zillah,100305,39205,Zillah School District,0.9057704603864392,1176.0,1283.0
5300001,Enumclaw School District,2020,4327,59510000,73827000,68075000,13753.177721284956,enumclaw,100080,17216,Enumclaw School District,0.859215266460886,5558.0,6259.0
5300002,Inchelium School District,2020,210,5426000,5521000,6614000,25838.095238095237,inchelium,100109,10070,Inchelium School District,0.6833862433862408,8.0,14.0
5300003,Kelso School District,2020,5110,66721000,80066000,124190000,13056.947162426615,kelso,100115,8458,Kelso School District,0.8887031912868746,7246.0,8001.0
5300014,Bates Technical College,2020,442,-1,-1,-1,-0.0022624434389140274,bates technical college,104220,27931,Bates Technical College,0.1952472549125327,512.0,3011.0
5300030,Aberdeen School District,2020,3500,49309000,55919000,54733000,14088.285714285714,aberdeen,100010,14005,Aberdeen School District,0.799649454566588,3971.0,4760.0
5300060,Adna School District,2020,642,8540000,9949000,9111000,13302.180685358255,adna,100011,21226,Adna School District,0.9199999999999999,0.0,0.0
5300150,Anacortes School District,2020,2795,40900000,50962000,55179000,14633.273703041144,anacortes,100013,29103,Anacortes School District,0.8872295509271547,3079.0,3307.0
5300240,Arlington School District,2020,5936,80795000,89538000,85669000,13611.017520215633,arlington,100014,31016,Arlington School District,0.866683860539963,7359.0,8215.0
5300280,Asotin-Anatone School District,2020,626,8220000,9405000,8676000,13130.990415335464,asotin anatone,100015,2420,Asotin-Anatone School District,0.9215384615384615,0.0,0.0
5300300,Auburn School District,2020,17950,254968000,310024000,414478000,14204.34540389972,auburn,100016,17408,Auburn School District,0.8419360977613778,23332.0,26753.0
5300325,Renton Technical College,2020,10,-1,-1,-1,-0.1,renton technical college,104305,17941,Renton Technical College,,0.0,0.0
5300328,Suquamish Tribal Education Department,2020,86,2308000,3164000,2308000,26837.20930232558,suquamish tribal education department,105768,18902,Suquamish Tribal Education Department,0.754,0.0,0.0
5300330,Bainbridge Island School District,2020,3835,55792000,73629000,93020000,14548.109517601042,bainbridge island,100017,18303,Bainbridge Island School District,0.9345416120550273,5721.0,6004.0
5300332,Excel Public Charter School,2020,-2,-2,-2,-2,1.0,excel public charter school,105811,17906,Excel Public Charter School,,0.0,0.0
5300333,Summit Public School: Olympus,2020,183,3226000,3471000,3338000,17628.415300546447,summit public school olympus,105809,27905,Summit Public School: Olympus,0.7715069318055541,367.0,476.0
5300334,Summit Public School: Sierra,2020,344,5099000,5436000,5317000,14822.67441860465,summit public school sierra,105808,17902,Summit Public School: Sierra,0.8700259158016206,806.0,922.0
5300342,Rainier Valley Leadership Academy,2020,320,7246000,7528000,7346000,22643.75,rainier valley leadership academy,106046,17910,Rainier Valley Leadership Academy,,0.0,0.0
5300343,Summit Public School: Atlas,2020,506,6412000,6898000,6631000,12671.93675889328,summit public school atlas,106018,17905,Summit Public School: Atlas,0.831111111111111,0.0,0.0
5300380,Battle Ground School District,2020,13199,177122000,199157000,185657000,13419.349950753845,battle ground,100018,6119,Battle Ground School District,0.7805619214548851,22335.0,27232.0
5300390,Bellevue School District,2020,21672,333435000,462901000,442905000,15385.520487264674,bellevue,100019,17405,Bellevue School District,0.92492049244225,34891.0,36666.0
5300420,Bellingham School District,2020,12027,168299000,218506000,215331000,13993.431445913362,bellingham,100020,37501,Bellingham School District,0.8503401832457089,20908.0,23404.0
5300480,Bethel School District,2020,20615,287620000,335550000,343153000,13951.976715983506,bethel,100022,27403,Bethel School District,0.8671868775202104,26967.0,30820.0
5300510,Bickleton School District,2020,124,2638000,2819000,2670000,21274.1935483871,bickleton,100023,20203,Bickleton School District,,0.0,0.0
5300570,Blaine School District,2020,2290,34649000,42818000,43802000,15130.56768558952,blaine,100024,37503,Blaine School District,0.893640917807886,2148.0,2353.0
5300660,Bremerton School District,2020,4953,80252000,90776000,88447000,16202.705431051887,bremerton,100026,18100,Bremerton School District,0.6600073295509923,5506.0,8184.0
5300690,Brewster School District,2020,997,13612000,23850000,23131000,13652.95887662989,brewster,100027,24111,Brewster School District,0.8622491855532044,582.0,662.0
5300720,Bridgeport School District,2020,841,11288000,18050000,18196000,13422.116527942924,bridgeport,100028,9075,Bridgeport School District,0.8323886451535425,666.0,778.0
5300780,Burlington-Edison School District,2020,3628,56514000,60724000,58897000,15577.177508269018,burlington edison,100030,29100,Burlington-Edison School District,0.8577330810796089,4505.0,5052.0
5300810,Camas School District,2020,7616,97284000,127942000,116428000,12773.634453781513,camas,100031,6117,Camas School District,0.8906792026323097,12460.0,13322.0
5300840,Cape Flattery School District,2020,519,11197000,13341000,11637000,21574.181117533717,cape flattery,100032,5401,Cape Flattery School District,0.9266666666666667,0.0,0.0
5300950,Cascade School District,2020,1379,19224000,25180000,24820000,13940.536620739666,cascade,100034,4228,Cascade School District,0.9140450924118718,810.0,876.0
5300960,CASHMERE SCHOOL DISTRICT,2020,1675,21264000,26966000,25566000,12694.925373134329,cashmere,100035,4222,CASHMERE SCHOOL DISTRICT,0.9346504453395699,1171.0,1238.0
5300990,Castle Rock School District,2020,1507,19342000,19739000,20582000,12834.77106834771,castle rock,100036,8401,Castle Rock School District,0.859261389252308,1738.0,1992.0
5301080,Central Kitsap School District,2020,11869,171173000,215909000,212772000,14421.855253180554,central kitsap,100038,18401,Central Kitsap School District,0.8905759397384613,18237.0,20079.0
5301110,Central Valley School District,2020,14783,187714000,224560000,280839000,12697.963877426773,central valley,100039,32356,Central Valley School District,0.8701846909176241,16500.0,18290.0
5301140,Centralia School District,2020,3638,52030000,87218000,88553000,14301.814183617373,centralia,100040,21401,Centralia School District,0.8139754352179032,4957.0,5836.0
5301170,Chehalis School District,2020,3259,43967000,48487000,47221000,13490.948143602332,chehalis,100041,21302,Chehalis School District,0.8682760683145694,2747.0,3096.0
5301200,Lake Chelan School District,2020,1454,20631000,22215000,21875000,14189.133425034388,lake chelan,100125,4129,Lake Chelan School District,0.9143662814143437,1473.0,1595.0
5301230,Cheney School District,2020,5268,68100000,89375000,94396000,12927.107061503417,cheney,100042,32360,Cheney School District,0.895906138904975,4416.0,4858.0
5301260,Chewelah School District,2020,775,10543000,11975000,11303000,13603.870967741936,chewelah,100043,33036,Chewelah School District,0.8921634335948812,242.0,278.0
5301290,Chimacum School District,2020,835,13707000,15602000,16098000,16415.56886227545,chimacum,100044,16049,Chimacum School District,0.8512573573223442,763.0,898.0
5301320,Clarkston School District,2020,2711,35694000,36865000,36735000,13166.35927701955,clarkston,100045,2250,Clarkston School District,0.7963379288353586,4011.0,4836.0
5301350,Cle Elum-Roslyn School District,2020,943,12117000,14752000,14849000,12849.416755037115,cle elum roslyn,100046,19404,Cle Elum-Roslyn School District,0.8453371033072673,570.0,660.0
5301410,Clover Park School District,2020,13761,201207000,253829000,246845000,14621.5391323305,clover park,100047,27400,Clover Park School District,0.8673730320824082,8765.0,9860.0
5301440,Colfax School District,2020,559,7808000,9433000,19575000,13967.799642218248,colfax,100048,38300,Colfax School District,0.8937220011788963,76.0,87.0
5301470,College Place School District,2020,1627,19914000,25523000,22331000,12239.704978488015,college place,100049,36250,College Place School District,0.9202121851497,451.0,474.0
5301500,Colton School District,2020,189,3194000,4294000,3742000,16899.4708994709,colton,100050,38306,Colton School District,,0.0,0.0
5301560,Columbia (Stevens) School District,2020,107,3074000,3249000,3284000,28728.971962616823,columbia stevens,100051,33206,Columbia (Stevens) School District,,0.0,0.0
5301590,Columbia (Walla Walla) School District,2020,785,11509000,13885000,12468000,14661.146496815287,columbia walla walla,100052,36400,Columbia (Walla Walla) School District,0.7950903774587864,467.0,607.0
5301630,Colville School District,2020,1751,24308000,26489000,25509000,13882.35294117647,colville,100053,33115,Colville School District,0.8687518529379319,1455.0,1620.0
5301660,Concrete School District,2020,534,8921000,10000000,10361000,16705.992509363296,concrete,100054,29011,Concrete School District,0.7606249546427425,179.0,247.0
5301800,Coupeville School District,2020,1045,15213000,18362000,16213000,14557.894736842105,coupeville,100058,15204,Coupeville School District,0.8992351690170571,286.0,313.0
5301830,Crescent School District,2020,366,5112000,5988000,5480000,13967.213114754099,crescent,100059,5313,Crescent School District,0.7245454545454545,0.0,0.0
5301860,Creston School District,2020,83,2747000,3205000,2921000,33096.385542168675,creston,100060,22073,Creston School District,,0.0,0.0
5301890,Curlew School District,2020,220,3846000,4390000,4085000,17481.81818181818,curlew,100061,10050,Curlew School District,0.3949192490865491,263.0,726.0
5301920,Cusick School District,2020,246,4583000,4906000,4674000,18630.08130081301,cusick,100062,26059,Cusick School District,,0.0,0.0
5301980,Darrington School District,2020,453,6799000,7529000,7424000,15008.830022075055,darrington,100064,31330,Darrington School District,0.8299313186813154,75.0,91.0
5302010,Davenport School District,2020,593,8345000,10134000,9298000,14072.512647554806,davenport,100065,22207,Davenport School District,,0.0,0.0
5302040,Dayton School District,2020,432,6188000,7653000,7554000,14324.074074074075,dayton,100066,7002,Dayton School District,0.7654025549613728,94.0,135.0
5302070,Deer Park School District,2020,2660,30888000,36996000,33726000,11612.03007518797,deer park,100067,32414,Deer Park School District,0.9432421728296912,2724.0,2873.0
5302280,East Valley School District (Spokane),2020,4233,56931000,69456000,69180000,13449.326718639262,east valley spokane,100070,32361,East Valley School District (Spokane),0.7952260803953939,4062.0,4970.0
5302310,Eastmont School District,2020,6306,82403000,98718000,91287000,13067.396130669204,eastmont,100072,9206,Eastmont School District,0.8798857475955916,8393.0,9366.0
5302340,Easton School District,2020,106,2830000,3125000,2956000,26698.11320754717,easton,100073,19028,Easton School District,,0.0,0.0
5302370,Eatonville School District,2020,2059,25342000,30028000,28072000,12307.91646430306,eatonville,100074,27404,Eatonville School District,0.9541639629959067,1604.0,1674.0
5302400,Edmonds School District,2020,21727,324703000,413347000,360599000,14944.67712983845,edmonds,100075,31015,Edmonds School District,0.8467301308386048,32998.0,38132.0
5302460,Ellensburg School District,2020,3451,45125000,54838000,65616000,13075.920023181687,ellensburg,100076,19401,Ellensburg School District,0.8843183914260596,4261.0,4650.0
5302490,Elma School District,2020,1602,23512000,24784000,25603000,14676.65418227216,elma,100077,14068,Elma School District,0.9280869791724657,1414.0,1510.0
5302550,Entiat School District,2020,335,5342000,6291000,7221000,15946.268656716418,entiat,100079,4127,Entiat School District,0.8244761904761867,18.0,21.0
5302610,Ephrata School District,2020,2738,33751000,39150000,41569000,12326.880934989043,ephrata,100081,13165,Ephrata School District,0.9177058090992127,2854.0,3000.0
5302670,Everett School District,2020,21162,319526000,414945000,379269000,15099.04545884132,everett,100083,31002,Everett School District,0.9344516186356027,26181.0,27345.0
5302700,Evergreen School District (Clark),2020,25021,360849000,419782000,528741000,14421.845649654291,evergreen clark,100084,6114,Evergreen School District (Clark),0.9200800260052878,36766.0,39241.0
5302820,Federal Way School District,2020,23289,328934000,402350000,504596000,14124.007041951136,federal way,100086,17210,Federal Way School District,0.8596919287379697,29304.0,33746.0
5302850,Ferndale School District,2020,4796,71166000,79672000,79319000,14838.61551292744,ferndale,100087,37502,Ferndale School District,0.8357860513546578,5486.0,6244.0
5302880,Fife School District,2020,3907,52710000,70705000,122343000,13491.169695418479,fife,100088,27417,Fife School District,0.9356452110835759,5398.0,5667.0
5302910,Finley School District,2020,914,13226000,14712000,14593000,14470.459518599562,finley,100089,3053,Finley School District,0.8254770093561019,670.0,788.0
5302940,Franklin Pierce School District,2020,8090,123612000,137372000,195462000,15279.604449938195,franklin pierce,100090,27402,Franklin Pierce School District,0.8909947493517663,9128.0,10052.0
5302970,Freeman School District,2020,919,11931000,15256000,13416000,12982.589771490751,freeman,100091,32358,Freeman School District,0.9185714285714285,0.0,0.0
5303000,Garfield School District,2020,141,2734000,3230000,2995000,19390.070921985814,garfield,100092,38302,Garfield School District,,0.0,0.0
5303030,Glenwood School District,2020,69,2066000,2467000,2258000,29942.028985507248,glenwood,100093,20401,Glenwood School District,,0.0,0.0
5303090,Goldendale School District,2020,940,11554000,14271000,13647000,12291.489361702128,goldendale,100094,20404,Goldendale School District,0.9038544315144029,513.0,573.0
5303130,Grand Coulee Dam School District,2020,763,11659000,12631000,12412000,15280.471821756226,grand coulee dam,100095,13301,Grand Coulee Dam School District,0.8462770843859967,398.0,469.0
5303150,Grandview School District,2020,3756,50897000,84252000,84223000,13550.851970181044,grandview,100096,39200,Grandview School District,0.9162007492650631,4311.0,4599.0
5303180,Granger School District,2020,1580,21576000,24710000,23805000,13655.696202531646,granger,100097,39204,Granger School District,0.8540747787605635,1402.0,1606.0
5303210,Granite Falls School District,2020,2168,31556000,38885000,34361000,14555.350553505536,granite falls,100098,31332,Granite Falls School District,0.8303103066837254,2570.0,2984.0
5303360,Harrington School District,2020,145,3277000,6679000,5314000,22600.0,harrington,100103,22204,Harrington School District,,0.0,0.0
5303440,Coulee-Hartline School District,2020,171,3403000,4199000,3680000,19900.584795321636,coulee hartline,100057,13151,Coulee-Hartline School District,,0.0,0.0
5303510,Highland School District,2020,1181,16269000,17921000,16656000,13775.613886536834,highland,100104,39203,Highland School District,0.8897345822344358,957.0,1051.0
5303540,Highline School District,2020,19130,309919000,401854000,441030000,16200.67956089911,highline,100105,17401,Highline School District,0.8478184364510356,28509.0,32730.0
5303570,Hockinson School District,2020,2012,25692000,30266000,28361000,12769.383697813122,hockinson,100106,6098,Hockinson School District,0.9526994204088524,1869.0,1944.0
5303660,Hoquiam School District,2020,1674,22568000,27342000,27759000,13481.481481481482,hoquiam,100108,14028,Hoquiam School District,0.8555391185903036,1308.0,1495.0
5303750,Issaquah School District,2020,21358,297995000,392408000,412099000,13952.383181945876,issaquah,100111,17411,Issaquah School District,0.9337661724920808,33637.0,34815.0
5303780,Kahlotus School District,2020,47,2093000,3139000,2958000,44531.914893617024,kahlotus,100112,11056,Kahlotus School District,,0.0,0.0
5303810,Kalama School District,2020,1066,11571000,19980000,57540000,10854.596622889307,kalama,100113,8402,Kalama School District,0.9071418701498879,335.0,369.0
5303930,Kennewick School District,2020,19187,250800000,299259000,371102000,13071.350393495595,kennewick,100116,3017,Kennewick School District,0.6775831611914259,21403.0,29391.0
5303960,Kent School District,2020,27401,376937000,487027000,445409000,13756.322761942994,kent,100117,17415,Kent School District,0.8574003876066648,36163.0,40828.0
5303990,Kettle Falls School District,2020,1128,13651000,15893000,16237000,12101.95035460993,kettle falls,100118,33212,Kettle Falls School District,0.9155225570094633,146.0,163.0
5304020,Kiona-Benton City School District,2020,1428,20256000,22346000,21337000,14184.873949579833,kiona benton city,100119,3052,Kiona-Benton City School District,0.8698983942525982,1495.0,1672.0
5304050,Kittitas School District,2020,676,9811000,10810000,10432000,14513.313609467456,kittitas,100120,19403,Kittitas School District,0.8516543766631348,191.0,224.0
5304080,Klickitat School District,2020,74,2516000,2625000,2736000,34000.0,klickitat,100121,20402,Klickitat School District,,0.0,0.0
5304110,La Conner School District,2020,663,12647000,14808000,13678000,19075.414781297135,la conner,100123,29311,La Conner School District,0.7713708729652796,397.0,500.0
5304150,LaCrosse School District,2020,88,2731000,3342000,3558000,31034.090909090908,lacrosse,100124,38126,LaCrosse School District,,0.0,0.0
5304170,La Center School District,2020,1724,22088000,27906000,32284000,12812.064965197216,la center,100122,6101,La Center School District,0.8638798068880962,1936.0,2166.0
5304200,Lake Stevens School District,2020,9606,127442000,158899000,163693000,13266.916510514262,lake stevens,100126,31004,Lake Stevens School District,0.8994971535401424,10861.0,11760.0
5304230,Lake Washington School District,2020,31851,428401000,583245000,573953000,13450.15855075194,lake washington,100127,17414,Lake Washington School District,0.917457386113491,40286.0,42360.0
5304260,Lakewood School District,2020,2614,35677000,44480000,43063000,13648.431522570772,lakewood,100128,31306,Lakewood School District,0.8614466900324192,2377.0,2614.0
5304380,Liberty School District,2020,558,7624000,9619000,8527000,13663.082437275985,liberty,100130,32362,Liberty School District,0.8728267347807445,66.0,74.0
5304410,Lind School District,2020,211,4715000,5368000,5120000,22345.971563981042,lind,100131,1158,Lind School District,0.6359999999999999,0.0,0.0
5304470,Longview School District,2020,6710,91564000,102037000,97652000,13645.901639344262,longview,100132,8122,Longview School District,0.8891403636842246,7581.0,8378.0
5304530,Lopez School District,2020,241,5369000,6813000,6416000,22278.008298755187,lopez,100134,28144,Lopez School District,,0.0,0.0
5304560,Riverview School District,2020,3405,46977000,60233000,57845000,13796.47577092511,riverview,100222,17407,Riverview School District,0.9009746962390704,4079.0,4344.0
5304590,Lyle School District,2020,277,3628000,5134000,4213000,13097.472924187725,lyle,100135,20406,Lyle School District,0.6910320512820449,26.0,37.0
5304620,Lynden School District,2020,3656,46600000,53715000,53552000,12746.170678336981,lynden,100136,37504,Lynden School District,0.853565318259891,4133.0,4612.0
5304650,Mabton School District,2020,869,12579000,13873000,13223000,14475.258918296893,mabton,100137,39120,Mabton School District,0.8975971411802757,222.0,254.0
5304710,Mansfield School District,2020,102,2446000,3137000,3023000,23980.392156862745,mansfield,100138,9207,Mansfield School District,,0.0,0.0
5304740,Manson School District,2020,664,9625000,11463000,10980000,14495.481927710844,manson,100139,4019,Manson School District,0.88214027149319,89.0,103.0
5304800,Mary M Knight School District,2020,1834,18664000,20190000,18893000,10176.663031624863,mary m knight,100140,23311,Mary M Knight School District,0.7987500000000001,0.0,0.0
5304830,Mary Walker School District,2020,497,6787000,7496000,7334000,13655.935613682093,mary walker,100141,33207,Mary Walker School District,0.7923560466346955,340.0,428.0
5304860,Marysville School District,2020,10990,173428000,188016000,187797000,15780.527752502276,marysville,100142,31025,Marysville School District,0.81634413489432,13624.0,16163.0
5304920,Mead School District,2020,10802,136543000,177494000,237428000,12640.529531568229,mead,100144,32354,Mead School District,0.9250703165726769,15121.0,15932.0
5304950,Medical Lake School District,2020,1998,25607000,29029000,26862000,12816.316316316317,medical lake,100145,32326,Medical Lake School District,0.9335763045151692,1672.0,1783.0
5304980,Mercer Island School District,2020,4496,66923000,81260000,75291000,14885.008896797153,mercer island,100146,17400,Mercer Island School District,0.9427122980968259,6575.0,6875.0
5305010,Meridian School District,2020,1848,24212000,26504000,26700000,13101.731601731602,meridian,100147,37505,Meridian School District,0.8579496451934749,876.0,1001.0
5305020,Methow Valley School District,2020,735,10407000,12707000,11521000,14159.183673469388,methow valley,100148,24350,Methow Valley School District,,0.0,0.0
5305130,Monroe School District,2020,6825,92661000,104391000,106611000,13576.703296703297,monroe,100150,31103,Monroe School District,0.8599439700780102,7906.0,8789.0
5305160,Montesano School District,2020,1467,19155000,21284000,20355000,13057.25971370143,montesano,100151,14066,Montesano School District,0.8927101716194804,705.0,771.0
5305190,Morton School District,2020,369,5611000,6280000,6138000,15205.962059620597,morton,100152,21214,Morton School District,0.8253174603174571,53.0,64.0
5305220,Moses Lake School District,2020,8882,116702000,130418000,135137000,13139.157847331682,moses lake,100153,13161,Moses Lake School District,0.8373247323070381,9489.0,10988.0
5305250,Mossyrock School District,2020,567,8287000,9920000,8971000,14615.520282186948,mossyrock,100154,21206,Mossyrock School District,0.8613896583564106,74.0,89.0
5305280,Mount Adams School District,2020,911,15997000,25905000,25794000,17559.824368825466,mount adams,100155,39209,Mount Adams School District,0.6832257462775588,615.0,902.0
5305310,Mount Baker School District,2020,1854,30609000,35185000,37884000,16509.70873786408,mount baker,100156,37507,Mount Baker School District,0.729680512672364,1685.0,2245.0
5305370,East Valley School District (Yakima),2020,3306,42385000,57471000,62658000,12820.629159104657,east valley yakima,100071,39090,East Valley School District (Yakima),0.8744774841978085,3484.0,3898.0
5305400,Mount Vernon School District,2020,6894,105516000,133924000,133167000,15305.483028720626,mount vernon,100158,29320,Mount Vernon School District,0.7946932703228778,9929.0,12186.0
5305430,Mukilteo School District,2020,16070,260135000,282570000,287969000,16187.616677037959,mukilteo,100159,31006,Mukilteo School District,0.8808388232584681,22456.0,25220.0
5305460,Naches Valley School District,2020,1293,17133000,20530000,19268000,13250.580046403713,naches valley,100160,39003,Naches Valley School District,0.9316521096256764,714.0,773.0
5305490,Napavine School District,2020,852,9879000,11491000,11120000,11595.070422535211,napavine,100161,21014,Napavine School District,0.94235294117646,31.0,34.0
5305520,Naselle-Grays River Valley School District,2020,413,6852000,7567000,7301000,16590.799031476996,naselle grays river valley,100162,25155,Naselle-Grays River Valley School District,0.82,0.0,0.0
5305610,Newport School District,2020,1136,15079000,17160000,15711000,13273.767605633802,newport,100164,26056,Newport School District,0.888125983298245,1691.0,1875.0
5305640,Nine Mile Falls School District,2020,1448,18744000,22363000,19829000,12944.75138121547,nine mile falls,100165,32325,Nine Mile Falls School District,0.9437321771838821,856.0,908.0
5305670,Nooksack Valley School District,2020,1969,26612000,32635000,32938000,13515.490096495683,nooksack valley,100166,37506,Nooksack Valley School District,0.8541591194527334,1572.0,1787.0
5305700,North Beach School District No. 64,2020,738,11509000,12866000,12378000,15594.850948509486,north beach,100167,14064,North Beach School District No. 64,0.8564163246779951,292.0,336.0
5305730,North Franklin School District,2020,2168,28590000,33100000,30633000,13187.269372693727,north franklin,100168,11051,North Franklin School District,0.9645600634772167,1568.0,1624.0
5305760,North Kitsap School District,2020,6070,84652000,101673000,93954000,13945.963756177924,north kitsap,100169,18400,North Kitsap School District,0.8795304899590785,8786.0,9556.0
5305790,North Mason School District,2020,2394,34868000,39866000,41021000,14564.745196324144,north mason,100170,23403,North Mason School District,0.7937674818087239,2950.0,3576.0
5305820,North River School District,2020,70,2251000,2248000,2394000,32157.14285714286,north river,100171,25200,North River School District,,0.0,0.0
5305850,North Thurston Public Schools,2020,15634,218383000,262215000,243781000,13968.46616348983,north thurston,100172,34003,North Thurston Public Schools,0.8974059702928253,19868.0,21820.0
5305880,Northport School District,2020,186,3803000,4324000,3966000,20446.236559139787,northport,100173,33211,Northport School District,0.7749342105263125,15.0,19.0
5305910,Northshore School District,2020,23915,344273000,430267000,444781000,14395.69307965712,northshore,100174,17417,Northshore School District,0.9340548164194755,31729.0,33236.0
5305940,Oak Harbor School District,2020,6128,87217000,101710000,92205000,14232.539164490861,oak harbor,100175,15201,Oak Harbor School District,0.9040884754336938,5861.0,6355.0
5305970,Oakesdale School District,2020,144,3200000,3782000,3628000,22222.222222222223,oakesdale,100176,38324,Oakesdale School District,,0.0,0.0
5306000,Oakville School District,2020,285,4411000,8097000,7449000,15477.192982456141,oakville,100177,14400,Oakville School District,0.79,0.0,0.0
5306060,Ocean Beach School District,2020,1106,16204000,21319000,19459000,14650.994575045208,ocean beach,100178,25101,Ocean Beach School District,0.809389693828954,828.0,1011.0
5306090,Ocosta School District,2020,636,10059000,13417000,11405000,15816.037735849057,ocosta,100179,14172,Ocosta School District,0.820457759754383,386.0,469.0
5306120,Odessa School District,2020,252,4201000,4749000,4600000,16670.634920634922,odessa,100180,22105,Odessa School District,,0.0,0.0
5306150,Okanogan School District,2020,1158,15783000,17712000,16842000,13629.533678756477,okanogan,100181,24105,Okanogan School District,0.90962209302325,39.0,43.0
5306180,Olympia School District,2020,10057,141989000,186447000,206847000,14118.424977627523,olympia,100182,34111,Olympia School District,0.9206164799141985,12814.0,13552.0
5306220,Omak School District,2020,5483,64340000,69070000,67020000,11734.451942367317,omak,100183,24019,Omak School District,0.8625034186431707,4551.0,5120.0
5306240,Onalaska School District,2020,860,11266000,12158000,12202000,13100.0,onalaska,100184,21300,Onalaska School District,0.937413594470025,28.0,31.0
5306300,Orcas Island School District,2020,826,11700000,15049000,16796000,14164.648910411623,orcas island,100186,28137,Orcas Island School District,0.8766666666666666,0.0,0.0
5306330,Orchard Prairie School District,2020,78,1088000,1097000,1121000,13948.71794871795,orchard prairie,100187,32123,Orchard Prairie School District,,0.0,0.0
5306420,Oroville School District,2020,582,8516000,9202000,8962000,14632.302405498282,oroville,100190,24410,Oroville School District,0.8197804310440294,210.0,248.0
5306450,Orting School District,2020,2772,34720000,41693000,36321000,12525.252525252525,orting,100191,27344,Orting School District,0.9323387687244881,2956.0,3135.0
5306480,Othello School District,2020,4804,62889000,70065000,68465000,13090.965861781848,othello,100192,1147,Othello School District,0.8139852004418906,4772.0,5533.0
5306540,Palouse School District,2020,199,3271000,3695000,3497000,16437.18592964824,palouse,100194,38301,Palouse School District,,0.0,0.0
5306570,Pasco School District,2020,19209,255075000,307510000,354817000,13278.93175074184,pasco,100195,11001,Pasco School District,0.8171682576317494,28632.0,34323.0
5306600,Pateros School District,2020,318,5589000,5783000,6005000,17575.471698113208,pateros,100196,24122,Pateros School District,,0.0,0.0
5306660,Pe Ell School District,2020,293,4990000,5875000,5613000,17030.71672354949,pe ell,100198,21301,Pe Ell School District,0.86,0.0,0.0
5306690,Peninsula School District,2020,9545,135818000,153322000,183098000,14229.229963331587,peninsula,100199,27401,Peninsula School District,0.8775930242566845,15967.0,17565.0
5306780,Pomeroy School District,2020,357,5310000,6422000,5592000,14873.949579831933,pomeroy,100201,12110,Pomeroy School District,0.86,0.0,0.0
5306820,Port Angeles School District,2020,3762,53693000,53283000,54612000,14272.461456671983,port angeles,100202,5121,Port Angeles School District,0.8174985215391182,4388.0,5171.0
5306840,Port Townsend School District,2020,1237,18374000,22831000,21363000,14853.678253839935,port townsend,100203,16050,Port Townsend School District,0.884111688372879,973.0,1099.0
5306870,Prescott School District,2020,255,4450000,5543000,4744000,17450.980392156864,prescott,100204,36402,Prescott School District,0.7703703703703666,7.0,12.0
5306900,Prosser School District,2020,2661,37895000,43755000,78333000,14240.88688462984,prosser,100205,3116,Prosser School District,0.8559369992829651,4248.0,4862.0
5306930,Pullman School District,2020,2797,35450000,43636000,43267000,12674.293886306757,pullman,100206,38267,Pullman School District,0.9375209703756836,2271.0,2401.0
5306960,Puyallup School District,2020,23563,314493000,425195000,412159000,13346.899800534737,puyallup,100207,27003,Puyallup School District,0.864118283626609,38695.0,41161.0
5306990,Quilcene School District,2020,608,8168000,9145000,8901000,13434.21052631579,quilcene,100209,16048,Quilcene School District,0.85,0.0,0.0
5307020,Quillayute Valley School District,2020,3378,40225000,44786000,42461000,11907.93368857312,quillayute valley,100210,5402,Quillayute Valley School District,0.778934810191266,846.0,1073.0
5307050,Lake Quinault School District,2020,213,3306000,5293000,4719000,15521.12676056338,lake quinault,100211,14097,Lake Quinault School District,,0.0,0.0
5307080,Quincy School District,2020,3034,46026000,53674000,55835000,15170.072511535926,quincy,100212,13144,Quincy School District,0.8087594942348697,4600.0,5444.0
5307110,Rainier School District,2020,922,11604000,14031000,12077000,12585.683297180043,rainier,100213,34307,Rainier School District,0.9042203549713725,203.0,230.0
5307140,Raymond School District,2020,599,8815000,9530000,9126000,14716.193656093488,raymond,100214,25116,Raymond School District,0.8417891543824053,120.0,149.0
5307210,Reardan-Edwall School District,2020,688,8524000,12585000,12326000,12389.53488372093,reardan edwall,100215,22009,Reardan-Edwall School District,0.8652653061224299,129.0,147.0
5307230,Renton School District,2020,16189,259633000,318017000,297320000,16037.618135771203,renton,100216,17403,Renton School District,0.8186588160884181,21355.0,25170.0
5307260,Republic School District,2020,346,5766000,6319000,6186000,16664.739884393064,republic,100217,10309,Republic School District,0.7890476190476191,29.0,35.0
5307320,Richland School District,2020,14221,178761000,213307000,233314000,12570.21306518529,richland,100218,3400,Richland School District,0.8799296244971,21627.0,23825.0
5307350,Ridgefield School District,2020,3499,41810000,56973000,51538000,11949.128322377823,ridgefield,100219,6122,Ridgefield School District,0.9094345372628125,3402.0,3665.0
5307380,Ritzville School District,2020,378,5335000,7553000,7018000,14113.756613756614,ritzville,100220,1160,Ritzville School District,0.8095089285714281,57.0,74.0
5307440,Riverside School District,2020,1554,19925000,22109000,21520000,12821.750321750322,riverside,100221,32416,Riverside School District,0.861043856676668,1428.0,1621.0
5307470,Rochester School District,2020,2238,31149000,34542000,32475000,13918.23056300268,rochester,100223,34401,Rochester School District,0.8279884926899966,2287.0,2663.0
5307560,Rosalia School District,2020,219,3824000,4424000,4275000,17461.187214611873,rosalia,100225,38320,Rosalia School District,,0.0,0.0
5307620,Royal School District,2020,1765,24394000,31611000,32044000,13820.963172804533,royal,100226,13160,Royal School District,0.8394348343370778,2293.0,2630.0
5307650,San Juan Island School District,2020,816,12448000,14161000,13124000,15254.901960784313,san juan island,100227,28149,San Juan Island School District,0.8568239205380356,590.0,692.0
5307710,Seattle School District No. 1,2020,55986,965736000,1218512000,1131647000,17249.59811381417,seattle,100229,17001,Seattle School District No. 1,0.8407159450041631,93631.0,105545.0
5307740,Sedro-Woolley School District,2020,4688,73049000,74023000,77710000,15582.12457337884,sedro woolley,100230,29101,Sedro-Woolley School District,0.711766563228496,4377.0,6001.0
5307770,Selah School District,2020,3910,48250000,59003000,70278000,12340.153452685421,selah,100231,39119,Selah School District,0.8145627401708546,4970.0,5976.0
5307800,Selkirk School District,2020,283,4847000,5196000,4936000,17127.208480565372,selkirk,100232,26070,Selkirk School District,,0.0,0.0
5307830,Sequim School District,2020,2750,39303000,43679000,40072000,14292.0,sequim,100233,5323,Sequim School District,0.8860898643290631,3622.0,3982.0
5307900,Shelton School District,2020,4728,65402000,86155000,92408000,13832.910321489002,shelton,100235,23309,Shelton School District,0.8091365787135211,6414.0,7634.0
5307920,Shoreline School District,2020,10223,155235000,214573000,324871000,15184.877237601488,shoreline,100236,17412,Shoreline School District,0.8905859919305501,14146.0,15515.0
5307980,Skykomish School District,2020,58,2543000,2716000,2701000,43844.8275862069,skykomish,100238,17404,Skykomish School District,,0.0,0.0
5308020,Snohomish School District,2020,10079,144072000,183112000,164182000,14294.275225716838,snohomish,100239,31201,Snohomish School District,0.8700300629250388,18718.0,20660.0
5308040,Snoqualmie Valley School District,2020,7354,99015000,142667000,146501000,13464.101169431602,snoqualmie valley,100240,17410,Snoqualmie Valley School District,0.959466478068216,6238.0,6413.0
5308070,Soap Lake School District,2020,576,8039000,8973000,8686000,13956.597222222223,soap lake,100241,13156,Soap Lake School District,0.7706169140367304,137.0,181.0
5308100,South Bend School District,2020,639,9814000,19144000,21384000,15358.372456964007,south bend,100242,25118,South Bend School District,0.9086475141020455,89.0,101.0
5308130,Tukwila School District,2020,3022,48368000,58766000,94176000,16005.29450694904,tukwila,100243,17406,Tukwila School District,0.8198711867932862,3485.0,4166.0
5308160,South Kitsap School District,2020,9981,149744000,160656000,159839000,15002.905520488928,south kitsap,100244,18402,South Kitsap School District,0.8400965691905112,16000.0,18484.0
5308190,South Whidbey School District,2020,1358,19823000,23817000,22115000,14597.20176730486,south whidbey,100245,15206,South Whidbey School District,0.9328558572096709,1134.0,1198.0
5308250,Spokane School District,2020,30464,422452000,515860000,530709000,13867.253151260504,spokane,100247,32081,Spokane School District,0.8737004585603693,48841.0,53882.0
5308280,Sprague School District,2020,79,2168000,2452000,2418000,27443.037974683546,sprague,100248,22008,Sprague School District,,0.0,0.0
5308310,St. John School District,2020,155,3213000,3738000,3494000,20729.032258064515,st john,100249,38322,St. John School District,,0.0,0.0
5308340,Stanwood-Camano School District,2020,4883,69157000,87051000,152968000,14162.809748105672,stanwood camano,100250,31401,Stanwood-Camano School District,0.8896607831776383,5135.0,5628.0
5308460,Steilacoom Hist. School District,2020,3426,44854000,55671000,49274000,13092.235843549328,steilacoom hist,100254,27001,Steilacoom Hist. School District,0.9399561851143221,3264.0,3416.0
5308520,Stevenson-Carson School District,2020,942,13492000,15078000,13874000,14322.71762208068,stevenson carson,100256,30303,Stevenson-Carson School District,0.8313488270832,804.0,955.0
5308550,Sultan School District,2020,1988,30534000,32438000,33347000,15359.154929577464,sultan,100257,31311,Sultan School District,0.8441728458190654,1660.0,1936.0
5308670,Sunnyside School District,2020,6799,97602000,101410000,114222000,14355.346374466833,sunnyside,100260,39201,Sunnyside School District,0.8922132079427413,8937.0,9890.0
5308700,Tacoma School District,2020,30330,465124000,554452000,590630000,15335.443455324761,tacoma,100261,27010,Tacoma School District,0.893452724757885,29600.0,32588.0
5308730,Taholah School District,2020,178,4622000,4985000,4741000,25966.29213483146,taholah,100262,14077,Taholah School District,0.46,0.0,0.0
5308760,Tahoma School District,2020,9292,118987000,142908000,138265000,12805.316401205338,tahoma,100263,17409,Tahoma School District,0.9090210624055602,10402.0,11197.0
5308790,Tekoa School District,2020,232,3868000,5327000,5300000,16672.41379310345,tekoa,100264,38265,Tekoa School District,,0.0,0.0
5308820,Tenino School District,2020,1348,17490000,20687000,18625000,12974.777448071216,tenino,100265,34402,Tenino School District,0.8973054969227683,584.0,663.0
5308850,Thorp School District,2020,243,3984000,4744000,4336000,16395.061728395063,thorp,100266,19400,Thorp School District,,0.0,0.0
5308910,Toledo School District,2020,865,11237000,16188000,17795000,12990.751445086706,toledo,100267,21237,Toledo School District,0.9012052995366091,581.0,640.0
5308940,Tonasket School District,2020,1160,15326000,17734000,18619000,13212.068965517241,tonasket,100268,24404,Tonasket School District,0.8769309629869698,912.0,1032.0
5308970,Toppenish School District,2020,4466,61773000,68337000,64886000,13831.840573219884,toppenish,100269,39202,Toppenish School District,0.8278949631646636,5072.0,5943.0
5309000,Touchet School District,2020,225,4144000,5013000,4645000,18417.777777777777,touchet,100270,36300,Touchet School District,,0.0,0.0
5309030,Toutle Lake School District,2020,695,8789000,10668000,11039000,12646.043165467627,toutle lake,100271,8130,Toutle Lake School District,0.8865859284890413,46.0,51.0
5309060,Trout Lake School District,2020,224,3318000,3676000,3632000,14812.5,trout lake,100272,20400,Trout Lake School District,,0.0,0.0
5309100,Tumwater School District,2020,6495,91584000,118236000,115207000,14100.69284064665,tumwater,100273,34033,Tumwater School District,0.9112765368423923,9653.0,10362.0
5309180,University Place School District,2020,5759,75712000,88294000,81621000,13146.726862302483,university place,100275,27083,University Place School District,0.9334582780596017,7914.0,8261.0
5309240,Valley School District,2020,1118,11501000,14365000,12803000,10287.119856887299,valley,100277,33070,Valley School District,,0.0,0.0
5309270,Vancouver School District,2020,23355,334002000,406261000,529210000,14301.091843288375,vancouver,100278,6037,Vancouver School District,0.862584322502579,29055.0,32626.0
5309300,Vashon Island School District,2020,1529,23728000,29374000,27410000,15518.639633747547,vashon island,100279,17402,Vashon Island School District,0.92089771703239,1949.0,2069.0
5309330,Wahkiakum School District,2020,514,7335000,7898000,7770000,14270.428015564203,wahkiakum,100280,35200,Wahkiakum School District,0.9058441558441547,22.0,25.0
5309360,Wahluke School District,2020,2583,37165000,40633000,39533000,14388.308168795973,wahluke,100281,13073,Wahluke School District,0.8322897343069833,2164.0,2520.0
5309390,Waitsburg School District,2020,296,4296000,4711000,4699000,14513.513513513513,waitsburg,100282,36401,Waitsburg School District,,0.0,0.0
5309450,Walla Walla Public Schools,2020,5865,80735000,93538000,106662000,13765.558397271952,walla walla,100283,36140,Walla Walla Public Schools,0.9338906412393456,9004.0,9477.0
5309480,Wapato School District,2020,3443,49190000,55143000,51203000,14286.959047342434,wapato,100284,39207,Wapato School District,0.8375445150282661,3728.0,4311.0
5309510,Warden School District,2020,961,13567000,14397000,14103000,14117.585848074921,warden,100285,13146,Warden School District,0.8988293744282324,508.0,559.0
5309540,Washougal School District,2020,3225,44726000,53324000,49539000,13868.527131782947,washougal,100286,6112,Washougal School District,0.8846238235742933,3794.0,4183.0
5309570,Washtucna School District,2020,61,2180000,2704000,2633000,35737.70491803279,washtucna,100287,1109,Washtucna School District,,0.0,0.0
5309600,Waterville School District,2020,270,4422000,5219000,5368000,16377.777777777777,waterville,100288,9209,Waterville School District,,0.0,0.0
5309630,Wellpinit School District #49,2020,425,9971000,10684000,10130000,23461.176470588234,wellpinit,100289,33049,Wellpinit School District #49,0.86,0.0,0.0
5309660,Wenatchee School District,2020,7805,109687000,120662000,118400000,14053.427290198591,wenatchee,100290,4246,Wenatchee School District,0.8735821398868676,12026.0,13582.0
5309690,West Valley School District (Spokane),2020,3740,46285000,58827000,49817000,12375.668449197861,west valley spokane,100291,32363,West Valley School District (Spokane),0.97671930150007,498.0,509.0
5309720,West Valley School District (Yakima),2020,5615,69998000,82326000,88637000,12466.251113089938,west valley yakima,100292,39208,West Valley School District (Yakima),0.7456836793589738,6119.0,7986.0
5309750,White Pass School District,2020,408,6469000,8335000,7258000,15855.392156862745,white pass,100293,21303,White Pass School District,0.6774136609004977,172.0,280.0
5309780,White River School District,2020,4165,52986000,67661000,97781000,12721.72869147659,white river,100294,27416,White River School District,0.9398863437632234,4718.0,4906.0
5309810,White Salmon Valley School District,2020,1289,17725000,18457000,20024000,13750.969743987587,white salmon valley,100295,20405,White Salmon Valley School District,0.9337359379157806,964.0,1023.0
5309840,Wilbur School District,2020,232,3862000,4564000,4266000,16646.55172413793,wilbur,100296,22200,Wilbur School District,,0.0,0.0
5309870,Willapa Valley School District,2020,399,6467000,8219000,7128000,16208.020050125313,willapa valley,100297,25160,Willapa Valley School District,0.8825,13.0,16.0
5309900,Wilson Creek School District,2020,164,3123000,3327000,3163000,19042.682926829268,wilson creek,100298,13167,Wilson Creek School District,,0.0,0.0
5309930,Winlock School District,2020,739,9814000,12029000,10871000,13280.108254397835,winlock,100299,21232,Winlock School District,0.8802905324170076,217.0,248.0
5309990,Wishkah Valley School District,2020,160,3589000,4933000,4806000,22431.25,wishkah valley,100300,14117,Wishkah Valley School District,,0.0,0.0
5310020,Wishram School District,2020,72,2139000,2632000,2665000,29708.333333333332,wishram,100301,20094,Wishram School District,,0.0,0.0
5310050,Woodland School District,2020,2533,37566000,44657000,42369000,14830.635609948677,woodland,100302,8404,Woodland School District,0.8358329766715763,3123.0,3645.0
5310110,Yakima School District,2020,16400,224868000,246415000,235159000,13711.463414634147,yakima,100303,39007,Yakima School District,0.7856670831527405,29240.0,35755.0
5310140,Yelm School District,2020,5888,77429000,89689000,100084000,13150.30570652174,yelm,100304,34002,Yelm School District,0.8483853234130754,5206.0,6036.0
5310170,Zillah School District,2020,1332,16741000,28910000,29040000,12568.31831831832,zillah,100305,39205,Zillah School District,0.912325578863774,1155.0,1261.0
5300001,Enumclaw School District,2021,4122,62164000,73852000,70080000,15081.028626880156,enumclaw,100080,17216,Enumclaw School District,0.8687090594351417,6064.0,0.0
5300002,Inchelium School District,2021,227,5544000,5691000,5805000,24422.907488986784,inchelium,100109,10070,Inchelium School District,0.5647678018575842,8.0,0.0
5300003,Kelso School District,2021,4715,69084000,112050000,130225000,14651.961823966065,kelso,100115,8458,Kelso School District,0.8950498623894394,5512.0,0.0
5300014,Bates Technical College,2021,381,-1,-1,-1,-0.0026246719160104987,bates technical college,104220,27931,Bates Technical College,0.084762522125918,250.0,0.0
5300030,Aberdeen School District,2021,3308,45590000,54379000,49434000,13781.74123337364,aberdeen,100010,14005,Aberdeen School District,0.7979527248562014,4272.0,0.0
5300060,Adna School District,2021,587,8681000,9497000,9184000,14788.756388415673,adna,100011,21226,Adna School District,0.9099999999999999,0.0,0.0
5300150,Anacortes School District,2021,2586,42283000,49746000,46462000,16350.734725444703,anacortes,100013,29103,Anacortes School District,0.8768054095758474,3180.0,0.0
5300240,Arlington School District,2021,5451,81856000,89777000,89374000,15016.694184553293,arlington,100014,31016,Arlington School District,0.8609027610910375,7429.0,0.0
5300280,Asotin-Anatone School District,2021,619,9439000,9801000,9872000,15248.788368336025,asotin anatone,100015,2420,Asotin-Anatone School District,0.9276923076923077,0.0,0.0
5300300,Auburn School District,2021,17007,270727000,353379000,405238000,15918.562944669842,auburn,100016,17408,Auburn School District,0.8503685367120978,22128.0,0.0
5300325,Renton Technical College,2021,0,-1,-1,-1,-inf,renton technical college,104305,17941,Renton Technical College,,0.0,0.0
5300328,Suquamish Tribal Education Department,2021,90,2368000,3435000,2379000,26311.11111111111,suquamish tribal education department,105768,18902,Suquamish Tribal Education Department,0.754,0.0,0.0
5300330,Bainbridge Island School District,2021,3604,56959000,76084000,81159000,15804.384017758046,bainbridge island,100017,18303,Bainbridge Island School District,0.9336322987989185,6034.0,0.0
5300333,Summit Public School: Olympus,2021,194,3304000,3542000,3419000,17030.927835051545,summit public school olympus,105809,27905,Summit Public School: Olympus,0.8010509810007114,290.0,0.0
5300334,Summit Public School: Sierra,2021,365,5150000,5548000,5448000,14109.589041095891,summit public school sierra,105808,17902,Summit Public School: Sierra,0.9176968002537118,819.0,0.0
5300339,PRIDE Prep Charter School District,2021,718,7954000,9179000,8201000,11077.99442896936,pride prep charter,105675,32907,PRIDE Prep Charter School District,0.930719289327977,583.0,0.0
5300342,Rainier Valley Leadership Academy,2021,158,4030000,4718000,4190000,25506.32911392405,rainier valley leadership academy,106046,17910,Rainier Valley Leadership Academy,,0.0,0.0
5300343,Summit Public School: Atlas,2021,456,6941000,7587000,7180000,15221.491228070176,summit public school atlas,106018,17905,Summit Public School: Atlas,0.7929341646799842,122.0,0.0
5300380,Battle Ground School District,2021,11831,171731000,196238000,179553000,14515.341053165414,battle ground,100018,6119,Battle Ground School District,0.7833876339720702,20922.0,0.0
5300390,Bellevue School District,2021,20191,334964000,461602000,415552000,16589.767718290328,bellevue,100019,17405,Bellevue School District,0.927111514796162,35532.0,0.0
5300420,Bellingham School District,2021,11484,177714000,216207000,255386000,15474.921630094044,bellingham,100020,37501,Bellingham School District,0.8560961195447789,16211.0,0.0
5300480,Bethel School District,2021,20076,294487000,349118000,361968000,14668.609284718072,bethel,100022,27403,Bethel School District,0.8700280749382908,23582.0,0.0
5300510,Bickleton School District,2021,40,2708000,2970000,2817000,67700.0,bickleton,100023,20203,Bickleton School District,,0.0,0.0
5300570,Blaine School District,2021,2164,32730000,41284000,35722000,15124.768946395563,blaine,100024,37503,Blaine School District,0.8994887806464059,1995.0,0.0
5300660,Bremerton School District,2021,4536,80186000,89717000,86904000,17677.68959435626,bremerton,100026,18100,Bremerton School District,0.6635354302902828,4889.0,0.0
5300690,Brewster School District,2021,961,13494000,21490000,24513000,14041.62330905307,brewster,100027,24111,Brewster School District,0.8444421496374163,686.0,0.0
5300720,Bridgeport School District,2021,802,11537000,13049000,12217000,14385.286783042395,bridgeport,100028,9075,Bridgeport School District,0.8347204248120702,514.0,0.0
5300780,Burlington-Edison School District,2021,3399,58407000,61093000,60955000,17183.583406884376,burlington edison,100030,29100,Burlington-Edison School District,0.8882931761196841,5024.0,0.0
5300810,Camas School District,2021,7240,99881000,127600000,123980000,13795.718232044199,camas,100031,6117,Camas School District,0.9039390761541063,10598.0,0.0
5300840,Cape Flattery School District,2021,519,11552000,13219000,12162000,22258.18882466281,cape flattery,100032,5401,Cape Flattery School District,,0.0,0.0
5300950,Cascade School District,2021,1257,19197000,26095000,22613000,15272.076372315036,cascade,100034,4228,Cascade School District,0.9074883438079999,932.0,0.0
5300960,CASHMERE SCHOOL DISTRICT,2021,1625,22239000,25078000,23694000,13685.538461538461,cashmere,100035,4222,CASHMERE SCHOOL DISTRICT,0.9321178972678055,898.0,0.0
5300990,Castle Rock School District,2021,1385,19637000,20446000,20300000,14178.339350180506,castle rock,100036,8401,Castle Rock School District,0.8483187038226999,1487.0,0.0
5301080,Central Kitsap School District,2021,11124,162261000,218428000,212205000,14586.569579288025,central kitsap,100038,18401,Central Kitsap School District,0.8871640324080583,17304.0,0.0
5301110,Central Valley School District,2021,14158,203129000,256783000,268004000,14347.294815651929,central valley,100039,32356,Central Valley School District,0.6961643937260824,12303.0,0.0
5301140,Centralia School District,2021,3337,45148000,54959000,52000000,13529.517530716212,centralia,100040,21401,Centralia School District,0.8112102820787219,4319.0,0.0
5301170,Chehalis School District,2021,3060,45267000,50733000,49450000,14793.137254901962,chehalis,100041,21302,Chehalis School District,0.8551535454050855,3496.0,0.0
5301200,Lake Chelan School District,2021,1298,20214000,22395000,21133000,15573.189522342065,lake chelan,100125,4129,Lake Chelan School District,0.96869966818358,931.0,0.0
5301230,Cheney School District,2021,5078,68075000,80107000,74410000,13405.868452146515,cheney,100042,32360,Cheney School District,0.9215066663372672,5137.0,0.0
5301260,Chewelah School District,2021,706,10664000,11462000,11203000,15104.815864022663,chewelah,100043,33036,Chewelah School District,0.8760674238946193,417.0,0.0
5301290,Chimacum School District,2021,733,13713000,14834000,15244000,18708.049113233286,chimacum,100044,16049,Chimacum School District,0.8340327507405821,714.0,0.0
5301320,Clarkston School District,2021,2531,34232000,35733000,34596000,13525.088897668906,clarkston,100045,2250,Clarkston School District,0.7863708708184135,4113.0,0.0
5301350,Cle Elum-Roslyn School District,2021,848,12144000,17748000,14706000,14320.754716981131,cle elum roslyn,100046,19404,Cle Elum-Roslyn School District,0.8447705895482511,505.0,0.0
5301410,Clover Park School District,2021,12556,201209000,227184000,223330000,16024.928321121377,clover park,100047,27400,Clover Park School District,0.8620320140852091,10437.0,0.0
5301440,Colfax School District,2021,512,8216000,9468000,10928000,16046.875,colfax,100048,38300,Colfax School District,0.8657523802201408,66.0,0.0
5301470,College Place School District,2021,1610,21166000,27708000,24735000,13146.583850931676,college place,100049,36250,College Place School District,0.9299093612201352,576.0,0.0
5301500,Colton School District,2021,168,3257000,4269000,3962000,19386.904761904763,colton,100050,38306,Colton School District,,0.0,0.0
5301560,Columbia (Stevens) School District,2021,103,3024000,3260000,3068000,29359.223300970873,columbia stevens,100051,33206,Columbia (Stevens) School District,0.7357142857142858,0.0,0.0
5301590,Columbia (Walla Walla) School District,2021,734,12023000,13540000,12705000,16380.108991825613,columbia walla walla,100052,36400,Columbia (Walla Walla) School District,0.7841493754273418,348.0,0.0
5301630,Colville School District,2021,1575,22937000,24495000,23463000,14563.174603174602,colville,100053,33115,Colville School District,0.868329390884942,1325.0,0.0
5301660,Concrete School District,2021,506,9303000,10461000,9879000,18385.375494071148,concrete,100054,29011,Concrete School District,0.7819542507948251,62.0,0.0
5301680,Conway School District,2021,468,6193000,7515000,6740000,13232.905982905982,conway,100055,29317,Conway School District,,0.0,0.0
5301800,Coupeville School District,2021,985,15205000,18770000,16249000,15436.548223350253,coupeville,100058,15204,Coupeville School District,0.9509316770186285,66.0,0.0
5301830,Crescent School District,2021,328,5358000,5855000,6642000,16335.365853658537,crescent,100059,5313,Crescent School District,0.7775000000000001,0.0,0.0
5301860,Creston School District,2021,80,2387000,3084000,2576000,29837.5,creston,100060,22073,Creston School District,,0.0,0.0
5301890,Curlew School District,2021,288,4521000,4953000,4654000,15697.916666666666,curlew,100061,10050,Curlew School District,0.4085333498495269,288.0,0.0
5301920,Cusick School District,2021,282,5067000,5513000,5112000,17968.08510638298,cusick,100062,26059,Cusick School District,,0.0,0.0
5301980,Darrington School District,2021,415,6745000,7797000,7440000,16253.012048192772,darrington,100064,31330,Darrington School District,0.8078178493619611,155.0,0.0
5302010,Davenport School District,2021,550,8813000,10425000,9295000,16023.636363636364,davenport,100065,22207,Davenport School District,0.8766666666666666,0.0,0.0
5302040,Dayton School District,2021,405,6318000,7630000,7397000,15600.0,dayton,100066,7002,Dayton School District,0.73609375,25.0,0.0
5302070,Deer Park School District,2021,2561,32410000,39870000,41067000,12655.212807497071,deer park,100067,32414,Deer Park School District,0.9298076998753544,3000.0,0.0
5302280,East Valley School District (Spokane),2021,3737,59275000,68558000,63739000,15861.653732940862,east valley spokane,100070,32361,East Valley School District (Spokane),0.8133032465287777,4375.0,0.0
5302310,Eastmont School District,2021,6044,82937000,102089000,105684000,13722.203838517538,eastmont,100072,9206,Eastmont School District,0.8870030144734506,11120.0,0.0
5302340,Easton School District,2021,89,2818000,3121000,3239000,31662.921348314605,easton,100073,19028,Easton School District,,0.0,0.0
5302370,Eatonville School District,2021,1862,25953000,29984000,27894000,13938.238453276048,eatonville,100074,27404,Eatonville School District,0.9563461339607571,1081.0,0.0
5302400,Edmonds School District,2021,20851,332559000,409009000,360989000,15949.306987674452,edmonds,100075,31015,Edmonds School District,0.8479649448521306,35700.0,0.0
5302460,Ellensburg School District,2021,3199,45952000,56930000,89592000,14364.48890278212,ellensburg,100076,19401,Ellensburg School District,0.8819377179060448,4725.0,0.0
5302490,Elma School District,2021,1511,24846000,24734000,26605000,16443.41495698213,elma,100077,14068,Elma School District,0.9407682282228553,1638.0,0.0
5302550,Entiat School District,2021,333,5657000,6553000,9869000,16987.987987987988,entiat,100079,4127,Entiat School District,0.788421052631579,0.0,0.0
5302610,Ephrata School District,2021,2578,34412000,49447000,64824000,13348.332040341349,ephrata,100081,13165,Ephrata School District,0.8945298589643101,2606.0,0.0
5302670,Everett School District,2021,20226,326116000,396580000,359988000,16123.603282903194,everett,100083,31002,Everett School District,0.9347343861955426,25230.0,0.0
5302700,Evergreen School District (Clark),2021,23564,361903000,430469000,645715000,15358.300797827194,evergreen clark,100084,6114,Evergreen School District (Clark),0.9275004760134739,36597.0,0.0
5302820,Federal Way School District,2021,21765,342649000,438424000,534360000,15743.119687571789,federal way,100086,17210,Federal Way School District,0.8764677244202919,28646.0,0.0
5302850,Ferndale School District,2021,4349,64905000,77899000,86440000,14924.120487468383,ferndale,100087,37502,Ferndale School District,0.8343828997482653,6207.0,0.0
5302880,Fife School District,2021,3779,56895000,81963000,124346000,15055.570256681662,fife,100088,27417,Fife School District,0.93562411307557,4226.0,0.0
5302910,Finley School District,2021,875,14461000,14952000,14960000,16526.85714285714,finley,100089,3053,Finley School District,0.8562548728582,785.0,0.0
5302940,Franklin Pierce School District,2021,7595,122881000,139808000,176677000,16179.196840026332,franklin pierce,100090,27402,Franklin Pierce School District,0.8900314345863439,8699.0,0.0
5302970,Freeman School District,2021,869,11899000,14862000,13135000,13692.750287686997,freeman,100091,32358,Freeman School District,0.9282776580459687,171.0,0.0
5303000,Garfield School District,2021,117,2832000,3197000,3068000,24205.128205128207,garfield,100092,38302,Garfield School District,,0.0,0.0
5303030,Glenwood School District,2021,65,2222000,2412000,2371000,34184.61538461538,glenwood,100093,20401,Glenwood School District,,0.0,0.0
5303090,Goldendale School District,2021,2184,26149000,26942000,27004000,11972.985347985348,goldendale,100094,20404,Goldendale School District,0.9021998510069926,497.0,0.0
5303130,Grand Coulee Dam School District,2021,741,11691000,13144000,12296000,15777.327935222673,grand coulee dam,100095,13301,Grand Coulee Dam School District,0.9035335884031104,413.0,0.0
5303150,Grandview School District,2021,3635,53505000,62266000,61087000,14719.39477303989,grandview,100096,39200,Grandview School District,0.9116247506379214,4101.0,0.0
5303180,Granger School District,2021,1449,24314000,26664000,25964000,16779.84817115252,granger,100097,39204,Granger School District,0.8490895513401827,1466.0,0.0
5303210,Granite Falls School District,2021,2089,31032000,39760000,33459000,14854.954523695547,granite falls,100098,31332,Granite Falls School District,0.8327252784029431,2455.0,0.0
5303360,Harrington School District,2021,146,3428000,3447000,4986000,23479.45205479452,harrington,100103,22204,Harrington School District,,0.0,0.0
5303440,Coulee-Hartline School District,2021,180,3355000,4099000,3513000,18638.88888888889,coulee hartline,100057,13151,Coulee-Hartline School District,,0.0,0.0
5303510,Highland School District,2021,1103,16532000,17586000,16765000,14988.21396192203,highland,100104,39203,Highland School District,0.9071678949252074,1045.0,0.0
5303540,Highline School District,2021,18635,318407000,417330000,416003000,17086.503890528576,highline,100105,17401,Highline School District,0.8532567410397706,27709.0,0.0
5303570,Hockinson School District,2021,1841,24760000,29505000,27046000,13449.2123845736,hockinson,100106,6098,Hockinson School District,0.9525157516618359,2149.0,0.0
5303660,Hoquiam School District,2021,1578,22570000,31739000,33302000,14302.915082382762,hoquiam,100108,14028,Hoquiam School District,0.8579778678636564,1331.0,0.0
5303750,Issaquah School District,2021,20164,308058000,398536000,489193000,15277.623487403293,issaquah,100111,17411,Issaquah School District,0.9468514266562014,31687.0,0.0
5303780,Kahlotus School District,2021,37,2241000,2526000,2692000,60567.56756756757,kahlotus,100112,11056,Kahlotus School District,,0.0,0.0
5303810,Kalama School District,2021,1035,11262000,22239000,42413000,10881.159420289856,kalama,100113,8402,Kalama School District,0.8810783003991636,454.0,0.0
5303930,Kennewick School District,2021,18396,261949000,344895000,349038000,14239.454229180257,kennewick,100116,3017,Kennewick School District,0.6858945774505607,25422.0,0.0
5303960,Kent School District,2021,25720,407580000,472008000,513503000,15846.811819595645,kent,100117,17415,Kent School District,0.8787161248284117,32266.0,0.0
5303990,Kettle Falls School District,2021,1129,13738000,16394000,15075000,12168.29052258636,kettle falls,100118,33212,Kettle Falls School District,0.9174622881642578,176.0,0.0
5304020,Kiona-Benton City School District,2021,1385,20759000,21550000,21687000,14988.447653429603,kiona benton city,100119,3052,Kiona-Benton City School District,0.868922295035383,1613.0,0.0
5304050,Kittitas School District,2021,646,9054000,11407000,14253000,14015.47987616099,kittitas,100120,19403,Kittitas School District,0.6719816881546969,233.0,0.0
5304080,Klickitat School District,2021,73,2319000,2744000,2804000,31767.12328767123,klickitat,100121,20402,Klickitat School District,,0.0,0.0
5304110,La Conner School District,2021,636,12999000,14195000,13583000,20438.67924528302,la conner,100123,29311,La Conner School District,0.8176781467735735,235.0,0.0
5304150,LaCrosse School District,2021,87,2825000,3213000,3144000,32471.264367816093,lacrosse,100124,38126,LaCrosse School District,,0.0,0.0
5304170,La Center School District,2021,1575,20984000,27419000,59188000,13323.174603174602,la center,100122,6101,La Center School District,0.846949997033225,1781.0,0.0
5304200,Lake Stevens School District,2021,9078,129805000,163626000,160423000,14298.854373209959,lake stevens,100126,31004,Lake Stevens School District,0.9020168750877179,11456.0,0.0
5304230,Lake Washington School District,2021,30964,457698000,595795000,622979000,14781.61736209792,lake washington,100127,17414,Lake Washington School District,0.919889631041868,43581.0,0.0
5304260,Lakewood School District,2021,2495,35462000,41429000,41418000,14213.226452905812,lakewood,100128,31306,Lakewood School District,0.8603270787567887,2362.0,0.0
5304380,Liberty School District,2021,557,8443000,10016000,9164000,15157.989228007182,liberty,100130,32362,Liberty School District,0.93,0.0,0.0
5304410,Lind School District,2021,205,5052000,5638000,5267000,24643.90243902439,lind,100131,1158,Lind School District,0.6359999999999999,0.0,0.0
5304470,Longview School District,2021,6327,92552000,101935000,98445000,14628.101785996523,longview,100132,8122,Longview School District,0.8979485290557967,7272.0,0.0
5304530,Lopez School District,2021,245,5045000,6702000,5449000,20591.836734693876,lopez,100134,28144,Lopez School District,0.75,0.0,0.0
5304560,Riverview School District,2021,3105,47021000,58840000,52850000,15143.639291465379,riverview,100222,17407,Riverview School District,0.9002050350186281,3651.0,0.0
5304590,Lyle School District,2021,216,3578000,4610000,3997000,16564.814814814814,lyle,100135,20406,Lyle School District,0.6607041991824522,36.0,0.0
5304620,Lynden School District,2021,3278,50074000,55437000,55480000,15275.777913361806,lynden,100136,37504,Lynden School District,0.8621032164378646,3809.0,0.0
5304650,Mabton School District,2021,836,13079000,13727000,14848000,15644.736842105263,mabton,100137,39120,Mabton School District,0.8995789831083857,132.0,0.0
5304710,Mansfield School District,2021,98,2407000,2725000,2534000,24561.224489795917,mansfield,100138,9207,Mansfield School District,,0.0,0.0
5304740,Manson School District,2021,651,10277000,11280000,11567000,15786.482334869432,manson,100139,4019,Manson School District,0.8831402714931901,89.0,0.0
5304800,Mary M Knight School District,2021,2190,22775000,25536000,22890000,10399.543378995433,mary m knight,100140,23311,Mary M Knight School District,0.7877777777777778,0.0,0.0
5304830,Mary Walker School District,2021,435,6265000,7286000,6561000,14402.298850574713,mary walker,100141,33207,Mary Walker School District,0.8047119420845288,407.0,0.0
5304860,Marysville School District,2021,10322,165786000,190824000,178118000,16061.422204999031,marysville,100142,31025,Marysville School District,0.8253517000861011,12573.0,0.0
5304920,Mead School District,2021,10233,144301000,171632000,181565000,14101.53425193003,mead,100144,32354,Mead School District,0.9199140230697942,18801.0,0.0
5304950,Medical Lake School District,2021,1824,26490000,28899000,28075000,14523.026315789473,medical lake,100145,32326,Medical Lake School District,0.9191384283961022,1905.0,0.0
5304980,Mercer Island School District,2021,4192,68164000,81423000,73619000,16260.496183206107,mercer island,100146,17400,Mercer Island School District,0.9269347909557173,6750.0,0.0
5305010,Meridian School District,2021,1836,24572000,28095000,26018000,13383.442265795207,meridian,100147,37505,Meridian School District,0.84873210538864,1055.0,0.0
5305020,Methow Valley School District,2021,700,11271000,13081000,12407000,16101.42857142857,methow valley,100148,24350,Methow Valley School District,0.89032258064516,56.0,0.0
5305130,Monroe School District,2021,6221,89690000,101869000,96690000,14417.296254621444,monroe,100150,31103,Monroe School District,0.8728790836824618,7450.0,0.0
5305160,Montesano School District,2021,1403,19810000,20934000,20679000,14119.743406985031,montesano,100151,14066,Montesano School District,0.8763867573345023,730.0,0.0
5305190,Morton School District,2021,322,5727000,6400000,6174000,17785.714285714286,morton,100152,21214,Morton School District,0.811291767881236,87.0,0.0
5305220,Moses Lake School District,2021,8283,122250000,131678000,159055000,14759.145237232886,moses lake,100153,13161,Moses Lake School District,0.85169008111912,8944.0,0.0
5305250,Mossyrock School District,2021,546,8521000,10010000,9148000,15606.227106227107,mossyrock,100154,21206,Mossyrock School District,0.7797689212074053,89.0,0.0
5305280,Mount Adams School District,2021,857,15281000,39004000,34645000,17830.80513418903,mount adams,100155,39209,Mount Adams School District,0.6671878863251726,534.0,0.0
5305310,Mount Baker School District,2021,1729,30862000,34683000,33949000,17849.624060150374,mount baker,100156,37507,Mount Baker School District,0.740456759310944,1634.0,0.0
5305370,East Valley School District (Yakima),2021,3172,44718000,59871000,57446000,14097.730138713745,east valley yakima,100071,39090,East Valley School District (Yakima),0.8789153380925426,3622.0,0.0
5305400,Mount Vernon School District,2021,6595,111560000,131621000,129894000,16915.8453373768,mount vernon,100158,29320,Mount Vernon School District,0.819043637756837,9669.0,0.0
5305430,Mukilteo School District,2021,15260,265729000,288068000,302699000,17413.43381389253,mukilteo,100159,31006,Mukilteo School District,0.8853438550454,19432.0,0.0
5305460,Naches Valley School District,2021,1220,18079000,20816000,19983000,14818.852459016394,naches valley,100160,39003,Naches Valley School District,0.9113418132460849,760.0,0.0
5305490,Napavine School District,2021,790,10455000,11367000,11579000,13234.177215189873,napavine,100161,21014,Napavine School District,0.8555689655172299,75.0,0.0
5305520,Naselle-Grays River Valley School District,2021,366,6991000,7741000,7766000,19101.092896174865,naselle grays river valley,100162,25155,Naselle-Grays River Valley School District,0.8674999999999999,0.0,0.0
5305610,Newport School District,2021,960,15294000,16710000,15880000,15931.25,newport,100164,26056,Newport School District,0.8938350865955957,1839.0,0.0
5305640,Nine Mile Falls School District,2021,1340,19154000,20419000,19990000,14294.029850746268,nine mile falls,100165,32325,Nine Mile Falls School District,0.9270614322267849,982.0,0.0
5305670,Nooksack Valley School District,2021,1914,27860000,33596000,50819000,14555.903866248695,nooksack valley,100166,37506,Nooksack Valley School District,0.8644899688824377,1567.0,0.0
5305700,North Beach School District No. 64,2021,745,12344000,14385000,13245000,16569.127516778524,north beach,100167,14064,North Beach School District No. 64,0.8497625381690488,305.0,0.0
5305730,North Franklin School District,2021,2064,31379000,34687000,33797000,15203.003875968992,north franklin,100168,11051,North Franklin School District,0.9663585256453625,1871.0,0.0
5305760,North Kitsap School District,2021,5464,87547000,102295000,99939000,16022.510980966324,north kitsap,100169,18400,North Kitsap School District,0.8729640074907955,8527.0,0.0
5305790,North Mason School District,2021,2260,31843000,37274000,33401000,14089.823008849558,north mason,100170,23403,North Mason School District,0.7988718424968,3590.0,0.0
5305820,North River School District,2021,68,2419000,2359000,2477000,35573.529411764706,north river,100171,25200,North River School District,,0.0,0.0
5305850,North Thurston Public Schools,2021,14683,217221000,257790000,252049000,14794.04753796908,north thurston,100172,34003,North Thurston Public Schools,0.8993849193652291,20644.0,0.0
5305880,Northport School District,2021,240,4474000,4928000,4559000,18641.666666666668,northport,100173,33211,Northport School District,0.7749342105263125,15.0,0.0
5305910,Northshore School District,2021,23310,359255000,446182000,444210000,15412.054912054911,northshore,100174,17417,Northshore School District,0.939782162175339,28397.0,0.0
5305940,Oak Harbor School District,2021,5767,87985000,104601000,92993000,15256.632564591642,oak harbor,100175,15201,Oak Harbor School District,0.9233329992673869,5518.0,0.0
5305970,Oakesdale School District,2021,153,3249000,3883000,3569000,21235.29411764706,oakesdale,100176,38324,Oakesdale School District,,0.0,0.0
5306000,Oakville School District,2021,287,5341000,9640000,10083000,18609.756097560974,oakville,100177,14400,Oakville School District,0.7241666666666666,0.0,0.0
5306060,Ocean Beach School District,2021,1040,13377000,20436000,17778000,12862.5,ocean beach,100178,25101,Ocean Beach School District,0.7715438238631818,894.0,0.0
5306090,Ocosta School District,2021,619,10619000,14470000,11377000,17155.08885298869,ocosta,100179,14172,Ocosta School District,0.8060967249248912,397.0,0.0
5306120,Odessa School District,2021,225,4324000,4503000,4819000,19217.777777777777,odessa,100180,22105,Odessa School District,,0.0,0.0
5306150,Okanogan School District,2021,1107,15817000,18245000,17004000,14288.166214995483,okanogan,100181,24105,Okanogan School District,0.7020538628482375,1182.0,0.0
5306180,Olympia School District,2021,9492,142287000,172975000,176359000,14990.202275600506,olympia,100182,34111,Olympia School District,0.9144970794241103,14925.0,0.0
5306220,Omak School District,2021,8312,86117000,95302000,88348000,10360.563041385947,omak,100183,24019,Omak School District,0.8550368910980464,3951.0,0.0
5306240,Onalaska School District,2021,832,11824000,12298000,12622000,14211.538461538461,onalaska,100184,21300,Onalaska School District,,0.0,0.0
5306300,Orcas Island School District,2021,783,11977000,13779000,12902000,15296.296296296296,orcas island,100186,28137,Orcas Island School District,0.79375,0.0,0.0
5306330,Orchard Prairie School District,2021,80,1116000,1097000,1143000,13950.0,orchard prairie,100187,32123,Orchard Prairie School District,,0.0,0.0
5306420,Oroville School District,2021,536,8459000,9074000,9038000,15781.716417910447,oroville,100190,24410,Oroville School District,0.8348831168946721,179.0,0.0
5306450,Orting School District,2021,2454,35095000,41628000,36262000,14301.140994295029,orting,100191,27344,Orting School District,0.9356884462214589,2874.0,0.0
5306480,Othello School District,2021,4691,65294000,70498000,69136000,13918.993817949264,othello,100192,1147,Othello School District,0.8353167458236844,5672.0,0.0
5306540,Palouse School District,2021,177,3265000,3768000,3577000,18446.32768361582,palouse,100194,38301,Palouse School District,0.775,0.0,0.0
5306570,Pasco School District,2021,18614,269094000,309348000,299125000,14456.53808960997,pasco,100195,11001,Pasco School District,0.8202436481495959,27319.0,0.0
5306600,Pateros School District,2021,302,5489000,6103000,5625000,18175.49668874172,pateros,100196,24122,Pateros School District,0.29,3.0,0.0
5306660,Pe Ell School District,2021,265,5163000,5913000,5521000,19483.01886792453,pe ell,100198,21301,Pe Ell School District,,0.0,0.0
5306690,Peninsula School District,2021,8603,138815000,154130000,248437000,16135.65035452749,peninsula,100199,27401,Peninsula School District,0.8692689165521225,15245.0,0.0
5306780,Pomeroy School District,2021,361,5348000,6405000,5430000,14814.404432132964,pomeroy,100201,12110,Pomeroy School District,,0.0,0.0
5306820,Port Angeles School District,2021,3489,53407000,59541000,54530000,15307.251361421611,port angeles,100202,5121,Port Angeles School District,0.8101444380314627,4750.0,0.0
5306840,Port Townsend School District,2021,1138,18156000,22157000,21318000,15954.305799648506,port townsend,100203,16050,Port Townsend School District,0.8720558524438318,1282.0,0.0
5306870,Prescott School District,2021,253,4835000,5681000,5214000,19110.671936758892,prescott,100204,36402,Prescott School District,,0.0,0.0
5306900,Prosser School District,2021,2540,37208000,52178000,70784000,14648.818897637795,prosser,100205,3116,Prosser School District,0.8482448984944047,4511.0,0.0
5306930,Pullman School District,2021,2615,36535000,46582000,59812000,13971.31931166348,pullman,100206,38267,Pullman School District,0.9230900606009829,2432.0,0.0
5306960,Puyallup School District,2021,22398,318440000,380772000,414380000,14217.340834003036,puyallup,100207,27003,Puyallup School District,0.8629999766513259,36573.0,0.0
5306990,Quilcene School District,2021,634,8847000,9913000,9216000,13954.258675078865,quilcene,100209,16048,Quilcene School District,,0.0,0.0
5307020,Quillayute Valley School District,2021,3367,43762000,48138000,46114000,12997.326997326998,quillayute valley,100210,5402,Quillayute Valley School District,0.7730589739026055,785.0,0.0
5307050,Lake Quinault School District,2021,208,3222000,4921000,4340000,15490.384615384615,lake quinault,100211,14097,Lake Quinault School District,0.7514285714285714,0.0,0.0
5307080,Quincy School District,2021,3049,47163000,56753000,54100000,15468.350278779928,quincy,100212,13144,Quincy School District,0.8408252804585,4683.0,0.0
5307110,Rainier School District,2021,888,11593000,13575000,12706000,13055.18018018018,rainier,100213,34307,Rainier School District,0.90615321493764,180.0,0.0
5307140,Raymond School District,2021,567,9692000,9585000,10371000,17093.47442680776,raymond,100214,25116,Raymond School District,0.846828575252838,183.0,0.0
5307210,Reardan-Edwall School District,2021,700,9465000,10911000,10582000,13521.42857142857,reardan edwall,100215,22009,Reardan-Edwall School District,0.9033209739216388,54.0,0.0
5307230,Renton School District,2021,15584,253821000,321230000,309771000,16287.2818275154,renton,100216,17403,Renton School District,0.8329095213466741,23538.0,0.0
5307260,Republic School District,2021,408,5839000,6760000,6481000,14311.274509803921,republic,100217,10309,Republic School District,0.7933333333333333,17.0,0.0
5307320,Richland School District,2021,13596,197043000,233865000,235373000,14492.718446601943,richland,100218,3400,Richland School District,0.8982042663395794,20516.0,0.0
5307350,Ridgefield School District,2021,3383,40776000,62476000,48668000,12053.207212533254,ridgefield,100219,6122,Ridgefield School District,0.9111653607285866,3220.0,0.0
5307380,Ritzville School District,2021,346,5201000,6652000,5789000,15031.791907514451,ritzville,100220,1160,Ritzville School District,0.829055944055941,59.0,0.0
5307440,Riverside School District,2021,1468,20906000,22519000,22186000,14241.144414168937,riverside,100221,32416,Riverside School District,0.8413940142379283,1827.0,0.0
5307470,Rochester School District,2021,2171,31989000,34268000,33510000,14734.684477199447,rochester,100223,34401,Rochester School District,0.8396647970925638,2409.0,0.0
5307560,Rosalia School District,2021,184,3994000,4164000,4191000,21706.521739130436,rosalia,100225,38320,Rosalia School District,,0.0,0.0
5307620,Royal School District,2021,1770,26457000,28493000,41475000,14947.457627118643,royal,100226,13160,Royal School District,0.8667261373215146,2370.0,0.0
5307650,San Juan Island School District,2021,771,13045000,13889000,13475000,16919.58495460441,san juan island,100227,28149,San Juan Island School District,0.8823703584351801,381.0,0.0
5307710,Seattle School District No. 1,2021,53973,970715000,1302978000,1114357000,17985.19630185463,seattle,100229,17001,Seattle School District No. 1,0.8475420374150621,87576.0,0.0
5307740,Sedro-Woolley School District,2021,4356,70453000,77108000,73615000,16173.78328741965,sedro woolley,100230,29101,Sedro-Woolley School District,0.7490641388374933,5636.0,0.0
5307770,Selah School District,2021,3694,52582000,61873000,79579000,14234.434217650243,selah,100231,39119,Selah School District,0.8509088780140661,5540.0,0.0
5307800,Selkirk School District,2021,235,4961000,5747000,5052000,21110.63829787234,selkirk,100232,26070,Selkirk School District,,0.0,0.0
5307830,Sequim School District,2021,2529,41141000,41541000,42059000,16267.69474100435,sequim,100233,5323,Sequim School District,0.8121942016975678,3046.0,0.0
5307900,Shelton School District,2021,4366,66122000,77654000,75825000,15144.754924415942,shelton,100235,23309,Shelton School District,0.8163639736002312,8082.0,0.0
5307920,Shoreline School District,2021,9522,147346000,207557000,193813000,15474.270111321151,shoreline,100236,17412,Shoreline School District,0.900923730523978,12899.0,0.0
5307980,Skykomish School District,2021,54,2596000,2760000,2745000,48074.07407407407,skykomish,100238,17404,Skykomish School District,,0.0,0.0
5308020,Snohomish School District,2021,9421,140973000,180255000,158486000,14963.698121218555,snohomish,100239,31201,Snohomish School District,0.8835271777952985,15424.0,0.0
5308040,Snoqualmie Valley School District,2021,7000,104309000,143074000,131890000,14901.285714285714,snoqualmie valley,100240,17410,Snoqualmie Valley School District,0.9588196697921878,7528.0,0.0
5308070,Soap Lake School District,2021,546,8672000,8960000,8994000,15882.783882783882,soap lake,100241,13156,Soap Lake School District,0.8186577569717071,174.0,0.0
5308100,South Bend School District,2021,653,10072000,14541000,14563000,15424.196018376722,south bend,100242,25118,South Bend School District,0.9322727272727249,30.0,0.0
5308130,Tukwila School District,2021,2712,48777000,63615000,56993000,17985.619469026547,tukwila,100243,17406,Tukwila School District,0.8393480096448044,3850.0,0.0
5308160,South Kitsap School District,2021,10133,160673000,165890000,168423000,15856.409750320734,south kitsap,100244,18402,South Kitsap School District,0.8437951875148397,14350.0,0.0
5308190,South Whidbey School District,2021,1254,18560000,22750000,19395000,14800.637958532696,south whidbey,100245,15206,South Whidbey School District,0.9197126326046088,1323.0,0.0
5308250,Spokane School District,2021,28280,440565000,537181000,608874000,15578.677510608204,spokane,100247,32081,Spokane School District,0.8879458589117293,43986.0,0.0
5308280,Sprague School District,2021,79,2425000,2489000,2462000,30696.20253164557,sprague,100248,22008,Sprague School District,,0.0,0.0
5308310,St. John School District,2021,144,3149000,3709000,3726000,21868.055555555555,st john,100249,38322,St. John School District,0.76,0.0,0.0
5308340,Stanwood-Camano School District,2021,4624,72003000,93043000,109427000,15571.583044982699,stanwood camano,100250,31401,Stanwood-Camano School District,0.8996639617165306,4664.0,0.0
5308460,Steilacoom Hist. School District,2021,3133,48197000,61397000,52345000,15383.657835939994,steilacoom hist,100254,27001,Steilacoom Hist. School District,0.9399595147497245,3786.0,0.0
5308520,Stevenson-Carson School District,2021,842,14080000,14384000,14460000,16722.09026128266,stevenson carson,100256,30303,Stevenson-Carson School District,0.7864541903346608,709.0,0.0
5308550,Sultan School District,2021,1892,30439000,32830000,31810000,16088.266384778013,sultan,100257,31311,Sultan School District,0.8295473850624729,1689.0,0.0
5308670,Sunnyside School District,2021,6712,104324000,118351000,117820000,15542.908224076282,sunnyside,100260,39201,Sunnyside School District,0.8862458136116532,8532.0,0.0
5308700,Tacoma School District,2021,28688,456768000,565293000,576229000,15921.91857222532,tacoma,100261,27010,Tacoma School District,0.8932159395764999,36272.0,0.0
5308730,Taholah School District,2021,163,4692000,5252000,4906000,28785.276073619632,taholah,100262,14077,Taholah School District,0.794,0.0,0.0
5308760,Tahoma School District,2021,8765,126660000,154998000,145266000,14450.656018254422,tahoma,100263,17409,Tahoma School District,0.9165778721573642,11256.0,0.0
5308790,Tekoa School District,2021,190,4002000,4153000,4107000,21063.157894736843,tekoa,100264,38265,Tekoa School District,,0.0,0.0
5308820,Tenino School District,2021,1279,18121000,20737000,19289000,14168.100078186082,tenino,100265,34402,Tenino School District,0.8746990324832472,944.0,0.0
5308850,Thorp School District,2021,225,4329000,5081000,4724000,19240.0,thorp,100266,19400,Thorp School District,,0.0,0.0
5308910,Toledo School District,2021,789,11984000,22830000,26143000,15188.846641318125,toledo,100267,21237,Toledo School District,0.8995388432108322,622.0,0.0
5308940,Tonasket School District,2021,1132,16909000,17991000,18634000,14937.279151943463,tonasket,100268,24404,Tonasket School District,0.8789891048068,816.0,0.0
5308970,Toppenish School District,2021,4450,68282000,77721000,81940000,15344.269662921348,toppenish,100269,39202,Toppenish School District,0.8289152469522154,5209.0,0.0
5309000,Touchet School District,2021,212,4386000,5413000,5168000,20688.67924528302,touchet,100270,36300,Touchet School District,,0.0,0.0
5309030,Toutle Lake School District,2021,671,8614000,10740000,10521000,12837.555886736214,toutle lake,100271,8130,Toutle Lake School District,0.9023076923076924,0.0,0.0
5309060,Trout Lake School District,2021,190,3163000,3451000,3489000,16647.36842105263,trout lake,100272,20400,Trout Lake School District,,0.0,0.0
5309100,Tumwater School District,2021,6259,96511000,116284000,111813000,15419.555839590988,tumwater,100273,34033,Tumwater School District,0.9013437506995896,11051.0,0.0
5309180,University Place School District,2021,5661,81473000,91682000,89003000,14391.980215509628,university place,100275,27083,University Place School District,0.9325639207509271,7547.0,0.0
5309270,Vancouver School District,2021,21897,326346000,390415000,470104000,14903.685436361146,vancouver,100278,6037,Vancouver School District,0.8631229407607953,33334.0,0.0
5309300,Vashon Island School District,2021,1515,23590000,29060000,27467000,15570.957095709571,vashon island,100279,17402,Vashon Island School District,0.9249185803387674,2281.0,0.0
5309330,Wahkiakum School District,2021,485,7455000,7678000,7786000,15371.134020618556,wahkiakum,100280,35200,Wahkiakum School District,0.8971428571428529,40.0,0.0
5309360,Wahluke School District,2021,2523,38680000,41132000,40849000,15330.955212049148,wahluke,100281,13073,Wahluke School District,0.8677874505562175,1918.0,0.0
5309390,Waitsburg School District,2021,263,4196000,4683000,4733000,15954.372623574145,waitsburg,100282,36401,Waitsburg School District,,0.0,0.0
5309450,Walla Walla Public Schools,2021,5438,83475000,101474000,140072000,15350.31261493196,walla walla,100283,36140,Walla Walla Public Schools,0.9468791129067095,7048.0,0.0
5309480,Wapato School District,2021,3279,51921000,55296000,53685000,15834.400731930467,wapato,100284,39207,Wapato School District,0.8349862180002569,3165.0,0.0
5309510,Warden School District,2021,910,13922000,14036000,14471000,15298.901098901099,warden,100285,13146,Warden School District,0.8616891611036028,535.0,0.0
5309540,Washougal School District,2021,3001,46914000,53918000,51200000,15632.789070309896,washougal,100286,6112,Washougal School District,0.8818648539773338,3989.0,0.0
5309570,Washtucna School District,2021,61,2310000,5220000,5225000,37868.852459016394,washtucna,100287,1109,Washtucna School District,,0.0,0.0
5309600,Waterville School District,2021,268,4805000,5468000,5508000,17929.10447761194,waterville,100288,9209,Waterville School District,,0.0,0.0
5309630,Wellpinit School District #49,2021,443,10416000,11092000,10434000,23512.415349887135,wellpinit,100289,33049,Wellpinit School District #49,0.79472727272727,8.0,0.0
5309660,Wenatchee School District,2021,7325,115064000,124959000,122823000,15708.39590443686,wenatchee,100290,4246,Wenatchee School District,0.8803406334163542,12180.0,0.0
5309690,West Valley School District (Spokane),2021,3439,49646000,56765000,53453000,14436.173306193661,west valley spokane,100291,32363,West Valley School District (Spokane),0.9638163575554818,280.0,0.0
5309720,West Valley School District (Yakima),2021,5313,72882000,90077000,115160000,13717.673630717109,west valley yakima,100292,39208,West Valley School District (Yakima),0.7557244062940423,6486.0,0.0
5309750,White Pass School District,2021,351,7152000,8835000,7707000,20376.068376068375,white pass,100293,21303,White Pass School District,0.736583373970365,93.0,0.0
5309780,White River School District,2021,4002,53815000,79211000,73232000,13447.026486756622,white river,100294,27416,White River School District,0.9458071944168959,4661.0,0.0
5309810,White Salmon Valley School District,2021,1168,15329000,18377000,21121000,13124.143835616438,white salmon valley,100295,20405,White Salmon Valley School District,0.8915996335069957,1123.0,0.0
5309840,Wilbur School District,2021,220,4027000,4478000,4144000,18304.545454545456,wilbur,100296,22200,Wilbur School District,,0.0,0.0
5309870,Willapa Valley School District,2021,384,6668000,6580000,7741000,17364.583333333332,willapa valley,100297,25160,Willapa Valley School District,0.9040384615384617,13.0,0.0
5309900,Wilson Creek School District,2021,147,3349000,3365000,3367000,22782.312925170067,wilson creek,100298,13167,Wilson Creek School District,,0.0,0.0
5309930,Winlock School District,2021,694,10540000,12275000,11698000,15187.319884726225,winlock,100299,21232,Winlock School District,0.889601840647432,231.0,0.0
5309990,Wishkah Valley School District,2021,146,3945000,4516000,4308000,27020.54794520548,wishkah valley,100300,14117,Wishkah Valley School District,,0.0,0.0
5310020,Wishram School District,2021,63,2152000,5584000,5462000,34158.730158730155,wishram,100301,20094,Wishram School District,,0.0,0.0
5310050,Woodland School District,2021,2415,38743000,44891000,43658000,16042.650103519669,woodland,100302,8404,Woodland School District,0.8248748391794217,3485.0,0.0
5310110,Yakima School District,2021,15858,238270000,254444000,245925000,15025.223861773238,yakima,100303,39007,Yakima School District,0.7858610498598756,22066.0,0.0
5310140,Yelm School District,2021,5416,80369000,97709000,137482000,14839.180206794683,yelm,100304,34002,Yelm School District,0.8427964411212697,6018.0,0.0
5310170,Zillah School District,2021,1274,16841000,20275000,18913000,13218.995290423862,zillah,100305,39205,Zillah School District,0.9267196221753836,759.0,0.0
5300001,Enumclaw School District,2022,4242,67772000,76974000,83869000,15976.426214049976,enumclaw,100080,17216,Enumclaw School District,0.8635469204290016,5391.0,6067.0
5300002,Inchelium School District,2022,230,5476000,5997000,5629000,23808.695652173912,inchelium,100109,10070,Inchelium School District,0.5866666666666666,9.0,15.0
5300003,Kelso School District,2022,4793,76424000,102068000,112210000,15944.91967452535,kelso,100115,8458,Kelso School District,0.896413388716519,4563.0,5001.0
5300014,Bates Technical College,2022,405,-1,-1,-1,-0.0024691358024691358,bates technical college,104220,27931,Bates Technical College,0.07072713475755238,133.0,1900.0
5300030,Aberdeen School District,2022,3262,55270000,61795000,62215000,16943.592887798895,aberdeen,100010,14005,Aberdeen School District,0.7973253374329151,4043.0,4858.0
5300060,Adna School District,2022,620,9598000,10505000,11022000,15480.645161290322,adna,100011,21226,Adna School District,0.9199999999999999,0.0,0.0
5300150,Anacortes School District,2022,2551,46374000,52385000,50989000,18178.753430027442,anacortes,100013,29103,Anacortes School District,0.8971028272870499,3550.0,3803.0
5300240,Arlington School District,2022,5397,89922000,96536000,104194000,16661.47859922179,arlington,100014,31016,Arlington School District,0.8490304312276769,7628.0,8674.0
5300280,Asotin-Anatone School District,2022,607,9839000,10632000,10573000,16209.225700164745,asotin anatone,100015,2420,Asotin-Anatone School District,0.8975,0.0,0.0
5300300,Auburn School District,2022,17345,294793000,385377000,449259000,16995.84894782358,auburn,100016,17408,Auburn School District,0.8608031416164036,21979.0,24861.0
5300325,Renton Technical College,2022,91,-1,-1,-1,-0.01098901098901099,renton technical college,104305,17941,Renton Technical College,,0.0,0.0
5300328,Suquamish Tribal Education Department,2022,84,2028000,2804000,2252000,24142.85714285714,suquamish tribal education department,105768,18902,Suquamish Tribal Education Department,,0.0,0.0
5300330,Bainbridge Island School District,2022,3638,59018000,76130000,70840000,16222.649807586586,bainbridge island,100017,18303,Bainbridge Island School District,0.9434453115725684,6156.0,6414.0
5300333,Summit Public School: Olympus,2022,179,3712000,3879000,3791000,20737.430167597766,summit public school olympus,105809,27905,Summit Public School: Olympus,0.821672720083505,179.0,223.0
5300334,Summit Public School: Sierra,2022,296,5109000,5378000,5426000,17260.135135135137,summit public school sierra,105808,17902,Summit Public School: Sierra,0.950088151503594,455.0,481.0
5300339,PRIDE Prep Charter School District,2022,639,8222000,9910000,17083000,12866.97965571205,pride prep charter,105675,32907,PRIDE Prep Charter School District,0.9181916951579333,218.0,234.0
5300342,Rainier Valley Leadership Academy,2022,160,4410000,5121000,5095000,27562.5,rainier valley leadership academy,106046,17910,Rainier Valley Leadership Academy,,0.0,0.0
5300343,Summit Public School: Atlas,2022,461,8355000,8741000,8684000,18123.644251626898,summit public school atlas,106018,17905,Summit Public School: Atlas,0.8699708599014055,119.0,139.0
5300351,Intergenerational High School,2022,48,2157000,2675000,2452000,44937.5,intergenerational high school,106256,37902,Intergenerational High School,,0.0,0.0
5300380,Battle Ground School District,2022,11745,184171000,203734000,193632000,15680.800340570455,battle ground,100018,6119,Battle Ground School District,0.79095599519504,20162.0,24608.0
5300390,Bellevue School District,2022,19510,348442000,485553000,463420000,17859.661711942594,bellevue,100019,17405,Bellevue School District,0.9185318108302051,37890.0,39833.0
5300420,Bellingham School District,2022,11439,192196000,238648000,266552000,16801.818340764054,bellingham,100020,37501,Bellingham School District,0.852501466573748,18373.0,20737.0
5300480,Bethel School District,2022,20669,314074000,382978000,391215000,15195.413421065363,bethel,100022,27403,Bethel School District,0.8721245398457048,22322.0,24966.0
5300510,Bickleton School District,2022,114,2616000,2826000,3114000,22947.36842105263,bickleton,100023,20203,Bickleton School District,,0.0,0.0
5300570,Blaine School District,2022,2145,37590000,48226000,41291000,17524.475524475525,blaine,100024,37503,Blaine School District,0.9103907681336787,2299.0,2494.0
5300660,Bremerton School District,2022,4404,88254000,97375000,95429000,20039.509536784743,bremerton,100026,18100,Bremerton School District,0.6723570588336244,5907.0,8512.0
5300690,Brewster School District,2022,970,15131000,30720000,29382000,15598.969072164948,brewster,100027,24111,Brewster School District,0.849081444467688,689.0,790.0
5300720,Bridgeport School District,2022,797,12088000,13230000,12958000,15166.875784190715,bridgeport,100028,9075,Bridgeport School District,0.8071866727330288,410.0,501.0
5300780,Burlington-Edison School District,2022,3312,63543000,66700000,67068000,19185.6884057971,burlington edison,100030,29100,Burlington-Edison School District,0.8837900579836,5107.0,5658.0
5300810,Camas School District,2022,7225,106553000,128222000,120884000,14747.820069204152,camas,100031,6117,Camas School District,0.9023552448104001,10445.0,11199.0
5300840,Cape Flattery School District,2022,499,13290000,14103000,13992000,26633.266533066133,cape flattery,100032,5401,Cape Flattery School District,0.85625,0.0,0.0
5300950,Cascade School District,2022,1256,21636000,26774000,25617000,17226.114649681527,cascade,100034,4228,Cascade School District,0.9280455689220027,1008.0,1076.0
5300960,CASHMERE SCHOOL DISTRICT,2022,1622,23961000,26681000,25861000,14772.503082614057,cashmere,100035,4222,CASHMERE SCHOOL DISTRICT,0.9313505603582417,734.0,785.0
5300990,Castle Rock School District,2022,1370,20390000,21232000,22166000,14883.211678832116,castle rock,100036,8401,Castle Rock School District,0.8332379207386792,1438.0,1699.0
5301080,Central Kitsap School District,2022,11274,182674000,224603000,223286000,16203.122228135533,central kitsap,100038,18401,Central Kitsap School District,0.8772667507120336,18875.0,21070.0
5301110,Central Valley School District,2022,14592,224417000,253472000,256321000,15379.454495614034,central valley,100039,32356,Central Valley School District,0.7493178586620013,16595.0,21215.0
5301140,Centralia School District,2022,3274,51656000,61123000,57669000,15777.642028100183,centralia,100040,21401,Centralia School District,0.8167053042173261,4510.0,5324.0
5301170,Chehalis School District,2022,2986,48707000,55146000,54847000,16311.78834561286,chehalis,100041,21302,Chehalis School District,0.8601517251374468,3360.0,3729.0
5301200,Lake Chelan School District,2022,1289,22327000,22591000,23625000,17321.179208688907,lake chelan,100125,4129,Lake Chelan School District,0.9658798075371263,1061.0,1099.0
5301230,Cheney School District,2022,5358,76480000,91157000,85411000,14273.98282941396,cheney,100042,32360,Cheney School District,0.9181230142936758,5359.0,5678.0
5301260,Chewelah School District,2022,748,12443000,13791000,13625000,16635.026737967914,chewelah,100043,33036,Chewelah School District,0.9009253798184714,210.0,239.0
5301290,Chimacum School District,2022,715,13948000,15836000,15029000,19507.69230769231,chimacum,100044,16049,Chimacum School District,0.8009006417743778,617.0,774.0
5301320,Clarkston School District,2022,2474,37657000,41700000,41679000,15221.099434114794,clarkston,100045,2250,Clarkston School District,0.7768220203563897,3639.0,4539.0
5301350,Cle Elum-Roslyn School District,2022,922,14631000,17876000,16426000,15868.763557483731,cle elum roslyn,100046,19404,Cle Elum-Roslyn School District,0.8412444910304436,528.0,608.0
5301410,Clover Park School District,2022,12629,219442000,244199000,239373000,17376.03927468525,clover park,100047,27400,Clover Park School District,0.8845378356205397,9517.0,10541.0
5301440,Colfax School District,2022,526,8296000,9732000,9789000,15771.863117870722,colfax,100048,38300,Colfax School District,0.8541554391554325,100.0,118.0
5301470,College Place School District,2022,1570,23248000,29229000,26609000,14807.64331210191,college place,100049,36250,College Place School District,0.930128137981323,387.0,414.0
5301500,Colton School District,2022,163,3649000,4457000,4221000,22386.503067484664,colton,100050,38306,Colton School District,,0.0,0.0
5301560,Columbia (Stevens) School District,2022,102,2980000,3510000,3169000,29215.686274509804,columbia stevens,100051,33206,Columbia (Stevens) School District,,0.0,0.0
5301590,Columbia (Walla Walla) School District,2022,705,12539000,14064000,13337000,17785.81560283688,columbia walla walla,100052,36400,Columbia (Walla Walla) School District,0.8094392658631355,247.0,316.0
5301630,Colville School District,2022,1647,23529000,26752000,24541000,14285.974499089254,colville,100053,33115,Colville School District,0.8696023343983057,1532.0,1711.0
5301660,Concrete School District,2022,489,10512000,11712000,11692000,21496.932515337423,concrete,100054,29011,Concrete School District,0.7952941176470588,17.0,20.0
5301680,Conway School District,2022,453,6905000,8196000,7696000,15242.825607064018,conway,100055,29317,Conway School District,,0.0,0.0
5301800,Coupeville School District,2022,961,18566000,20461000,20477000,19319.45889698231,coupeville,100058,15204,Coupeville School District,0.882284813860125,375.0,410.0
5301830,Crescent School District,2022,306,5914000,6311000,6296000,19326.797385620914,crescent,100059,5313,Crescent School District,0.78,0.0,0.0
5301860,Creston School District,2022,86,2653000,3293000,3008000,30848.837209302324,creston,100060,22073,Creston School District,,0.0,0.0
5301890,Curlew School District,2022,261,4977000,5037000,5698000,19068.96551724138,curlew,100061,10050,Curlew School District,0.5251203815335457,170.0,345.0
5301920,Cusick School District,2022,320,5975000,6691000,6075000,18671.875,cusick,100062,26059,Cusick School District,0.7683333333333334,0.0,0.0
5301980,Darrington School District,2022,428,8257000,8480000,8825000,19292.056074766355,darrington,100064,31330,Darrington School District,0.859792127377258,91.0,105.0
5302010,Davenport School District,2022,587,10123000,11057000,10942000,17245.315161839862,davenport,100065,22207,Davenport School District,0.88,0.0,0.0
5302040,Dayton School District,2022,379,7098000,7937000,8166000,18728.232189973616,dayton,100066,7002,Dayton School District,0.7815625,27.0,36.0
5302070,Deer Park School District,2022,2604,35620000,42569000,41755000,13678.955453149001,deer park,100067,32414,Deer Park School District,0.93253356949975,3969.0,4222.0
5302280,East Valley School District (Spokane),2022,3666,59394000,67644000,67057000,16201.309328968904,east valley spokane,100070,32361,East Valley School District (Spokane),0.8355006710466442,3749.0,4410.0
5302310,Eastmont School District,2022,5964,92797000,100750000,101921000,15559.52380952381,eastmont,100072,9206,Eastmont School District,0.9079357777899328,10880.0,11739.0
5302340,Easton School District,2022,84,2776000,3263000,2993000,33047.619047619046,easton,100073,19028,Easton School District,,0.0,0.0
5302370,Eatonville School District,2022,1939,27983000,32508000,30803000,14431.665807117071,eatonville,100074,27404,Eatonville School District,0.9428377559436143,439.0,462.0
5302400,Edmonds School District,2022,20343,359452000,422986000,431708000,17669.566927198546,edmonds,100075,31015,Edmonds School District,0.8477474423225264,34117.0,39164.0
5302460,Ellensburg School District,2022,3273,48266000,73655000,78895000,14746.71555148182,ellensburg,100076,19401,Ellensburg School District,0.8768541177456509,4959.0,5444.0
5302490,Elma School District,2022,1569,25283000,26861000,28008000,16114.08540471638,elma,100077,14068,Elma School District,0.95334063050475,640.0,667.0
5302550,Entiat School District,2022,333,6393000,7289000,7709000,19198.1981981982,entiat,100079,4127,Entiat School District,0.7871428571428571,0.0,0.0
5302610,Ephrata School District,2022,2701,37463000,55455000,58658000,13870.048130322102,ephrata,100081,13165,Ephrata School District,0.896080447339831,1752.0,1900.0
5302670,Everett School District,2022,20258,361530000,398691000,389034000,17846.2829499457,everett,100083,31002,Everett School District,0.9364825053141819,23645.0,24700.0
5302700,Evergreen School District (Clark),2022,22847,397849000,485005000,640810000,17413.621044338426,evergreen clark,100084,6114,Evergreen School District (Clark),0.9212766788076803,30964.0,32949.0
5302820,Federal Way School District,2022,21136,361885000,462959000,463149000,17121.735427706284,federal way,100086,17210,Federal Way School District,0.8737397779433149,30291.0,34295.0
5302850,Ferndale School District,2022,4398,79079000,85928000,148171000,17980.67303319691,ferndale,100087,37502,Ferndale School District,0.8307323149550625,5516.0,6426.0
5302880,Fife School District,2022,3792,63631000,82789000,112915000,16780.32700421941,fife,100088,27417,Fife School District,0.9168709952221088,4421.0,4718.0
5302910,Finley School District,2022,880,14548000,15424000,15547000,16531.81818181818,finley,100089,3053,Finley School District,0.869526586383924,981.0,1120.0
5302940,Franklin Pierce School District,2022,7544,130878000,144245000,159000000,17348.62142099682,franklin pierce,100090,27402,Franklin Pierce School District,0.8801171912456209,9106.0,10193.0
5302970,Freeman School District,2022,880,13021000,15942000,15249000,14796.59090909091,freeman,100091,32358,Freeman School District,0.9238085149313857,172.0,182.0
5303000,Garfield School District,2022,121,3277000,3499000,3764000,27082.644628099173,garfield,100092,38302,Garfield School District,,0.0,0.0
5303030,Glenwood School District,2022,52,2510000,2391000,2735000,48269.230769230766,glenwood,100093,20401,Glenwood School District,,0.0,0.0
5303090,Goldendale School District,2022,2279,28644000,31223000,45037000,12568.670469504168,goldendale,100094,20404,Goldendale School District,0.9040332819130711,360.0,404.0
5303130,Grand Coulee Dam School District,2022,725,12550000,13362000,13096000,17310.344827586207,grand coulee dam,100095,13301,Grand Coulee Dam School District,0.8721641040773607,538.0,614.0
5303150,Grandview School District,2022,3659,57846000,62936000,62800000,15809.237496583766,grandview,100096,39200,Grandview School District,0.8989876671100896,4408.0,4751.0
5303180,Granger School District,2022,1488,28928000,31649000,31999000,19440.860215053763,granger,100097,39204,Granger School District,0.8451606891347204,1383.0,1592.0
5303210,Granite Falls School District,2022,2201,36229000,43741000,39212000,16460.245343025897,granite falls,100098,31332,Granite Falls School District,0.8167288304915433,2546.0,3077.0
5303360,Harrington School District,2022,113,3691000,3704000,3800000,32663.716814159292,harrington,100103,22204,Harrington School District,,0.0,0.0
5303440,Coulee-Hartline School District,2022,183,3929000,4254000,4278000,21469.945355191256,coulee hartline,100057,13151,Coulee-Hartline School District,,0.0,0.0
5303510,Highland School District,2022,1100,17515000,19115000,18399000,15922.727272727272,highland,100104,39203,Highland School District,0.8566940535820052,625.0,707.0
5303540,Highline School District,2022,18485,352631000,458287000,410368000,19076.602650797944,highline,100105,17401,Highline School District,0.8560214624201035,25590.0,29233.0
5303570,Hockinson School District,2022,1938,26555000,32523000,29649000,13702.270381836945,hockinson,100106,6098,Hockinson School District,0.9603367171989703,1239.0,1278.0
5303660,Hoquiam School District,2022,1614,27353000,30144000,31692000,16947.335811648078,hoquiam,100108,14028,Hoquiam School District,0.8478810695915961,1501.0,1724.0
5303750,Issaquah School District,2022,19590,323763000,410592000,439270000,16526.95252679939,issaquah,100111,17411,Issaquah School District,0.9461444361046311,36764.0,37952.0
5303780,Kahlotus School District,2022,36,2317000,2485000,2473000,64361.11111111111,kahlotus,100112,11056,Kahlotus School District,,0.0,0.0
5303810,Kalama School District,2022,1096,12872000,20033000,21227000,11744.525547445255,kalama,100113,8402,Kalama School District,0.8485719099240518,636.0,737.0
5303930,Kennewick School District,2022,18714,278214000,332487000,310302000,14866.62391792241,kennewick,100116,3017,Kennewick School District,0.8277539189766366,24884.0,30171.0
5303960,Kent School District,2022,24910,440370000,523189000,492726000,17678.442392613408,kent,100117,17415,Kent School District,0.886177461713106,35597.0,39213.0
5303990,Kettle Falls School District,2022,1107,14941000,16909000,17488000,13496.83830171635,kettle falls,100118,33212,Kettle Falls School District,0.9191666625390822,183.0,202.0
5304020,Kiona-Benton City School District,2022,1417,22253000,23730000,23602000,15704.304869442483,kiona benton city,100119,3052,Kiona-Benton City School District,0.8496486140303607,1523.0,1778.0
5304050,Kittitas School District,2022,603,9747000,11501000,19962000,16164.179104477613,kittitas,100120,19403,Kittitas School District,0.8963944676199529,199.0,224.0
5304080,Klickitat School District,2022,91,2478000,2996000,2727000,27230.76923076923,klickitat,100121,20402,Klickitat School District,,0.0,0.0
5304110,La Conner School District,2022,563,15045000,16922000,16898000,26722.91296625222,la conner,100123,29311,La Conner School District,0.8342328456983586,176.0,203.0
5304150,LaCrosse School District,2022,57,3039000,3568000,4176000,53315.78947368421,lacrosse,100124,38126,LaCrosse School District,,0.0,0.0
5304170,La Center School District,2022,1703,23017000,28704000,29953000,13515.56077510276,la center,100122,6101,La Center School District,0.8150316630227962,1561.0,1842.0
5304200,Lake Stevens School District,2022,9551,145633000,173745000,172763000,15247.932153701184,lake stevens,100126,31004,Lake Stevens School District,0.892924925208969,10134.0,11096.0
5304230,Lake Washington School District,2022,30730,499960000,634054000,613135000,16269.443540514156,lake washington,100127,17414,Lake Washington School District,0.9272294620353115,42146.0,44058.0
5304260,Lakewood School District,2022,2644,40338000,44882000,47008000,15256.42965204236,lakewood,100128,31306,Lakewood School District,0.8507450869490698,3229.0,3671.0
5304380,Liberty School District,2022,583,8780000,10850000,9542000,15060.034305317324,liberty,100130,32362,Liberty School District,,0.0,0.0
5304410,Lind School District,2022,201,5642000,6061000,5940000,28069.65174129353,lind,100131,1158,Lind School District,0.6359999999999999,0.0,0.0
5304470,Longview School District,2022,6294,98671000,110850000,108368000,15676.993962503971,longview,100132,8122,Longview School District,0.8865176102691759,5341.0,5888.0
5304530,Lopez School District,2022,249,6262000,7086000,6704000,25148.59437751004,lopez,100134,28144,Lopez School District,0.75,0.0,0.0
5304560,Riverview School District,2022,3062,51056000,59733000,59812000,16674.0692357936,riverview,100222,17407,Riverview School District,0.9139101937298842,4042.0,4243.0
5304590,Lyle School District,2022,222,4015000,6294000,4632000,18085.585585585584,lyle,100135,20406,Lyle School District,0.7062331718624565,37.0,51.0
5304620,Lynden School District,2022,3425,52872000,56738000,57606000,15437.080291970802,lynden,100136,37504,Lynden School District,0.8613058092526793,4715.0,5255.0
5304650,Mabton School District,2022,814,14403000,14264000,15692000,17694.103194103194,mabton,100137,39120,Mabton School District,0.928864809081521,75.0,82.0
5304710,Mansfield School District,2022,98,2798000,3784000,3957000,28551.020408163266,mansfield,100138,9207,Mansfield School District,,0.0,0.0
5304740,Manson School District,2022,606,10916000,12950000,14566000,18013.20132013201,manson,100139,4019,Manson School District,0.8864911559029001,89.0,103.0
5304800,Mary M Knight School District,2022,1576,17412000,21351000,31845000,11048.223350253807,mary m knight,100140,23311,Mary M Knight School District,0.78,0.0,0.0
5304830,Mary Walker School District,2022,471,6440000,7692000,6724000,13673.036093418259,mary walker,100141,33207,Mary Walker School District,0.7835472166931591,362.0,454.0
5304860,Marysville School District,2022,10014,185799000,208824000,203062000,18553.92450569203,marysville,100142,31025,Marysville School District,0.83946622566048,12684.0,14766.0
5304920,Mead School District,2022,10141,150395000,164810000,171374000,14830.391480130165,mead,100144,32354,Mead School District,0.9101753851190666,18369.0,19583.0
5304950,Medical Lake School District,2022,1871,27790000,31059000,30375000,14853.019775521112,medical lake,100145,32326,Medical Lake School District,0.9390876209753537,1790.0,1886.0
5304980,Mercer Island School District,2022,4065,70859000,84236000,85971000,17431.48831488315,mercer island,100146,17400,Mercer Island School District,0.9293027268403667,6714.0,7095.0
5305010,Meridian School District,2022,1775,27778000,31289000,30842000,15649.577464788732,meridian,100147,37505,Meridian School District,0.8484347430373924,1105.0,1248.0
5305020,Methow Valley School District,2022,745,12548000,14584000,16032000,16842.953020134228,methow valley,100148,24350,Methow Valley School District,0.9215821812595929,91.0,98.0
5305130,Monroe School District,2022,6041,97952000,104668000,111458000,16214.534017546765,monroe,100150,31103,Monroe School District,0.8888557459252319,7150.0,7859.0
5305160,Montesano School District,2022,1389,21794000,23599000,24077000,15690.42476601872,montesano,100151,14066,Montesano School District,0.8767705390604421,1292.0,1424.0
5305190,Morton School District,2022,398,7160000,7925000,8077000,17989.94974874372,morton,100152,21214,Morton School District,0.8676658526658424,173.0,205.0
5305220,Moses Lake School District,2022,8578,134166000,140459000,188736000,15640.708789927721,moses lake,100153,13161,Moses Lake School District,0.848826146270216,10442.0,12026.0
5305250,Mossyrock School District,2022,576,8883000,10188000,11123000,15421.875,mossyrock,100154,21206,Mossyrock School District,0.9118065415821438,56.0,63.0
5305280,Mount Adams School District,2022,-9,17301000,23630000,22491000,-1922333.3333333333,mount adams,100155,39209,Mount Adams School District,0.6675213634001792,538.0,809.0
5305310,Mount Baker School District,2022,1694,33680000,36501000,38414000,19881.936245572608,mount baker,100156,37507,Mount Baker School District,0.7571437151180517,2197.0,2892.0
5305370,East Valley School District (Yakima),2022,3271,49451000,59032000,57653000,15118.006725771935,east valley yakima,100071,39090,East Valley School District (Yakima),0.8891256878670871,3327.0,3656.0
5305400,Mount Vernon School District,2022,6661,125759000,138407000,167093000,18879.897913226243,mount vernon,100158,29320,Mount Vernon School District,0.8321606191064417,8746.0,10343.0
5305430,Mukilteo School District,2022,15006,292124000,314629000,351541000,19467.146474743437,mukilteo,100159,31006,Mukilteo School District,0.8752876385403494,20703.0,23221.0
5305460,Naches Valley School District,2022,1221,20005000,23762000,22981000,16384.111384111384,naches valley,100160,39003,Naches Valley School District,0.9182432441901242,589.0,640.0
5305490,Napavine School District,2022,767,11214000,12264000,12900000,14620.599739243808,napavine,100161,21014,Napavine School District,0.8977756068138053,149.0,169.0
5305520,Naselle-Grays River Valley School District,2022,350,7097000,7750000,7993000,20277.14285714286,naselle grays river valley,100162,25155,Naselle-Grays River Valley School District,0.8674999999999999,0.0,0.0
5305610,Newport School District,2022,1010,17748000,18645000,18663000,17572.27722772277,newport,100164,26056,Newport School District,0.8668869839389199,1630.0,1847.0
5305640,Nine Mile Falls School District,2022,1416,21630000,24860000,23819000,15275.42372881356,nine mile falls,100165,32325,Nine Mile Falls School District,0.9105510788472815,1040.0,1130.0
5305670,Nooksack Valley School District,2022,1878,31764000,44123000,52734000,16913.73801916933,nooksack valley,100166,37506,Nooksack Valley School District,0.8693609411748666,1687.0,1856.0
5305700,North Beach School District No. 64,2022,757,13901000,15925000,14984000,18363.27608982827,north beach,100167,14064,North Beach School District No. 64,0.8199541146854927,317.0,390.0
5305730,North Franklin School District,2022,2071,33249000,36689000,36186000,16054.563013037181,north franklin,100168,11051,North Franklin School District,0.9603746915189098,2330.0,2424.0
5305760,North Kitsap School District,2022,5458,97274000,105426000,115039000,17822.279223158665,north kitsap,100169,18400,North Kitsap School District,0.8706464768068851,6361.0,7055.0
5305790,North Mason School District,2022,2302,36588000,39702000,38826000,15894.005212858385,north mason,100170,23403,North Mason School District,0.7948168252617657,3627.0,4363.0
5305820,North River School District,2022,93,2280000,2428000,2353000,24516.129032258064,north river,100171,25200,North River School District,,0.0,0.0
5305850,North Thurston Public Schools,2022,15028,238249000,283690000,295287000,15853.67314346553,north thurston,100172,34003,North Thurston Public Schools,0.8993144273200329,18523.0,20337.0
5305880,Northport School District,2022,255,5037000,5783000,5363000,19752.941176470587,northport,100173,33211,Northport School District,,0.0,0.0
5305910,Northshore School District,2022,22608,391483000,467824000,471695000,17316.12703467799,northshore,100174,17417,Northshore School District,0.9389652956472782,22708.0,23690.0
5305940,Oak Harbor School District,2022,5707,102305000,110052000,107706000,17926.23094445418,oak harbor,100175,15201,Oak Harbor School District,0.9022937456359442,7514.0,8104.0
5305970,Oakesdale School District,2022,154,3505000,4087000,3840000,22759.74025974026,oakesdale,100176,38324,Oakesdale School District,,0.0,0.0
5306000,Oakville School District,2022,335,5643000,14404000,16811000,16844.776119402984,oakville,100177,14400,Oakville School District,0.8057142857142858,16.0,20.0
5306060,Ocean Beach School District,2022,1056,16604000,22895000,20611000,15723.484848484848,ocean beach,100178,25101,Ocean Beach School District,0.7953803583679855,1110.0,1367.0
5306090,Ocosta School District,2022,606,10841000,14879000,12425000,17889.43894389439,ocosta,100179,14172,Ocosta School District,0.7777382676624217,276.0,343.0
5306120,Odessa School District,2022,238,4939000,5092000,5174000,20752.100840336134,odessa,100180,22105,Odessa School District,,0.0,0.0
5306150,Okanogan School District,2022,1042,18105000,20608000,20935000,17375.23992322457,okanogan,100181,24105,Okanogan School District,0.751225873140665,1015.0,1298.0
5306180,Olympia School District,2022,9017,157084000,196391000,182911000,17420.871686813796,olympia,100182,34111,Olympia School District,0.9124873207586551,12934.0,13739.0
5306220,Omak School District,2022,6690,83590000,97900000,129151000,12494.768310911808,omak,100183,24019,Omak School District,0.8190523620568964,1134.0,1354.0
5306240,Onalaska School District,2022,846,12089000,12839000,13762000,14289.598108747045,onalaska,100184,21300,Onalaska School District,0.83397044614946,138.0,162.0
5306300,Orcas Island School District,2022,742,12373000,15073000,13882000,16675.20215633423,orcas island,100186,28137,Orcas Island School District,0.8049999999999999,9.0,12.0
5306330,Orchard Prairie School District,2022,72,1264000,1505000,1299000,17555.555555555555,orchard prairie,100187,32123,Orchard Prairie School District,,0.0,0.0
5306420,Oroville School District,2022,531,9993000,11131000,11523000,18819.209039548023,oroville,100190,24410,Oroville School District,0.8325005489041863,181.0,218.0
5306450,Orting School District,2022,2658,41439000,42611000,50785000,15590.293453724606,orting,100191,27344,Orting School District,0.9197812119903941,2677.0,2851.0
5306480,Othello School District,2022,4707,71214000,77057000,75755000,15129.38177182919,othello,100192,1147,Othello School District,0.8486090022034677,6964.0,7863.0
5306540,Palouse School District,2022,171,3353000,3782000,3790000,19608.187134502925,palouse,100194,38301,Palouse School District,0.7871428571428571,0.0,0.0
5306570,Pasco School District,2022,18538,296687000,323245000,328548000,16004.261516884239,pasco,100195,11001,Pasco School District,0.82074555283186,30815.0,37037.0
5306600,Pateros School District,2022,271,5934000,6501000,6546000,21896.678966789666,pateros,100196,24122,Pateros School District,0.13,3.0,15.0
5306660,Pe Ell School District,2022,274,5150000,6274000,5691000,18795.620437956204,pe ell,100198,21301,Pe Ell School District,,0.0,0.0
5306690,Peninsula School District,2022,8769,149297000,181146000,215588000,17025.544531873646,peninsula,100199,27401,Peninsula School District,0.889239395928713,14884.0,16213.0
5306780,Pomeroy School District,2022,364,5986000,7352000,6249000,16445.054945054944,pomeroy,100201,12110,Pomeroy School District,,0.0,0.0
5306820,Port Angeles School District,2022,3506,59527000,71946000,62005000,16978.608100399317,port angeles,100202,5121,Port Angeles School District,0.8247637141955287,4430.0,5205.0
5306840,Port Townsend School District,2022,1169,20997000,26442000,26804000,17961.505560307956,port townsend,100203,16050,Port Townsend School District,0.8632915483211587,1314.0,1521.0
5306870,Prescott School District,2022,241,6193000,5864000,7113000,25697.09543568465,prescott,100204,36402,Prescott School District,0.7322222222222222,12.0,16.0
5306900,Prosser School District,2022,2493,40860000,64784000,62343000,16389.891696750903,prosser,100205,3116,Prosser School District,0.8764049674243282,4073.0,4520.0
5306930,Pullman School District,2022,2654,40068000,49294000,48831000,15097.21175584024,pullman,100206,38267,Pullman School District,0.9227612738698817,2752.0,2906.0
5306960,Puyallup School District,2022,22534,352488000,412155000,416408000,15642.495784148397,puyallup,100207,27003,Puyallup School District,0.8745266105175954,32262.0,35686.0
5306990,Quilcene School District,2022,444,9670000,10579000,12481000,21779.27927927928,quilcene,100209,16048,Quilcene School District,0.8714285714285713,0.0,0.0
5307020,Quillayute Valley School District,2022,2696,44082000,48759000,71438000,16350.890207715134,quillayute valley,100210,5402,Quillayute Valley School District,0.7909746654671436,898.0,1137.0
5307050,Lake Quinault School District,2022,172,3499000,6332000,5710000,20343.023255813954,lake quinault,100211,14097,Lake Quinault School District,0.7514285714285714,0.0,0.0
5307080,Quincy School District,2022,3126,53011000,62505000,59657000,16958.093410108766,quincy,100212,13144,Quincy School District,0.8512435183777934,4305.0,4833.0
5307110,Rainier School District,2022,918,13340000,14467000,14741000,14531.590413943355,rainier,100213,34307,Rainier School District,0.9130363658366969,200.0,225.0
5307140,Raymond School District,2022,520,9976000,10265000,10517000,19184.615384615383,raymond,100214,25116,Raymond School District,0.8442353670929551,264.0,320.0
5307210,Reardan-Edwall School District,2022,684,10656000,12048000,12181000,15578.947368421053,reardan edwall,100215,22009,Reardan-Edwall School District,0.9032575757575728,54.0,62.0
5307230,Renton School District,2022,14714,270060000,343315000,356012000,18353.94862036156,renton,100216,17403,Renton School District,0.8418145212615951,19119.0,22323.0
5307260,Republic School District,2022,355,6382000,6938000,7040000,17977.464788732395,republic,100217,10309,Republic School District,0.8286363636363636,17.0,20.0
5307320,Richland School District,2022,13831,204612000,240267000,261863000,14793.724242643337,richland,100218,3400,Richland School District,0.8759656450264843,21118.0,23100.0
5307350,Ridgefield School District,2022,3846,47835000,70030000,60360000,12437.597503900157,ridgefield,100219,6122,Ridgefield School District,0.9025896941794539,3428.0,3701.0
5307380,Ritzville School District,2022,362,5960000,7494000,6862000,16464.088397790056,ritzville,100220,1160,Ritzville School District,0.7661217948717812,107.0,152.0
5307440,Riverside School District,2022,1537,21747000,23441000,24018000,14148.991541964866,riverside,100221,32416,Riverside School District,0.9102513034661842,1435.0,1568.0
5307470,Rochester School District,2022,2091,36071000,34235000,38344000,17250.59780009565,rochester,100223,34401,Rochester School District,0.8412320335300629,2506.0,2868.0
5307560,Rosalia School District,2022,180,4164000,4462000,4448000,23133.333333333332,rosalia,100225,38320,Rosalia School District,,0.0,0.0
5307620,Royal School District,2022,1792,27730000,39402000,39959000,15474.330357142857,royal,100226,13160,Royal School District,0.8635125756758404,2689.0,3005.0
5307650,San Juan Island School District,2022,769,13665000,14887000,14740000,17769.830949284784,san juan island,100227,28149,San Juan Island School District,0.893504325631823,409.0,446.0
5307710,Seattle School District No. 1,2022,51443,1050991000,1360052000,1333744000,20430.204303792547,seattle,100229,17001,Seattle School District No. 1,0.8590450998131185,96416.0,103285.0
5307740,Sedro-Woolley School District,2022,4437,77330000,83187000,85169000,17428.442641424386,sedro woolley,100230,29101,Sedro-Woolley School District,0.7672093702525586,5917.0,7658.0
5307770,Selah School District,2022,3748,56454000,74343000,71316000,15062.433297758806,selah,100231,39119,Selah School District,0.8980661633412717,5670.0,6238.0
5307800,Selkirk School District,2022,241,5196000,6372000,5515000,21560.165975103733,selkirk,100232,26070,Selkirk School District,,0.0,0.0
5307830,Sequim School District,2022,2587,44681000,48242000,48108000,17271.356783919597,sequim,100233,5323,Sequim School District,0.7990870211490967,3086.0,3745.0
5307900,Shelton School District,2022,4408,71623000,80728000,79644000,16248.411978221415,shelton,100235,23309,Shelton School District,0.8285283609242468,7332.0,8534.0
5307920,Shoreline School District,2022,9487,159933000,199295000,190866000,16858.12164013914,shoreline,100236,17412,Shoreline School District,0.8960716435264253,15390.0,16743.0
5307980,Skykomish School District,2022,41,2504000,2833000,2760000,61073.170731707316,skykomish,100238,17404,Skykomish School District,,0.0,0.0
5308020,Snohomish School District,2022,9332,150585000,188769000,173480000,16136.41234462066,snohomish,100239,31201,Snohomish School District,0.8918475484744648,16302.0,17603.0
5308040,Snoqualmie Valley School District,2022,7181,113564000,139340000,135448000,15814.510513856008,snoqualmie valley,100240,17410,Snoqualmie Valley School District,0.9418877934876,7564.0,7859.0
5308070,Soap Lake School District,2022,562,9947000,11006000,12107000,17699.28825622776,soap lake,100241,13156,Soap Lake School District,0.8040925806028386,302.0,370.0
5308100,South Bend School District,2022,565,11180000,14361000,16066000,19787.610619469026,south bend,100242,25118,South Bend School District,0.8930899034934154,116.0,131.0
5308130,Tukwila School District,2022,2523,55786000,65934000,65865000,22110.97899326199,tukwila,100243,17406,Tukwila School District,0.8530209427109681,3616.0,4159.0
5308160,South Kitsap School District,2022,9775,171320000,180046000,194785000,17526.342710997444,south kitsap,100244,18402,South Kitsap School District,0.8420947200650378,12607.0,14521.0
5308190,South Whidbey School District,2022,1203,21622000,24883000,25017000,17973.39983374896,south whidbey,100245,15206,South Whidbey School District,0.9435401881780577,1035.0,1088.0
5308250,Spokane School District,2022,28311,489935000,584547000,693250000,17305.46430715976,spokane,100247,32081,Spokane School District,0.8925320081394704,41375.0,43251.0
5308280,Sprague School District,2022,72,2461000,2636000,2609000,34180.555555555555,sprague,100248,22008,Sprague School District,,0.0,0.0
5308310,St. John School District,2022,138,3609000,5418000,5319000,26152.17391304348,st john,100249,38322,St. John School District,0.725,0.0,0.0
5308340,Stanwood-Camano School District,2022,4642,80617000,94208000,93985000,17366.867729426973,stanwood camano,100250,31401,Stanwood-Camano School District,0.8770118044248292,6309.0,6968.0
5308460,Steilacoom Hist. School District,2022,3177,52758000,60198000,65314000,16606.232294617563,steilacoom hist,100254,27001,Steilacoom Hist. School District,0.9505135942950805,3840.0,4021.0
5308520,Stevenson-Carson School District,2022,803,15216000,16434000,17808000,18948.941469489415,stevenson carson,100256,30303,Stevenson-Carson School District,0.77789577193146,459.0,558.0
5308550,Sultan School District,2022,1927,32925000,36313000,37403000,17086.144265697974,sultan,100257,31311,Sultan School District,0.8415638467178258,1643.0,1936.0
5308670,Sunnyside School District,2022,6500,111492000,114568000,119468000,17152.615384615383,sunnyside,100260,39201,Sunnyside School District,0.8745266002606065,10135.0,11540.0
5308700,Tacoma School District,2022,28676,503994000,596663000,665003000,17575.46380248291,tacoma,100261,27010,Tacoma School District,0.8935986545960093,37896.0,41676.0
5308730,Taholah School District,2022,158,5539000,5657000,6018000,35056.962025316454,taholah,100262,14077,Taholah School District,0.719375,0.0,0.0
5308760,Tahoma School District,2022,8887,139818000,159518000,172643000,15732.86823449983,tahoma,100263,17409,Tahoma School District,0.9113774645176955,10885.0,11554.0
5308790,Tekoa School District,2022,214,4139000,4729000,4928000,19341.1214953271,tekoa,100264,38265,Tekoa School District,,0.0,0.0
5308820,Tenino School District,2022,1255,19795000,21816000,21404000,15772.908366533864,tenino,100265,34402,Tenino School District,0.8867032854265773,1048.0,1167.0
5308850,Thorp School District,2022,226,4902000,5451000,5764000,21690.265486725664,thorp,100266,19400,Thorp School District,,0.0,0.0
5308910,Toledo School District,2022,814,13205000,21306000,20923000,16222.358722358722,toledo,100267,21237,Toledo School District,0.9063457898518064,483.0,532.0
5308940,Tonasket School District,2022,1173,19030000,20561000,22736000,16223.358908780903,tonasket,100268,24404,Tonasket School District,0.9096387682795517,926.0,996.0
5308970,Toppenish School District,2022,4276,73243000,81408000,83143000,17128.85874649205,toppenish,100269,39202,Toppenish School District,0.8560230598666954,5611.0,6387.0
5309000,Touchet School District,2022,203,4535000,5009000,4855000,22339.90147783251,touchet,100270,36300,Touchet School District,,0.0,0.0
5309030,Toutle Lake School District,2022,696,9904000,11630000,11995000,14229.885057471265,toutle lake,100271,8130,Toutle Lake School District,0.9005494505494462,18.0,21.0
5309060,Trout Lake School District,2022,192,3776000,3972000,4284000,19666.666666666668,trout lake,100272,20400,Trout Lake School District,,0.0,0.0
5309100,Tumwater School District,2022,6425,99574000,121994000,116268000,15497.898832684825,tumwater,100273,34033,Tumwater School District,0.913898976262603,10576.0,11223.0
5309180,University Place School District,2022,5613,87531000,98184000,98082000,15594.334580438268,university place,100275,27083,University Place School District,0.9371386064701559,7664.0,7964.0
5309270,Vancouver School District,2022,21617,369361000,434258000,486539000,17086.598510431606,vancouver,100278,6037,Vancouver School District,0.865359428592247,33512.0,37634.0
5309300,Vashon Island School District,2022,1519,25783000,30578000,28803000,16973.666886109284,vashon island,100279,17402,Vashon Island School District,0.9158867460845934,1760.0,1911.0
5309330,Wahkiakum School District,2022,457,7856000,7922000,9183000,17190.371991247266,wahkiakum,100280,35200,Wahkiakum School District,0.913,0.0,0.0
5309360,Wahluke School District,2022,2557,44053000,45816000,48550000,17228.392647633947,wahluke,100281,13073,Wahluke School District,0.8766859289439035,2300.0,2610.0
5309390,Waitsburg School District,2022,290,4673000,5203000,4925000,16113.793103448275,waitsburg,100282,36401,Waitsburg School District,,0.0,0.0
5309450,Walla Walla Public Schools,2022,5568,92980000,148479000,145004000,16698.994252873563,walla walla,100283,36140,Walla Walla Public Schools,0.9552879639516905,7053.0,7293.0
5309480,Wapato School District,2022,3231,58905000,62063000,61503000,18231.197771587744,wapato,100284,39207,Wapato School District,0.8311506263536206,3640.0,4252.0
5309510,Warden School District,2022,921,14683000,16320000,16607000,15942.453854505971,warden,100285,13146,Warden School District,0.8282858361323688,603.0,693.0
5309540,Washougal School District,2022,2978,50723000,59411000,56705000,17032.572196104767,washougal,100286,6112,Washougal School District,0.8940548889785702,4096.0,4453.0
5309570,Washtucna School District,2022,91,2534000,2692000,2841000,27846.153846153848,washtucna,100287,1109,Washtucna School District,,0.0,0.0
5309600,Waterville School District,2022,239,5411000,6043000,6456000,22640.167364016736,waterville,100288,9209,Waterville School District,,0.0,0.0
5309630,Wellpinit School District #49,2022,389,12433000,12240000,13289000,31961.439588688947,wellpinit,100289,33049,Wellpinit School District #49,,0.0,0.0
5309660,Wenatchee School District,2022,7397,122876000,134398000,132919000,16611.5992970123,wenatchee,100290,4246,Wenatchee School District,0.8856538719541515,12973.0,14521.0
5309690,West Valley School District (Spokane),2022,3444,50980000,59580000,60903000,14802.555168408828,west valley spokane,100291,32363,West Valley School District (Spokane),0.9712476715974799,1228.0,1266.0
5309720,West Valley School District (Yakima),2022,5373,78826000,88884000,90117000,14670.761213474781,west valley yakima,100292,39208,West Valley School District (Yakima),0.8577644329319524,5850.0,6543.0
5309750,White Pass School District,2022,333,7034000,8453000,8009000,21123.12312312312,white pass,100293,21303,White Pass School District,0.7499940938115098,130.0,177.0
5309780,White River School District,2022,4331,60366000,74964000,71633000,13938.120526437313,white river,100294,27416,White River School District,0.9460748142521587,4172.0,4350.0
5309810,White Salmon Valley School District,2022,1120,18263000,19482000,21296000,16306.25,white salmon valley,100295,20405,White Salmon Valley School District,0.8848408030711117,1030.0,1142.0
5309840,Wilbur School District,2022,219,4280000,4291000,4463000,19543.37899543379,wilbur,100296,22200,Wilbur School District,0.81875,0.0,0.0
5309870,Willapa Valley School District,2022,354,7063000,8024000,7786000,19951.977401129945,willapa valley,100297,25160,Willapa Valley School District,0.9175,0.0,0.0
5309900,Wilson Creek School District,2022,116,3271000,3469000,3537000,28198.275862068964,wilson creek,100298,13167,Wilson Creek School District,,0.0,0.0
5309930,Winlock School District,2022,777,12970000,13820000,14252000,16692.406692406694,winlock,100299,21232,Winlock School District,0.8958167726271056,129.0,143.0
5309990,Wishkah Valley School District,2022,155,3954000,4750000,4614000,25509.677419354837,wishkah valley,100300,14117,Wishkah Valley School District,0.7324999999999999,0.0,0.0
5310020,Wishram School District,2022,57,2325000,2655000,2842000,40789.47368421053,wishram,100301,20094,Wishram School District,,0.0,0.0
5310050,Woodland School District,2022,2363,41828000,48790000,47733000,17701.227253491325,woodland,100302,8404,Woodland School District,0.8283247776855229,3127.0,3653.0
5310110,Yakima School District,2022,15997,269993000,285212000,294606000,16877.727073826343,yakima,100303,39007,Yakima School District,0.7965330303561617,22830.0,27435.0
5310140,Yelm School District,2022,5431,89272000,108470000,131590000,16437.488491990425,yelm,100304,34002,Yelm School District,0.8478389101892693,5514.0,6421.0
5310170,Zillah School District,2022,1264,18446000,20917000,20475000,14593.354430379746,zillah,100305,39205,Zillah School District,0.9375657284079487,1030.0,1100.0
